forcing_type,pressure_hpa,rain_rate_mm_h,relative_humidity_pct,solar_radiation_w_m2,source,temperature_c,timestamp,wind_direction_deg,wind_speed_m_s
SIMULATION_FORCING,1013.0,0.0,70.517,0.0,SYNTHETIC,4.869,2026-01-01T00:00:00+00:00,180.0,1.734
SIMULATION_FORCING,1013.0,0.0,70.956,0.0,SYNTHETIC,4.37,2026-01-01T01:00:00+00:00,180.0,1.864
SIMULATION_FORCING,1013.0,0.0,71.111,0.0,SYNTHETIC,4.199,2026-01-01T02:00:00+00:00,180.0,1.984
SIMULATION_FORCING,1013.0,0.0,70.376,0.0,SYNTHETIC,4.37,2026-01-01T03:00:00+00:00,180.0,1.608
SIMULATION_FORCING,1013.0,0.0,70.28,0.0,SYNTHETIC,4.869,2026-01-01T04:00:00+00:00,180.0,2.105
SIMULATION_FORCING,1013.0,0.0,72.978,0.0,SYNTHETIC,5.664,2026-01-01T05:00:00+00:00,180.0,1.799
SIMULATION_FORCING,1013.0,0.0,72.772,0.0,SYNTHETIC,6.699,2026-01-01T06:00:00+00:00,180.0,2.398
SIMULATION_FORCING,1013.0,0.0,65.369,219.996,SYNTHETIC,7.905,2026-01-01T07:00:00+00:00,180.0,1.556
SIMULATION_FORCING,1013.0,0.0,61.92,425.0,SYNTHETIC,9.199,2026-01-01T08:00:00+00:00,180.0,1.565
SIMULATION_FORCING,1013.0,0.0,59.308,601.041,SYNTHETIC,10.493,2026-01-01T09:00:00+00:00,180.0,2.172
SIMULATION_FORCING,1013.0,0.0,55.081,736.122,SYNTHETIC,11.699,2026-01-01T10:00:00+00:00,180.0,2.313
SIMULATION_FORCING,1013.0,0.0,56.511,821.037,SYNTHETIC,12.735,2026-01-01T11:00:00+00:00,180.0,2.169
SIMULATION_FORCING,1013.0,0.0,55.646,850.0,SYNTHETIC,13.529,2026-01-01T12:00:00+00:00,180.0,2.476
SIMULATION_FORCING,1013.0,0.0,56.153,821.037,SYNTHETIC,14.029,2026-01-01T13:00:00+00:00,180.0,2.175
SIMULATION_FORCING,1013.0,0.0,58.357,736.122,SYNTHETIC,14.199,2026-01-01T14:00:00+00:00,180.0,2.185
SIMULATION_FORCING,1013.0,0.0,58.403,601.041,SYNTHETIC,14.029,2026-01-01T15:00:00+00:00,180.0,1.744
SIMULATION_FORCING,1013.0,0.0,62.973,425.0,SYNTHETIC,13.529,2026-01-01T16:00:00+00:00,180.0,2.339
SIMULATION_FORCING,1013.0,0.0,68.86,219.996,SYNTHETIC,12.735,2026-01-01T17:00:00+00:00,180.0,1.997
SIMULATION_FORCING,1013.0,0.0,72.946,0.0,SYNTHETIC,11.699,2026-01-01T18:00:00+00:00,180.0,1.803
SIMULATION_FORCING,1013.0,0.0,72.607,0.0,SYNTHETIC,10.493,2026-01-01T19:00:00+00:00,180.0,2.22
SIMULATION_FORCING,1013.0,0.0,70.144,0.0,SYNTHETIC,9.199,2026-01-01T20:00:00+00:00,180.0,2.287
SIMULATION_FORCING,1013.0,0.0,72.37,0.0,SYNTHETIC,7.905,2026-01-01T21:00:00+00:00,180.0,2.031
SIMULATION_FORCING,1013.0,0.0,73.476,0.0,SYNTHETIC,6.699,2026-01-01T22:00:00+00:00,180.0,1.579
SIMULATION_FORCING,1013.0,0.0,70.644,0.0,SYNTHETIC,5.664,2026-01-01T23:00:00+00:00,180.0,2.073
SIMULATION_FORCING,1013.0,0.0,72.499,0.0,SYNTHETIC,4.903,2026-01-02T00:00:00+00:00,180.0,1.735
SIMULATION_FORCING,1013.0,0.0,73.913,0.0,SYNTHETIC,4.403,2026-01-02T01:00:00+00:00,180.0,1.844
SIMULATION_FORCING,1013.0,0.0,70.296,0.0,SYNTHETIC,4.233,2026-01-02T02:00:00+00:00,180.0,2.068
SIMULATION_FORCING,1013.0,0.0,73.927,0.0,SYNTHETIC,4.403,2026-01-02T03:00:00+00:00,180.0,1.906
SIMULATION_FORCING,1013.0,0.0,71.559,0.0,SYNTHETIC,4.903,2026-01-02T04:00:00+00:00,180.0,2.089
SIMULATION_FORCING,1013.0,0.0,72.3,0.0,SYNTHETIC,5.698,2026-01-02T05:00:00+00:00,180.0,2.475
SIMULATION_FORCING,1013.0,0.0,70.665,0.0,SYNTHETIC,6.733,2026-01-02T06:00:00+00:00,180.0,2.456
SIMULATION_FORCING,1013.0,0.0,65.872,219.996,SYNTHETIC,7.939,2026-01-02T07:00:00+00:00,180.0,2.386
SIMULATION_FORCING,1013.0,0.0,63.522,425.0,SYNTHETIC,9.233,2026-01-02T08:00:00+00:00,180.0,2.13
SIMULATION_FORCING,1013.0,0.0,59.721,601.041,SYNTHETIC,10.527,2026-01-02T09:00:00+00:00,180.0,2.185
SIMULATION_FORCING,1013.0,0.0,55.061,736.122,SYNTHETIC,11.733,2026-01-02T10:00:00+00:00,180.0,1.81
SIMULATION_FORCING,1013.0,0.0,55.73,821.037,SYNTHETIC,12.769,2026-01-02T11:00:00+00:00,180.0,2.45
SIMULATION_FORCING,1013.0,0.0,53.477,850.0,SYNTHETIC,13.563,2026-01-02T12:00:00+00:00,180.0,1.729
SIMULATION_FORCING,1013.0,0.0,55.157,821.037,SYNTHETIC,14.063,2026-01-02T13:00:00+00:00,180.0,1.671
SIMULATION_FORCING,1013.0,0.0,54.984,736.122,SYNTHETIC,14.233,2026-01-02T14:00:00+00:00,180.0,2.065
SIMULATION_FORCING,1013.0,0.0,58.814,601.041,SYNTHETIC,14.063,2026-01-02T15:00:00+00:00,180.0,1.596
SIMULATION_FORCING,1013.0,0.0,62.887,425.0,SYNTHETIC,13.563,2026-01-02T16:00:00+00:00,180.0,2.002
SIMULATION_FORCING,1013.0,0.0,67.616,219.996,SYNTHETIC,12.769,2026-01-02T17:00:00+00:00,180.0,1.746
SIMULATION_FORCING,1013.0,0.0,71.892,0.0,SYNTHETIC,11.733,2026-01-02T18:00:00+00:00,180.0,2.258
SIMULATION_FORCING,1013.0,0.0,72.891,0.0,SYNTHETIC,10.527,2026-01-02T19:00:00+00:00,180.0,1.649
SIMULATION_FORCING,1013.0,0.0,72.896,0.0,SYNTHETIC,9.233,2026-01-02T20:00:00+00:00,180.0,1.836
SIMULATION_FORCING,1013.0,0.0,70.36,0.0,SYNTHETIC,7.939,2026-01-02T21:00:00+00:00,180.0,2.139
SIMULATION_FORCING,1013.0,0.0,71.002,0.0,SYNTHETIC,6.733,2026-01-02T22:00:00+00:00,180.0,2.213
SIMULATION_FORCING,1013.0,0.0,71.662,0.0,SYNTHETIC,5.698,2026-01-02T23:00:00+00:00,180.0,1.733
SIMULATION_FORCING,1013.0,0.0,70.99,0.0,SYNTHETIC,4.939,2026-01-03T00:00:00+00:00,180.0,2.202
SIMULATION_FORCING,1013.0,0.0,72.969,0.0,SYNTHETIC,4.44,2026-01-03T01:00:00+00:00,180.0,2.035
SIMULATION_FORCING,1013.0,0.0,70.463,0.0,SYNTHETIC,4.269,2026-01-03T02:00:00+00:00,180.0,1.9
SIMULATION_FORCING,1013.0,0.0,71.506,0.0,SYNTHETIC,4.44,2026-01-03T03:00:00+00:00,180.0,1.867
SIMULATION_FORCING,1013.0,0.0,72.294,0.0,SYNTHETIC,4.939,2026-01-03T04:00:00+00:00,180.0,2.374
SIMULATION_FORCING,1013.0,0.0,72.392,0.0,SYNTHETIC,5.734,2026-01-03T05:00:00+00:00,180.0,1.535
SIMULATION_FORCING,1013.0,0.0,72.335,0.0,SYNTHETIC,6.769,2026-01-03T06:00:00+00:00,180.0,1.98
SIMULATION_FORCING,1013.0,0.0,68.681,219.996,SYNTHETIC,7.975,2026-01-03T07:00:00+00:00,180.0,1.957
SIMULATION_FORCING,1013.0,0.0,64.892,425.0,SYNTHETIC,9.269,2026-01-03T08:00:00+00:00,180.0,1.612
SIMULATION_FORCING,1013.0,0.0,59.868,601.041,SYNTHETIC,10.564,2026-01-03T09:00:00+00:00,180.0,1.86
SIMULATION_FORCING,1013.0,0.0,56.659,736.122,SYNTHETIC,11.769,2026-01-03T10:00:00+00:00,180.0,2.059
SIMULATION_FORCING,1013.0,0.0,54.717,821.037,SYNTHETIC,12.805,2026-01-03T11:00:00+00:00,180.0,1.712
SIMULATION_FORCING,1013.0,0.0,55.391,850.0,SYNTHETIC,13.6,2026-01-03T12:00:00+00:00,180.0,2.442
SIMULATION_FORCING,1013.0,0.0,55.87,821.037,SYNTHETIC,14.099,2026-01-03T13:00:00+00:00,180.0,1.713
SIMULATION_FORCING,1013.0,0.0,55.311,736.122,SYNTHETIC,14.269,2026-01-03T14:00:00+00:00,180.0,2.217
SIMULATION_FORCING,1013.0,0.0,60.202,601.041,SYNTHETIC,14.099,2026-01-03T15:00:00+00:00,180.0,2.228
SIMULATION_FORCING,1013.0,0.0,62.649,425.0,SYNTHETIC,13.6,2026-01-03T16:00:00+00:00,180.0,2.018
SIMULATION_FORCING,1013.0,0.0,68.638,219.996,SYNTHETIC,12.805,2026-01-03T17:00:00+00:00,180.0,2.397
SIMULATION_FORCING,1013.0,0.0,71.935,0.0,SYNTHETIC,11.769,2026-01-03T18:00:00+00:00,180.0,2.149
SIMULATION_FORCING,1013.0,0.0,70.268,0.0,SYNTHETIC,10.564,2026-01-03T19:00:00+00:00,180.0,2.188
SIMULATION_FORCING,1013.0,0.0,71.226,0.0,SYNTHETIC,9.269,2026-01-03T20:00:00+00:00,180.0,2.183
SIMULATION_FORCING,1013.0,0.0,73.682,0.0,SYNTHETIC,7.975,2026-01-03T21:00:00+00:00,180.0,2.219
SIMULATION_FORCING,1013.0,0.0,73.577,0.0,SYNTHETIC,6.769,2026-01-03T22:00:00+00:00,180.0,2.438
SIMULATION_FORCING,1013.0,0.0,72.771,0.0,SYNTHETIC,5.734,2026-01-03T23:00:00+00:00,180.0,1.815
SIMULATION_FORCING,1013.0,0.0,73.083,0.0,SYNTHETIC,4.978,2026-01-04T00:00:00+00:00,180.0,2.493
SIMULATION_FORCING,1013.0,0.0,71.573,0.0,SYNTHETIC,4.479,2026-01-04T01:00:00+00:00,180.0,1.898
SIMULATION_FORCING,1013.0,0.0,72.59,0.0,SYNTHETIC,4.308,2026-01-04T02:00:00+00:00,180.0,1.687
SIMULATION_FORCING,1013.0,0.0,72.694,0.0,SYNTHETIC,4.479,2026-01-04T03:00:00+00:00,180.0,1.546
SIMULATION_FORCING,1013.0,0.0,73.488,0.0,SYNTHETIC,4.978,2026-01-04T04:00:00+00:00,180.0,1.606
SIMULATION_FORCING,1013.0,0.0,73.93,0.0,SYNTHETIC,5.773,2026-01-04T05:00:00+00:00,180.0,1.519
SIMULATION_FORCING,1013.0,0.0,73.28,0.0,SYNTHETIC,6.808,2026-01-04T06:00:00+00:00,180.0,2.438
SIMULATION_FORCING,1013.0,0.0,67.401,219.996,SYNTHETIC,8.014,2026-01-04T07:00:00+00:00,180.0,1.522
SIMULATION_FORCING,1013.0,0.0,63.402,425.0,SYNTHETIC,9.308,2026-01-04T08:00:00+00:00,180.0,2.41
SIMULATION_FORCING,1013.0,0.0,58.121,601.041,SYNTHETIC,10.602,2026-01-04T09:00:00+00:00,180.0,2.412
SIMULATION_FORCING,1013.0,0.0,54.552,736.122,SYNTHETIC,11.808,2026-01-04T10:00:00+00:00,180.0,2.261
SIMULATION_FORCING,1013.0,0.0,53.368,821.037,SYNTHETIC,12.844,2026-01-04T11:00:00+00:00,180.0,2.244
SIMULATION_FORCING,1013.0,0.0,53.801,850.0,SYNTHETIC,13.638,2026-01-04T12:00:00+00:00,180.0,2.036
SIMULATION_FORCING,1013.0,0.0,53.089,821.037,SYNTHETIC,14.138,2026-01-04T13:00:00+00:00,180.0,1.545
SIMULATION_FORCING,1013.0,0.0,57.527,736.122,SYNTHETIC,14.308,2026-01-04T14:00:00+00:00,180.0,2.122
SIMULATION_FORCING,1013.0,0.0,60.035,601.041,SYNTHETIC,14.138,2026-01-04T15:00:00+00:00,180.0,2.277
SIMULATION_FORCING,1013.0,0.0,63.302,425.0,SYNTHETIC,13.638,2026-01-04T16:00:00+00:00,180.0,2.126
SIMULATION_FORCING,1013.0,0.0,68.638,219.996,SYNTHETIC,12.844,2026-01-04T17:00:00+00:00,180.0,2.421
SIMULATION_FORCING,1013.0,0.0,70.524,0.0,SYNTHETIC,11.808,2026-01-04T18:00:00+00:00,180.0,2.36
SIMULATION_FORCING,1013.0,0.0,72.825,0.0,SYNTHETIC,10.602,2026-01-04T19:00:00+00:00,180.0,1.771
SIMULATION_FORCING,1013.0,0.0,73.808,0.0,SYNTHETIC,9.308,2026-01-04T20:00:00+00:00,180.0,2.341
SIMULATION_FORCING,1013.0,0.0,70.813,0.0,SYNTHETIC,8.014,2026-01-04T21:00:00+00:00,180.0,1.742
SIMULATION_FORCING,1013.0,0.0,70.615,0.0,SYNTHETIC,6.808,2026-01-04T22:00:00+00:00,180.0,1.788
SIMULATION_FORCING,1013.0,0.0,73.965,0.0,SYNTHETIC,5.773,2026-01-04T23:00:00+00:00,180.0,2.47
SIMULATION_FORCING,1013.0,0.0,73.9,0.0,SYNTHETIC,5.02,2026-01-05T00:00:00+00:00,180.0,1.953
SIMULATION_FORCING,1013.0,0.0,71.601,0.0,SYNTHETIC,4.52,2026-01-05T01:00:00+00:00,180.0,2.475
SIMULATION_FORCING,1013.0,0.0,70.507,0.0,SYNTHETIC,4.35,2026-01-05T02:00:00+00:00,180.0,1.555
SIMULATION_FORCING,1013.0,0.0,73.326,0.0,SYNTHETIC,4.52,2026-01-05T03:00:00+00:00,180.0,2.286
SIMULATION_FORCING,1013.0,0.0,73.128,0.0,SYNTHETIC,5.02,2026-01-05T04:00:00+00:00,180.0,1.516
SIMULATION_FORCING,1013.0,0.0,72.569,0.0,SYNTHETIC,5.814,2026-01-05T05:00:00+00:00,180.0,2.438
SIMULATION_FORCING,1013.0,0.0,72.552,0.0,SYNTHETIC,6.85,2026-01-05T06:00:00+00:00,180.0,2.079
SIMULATION_FORCING,1013.0,0.0,68.978,219.996,SYNTHETIC,8.056,2026-01-05T07:00:00+00:00,180.0,1.699
SIMULATION_FORCING,1013.0,0.0,61.922,425.0,SYNTHETIC,9.35,2026-01-05T08:00:00+00:00,180.0,2.369
SIMULATION_FORCING,1013.0,0.0,60.356,601.041,SYNTHETIC,10.644,2026-01-05T09:00:00+00:00,180.0,1.883
SIMULATION_FORCING,1013.0,0.0,55.402,736.122,SYNTHETIC,11.85,2026-01-05T10:00:00+00:00,180.0,1.864
SIMULATION_FORCING,1013.0,0.0,54.093,821.037,SYNTHETIC,12.885,2026-01-05T11:00:00+00:00,180.0,2.327
SIMULATION_FORCING,1013.0,0.0,53.119,850.0,SYNTHETIC,13.68,2026-01-05T12:00:00+00:00,180.0,1.932
SIMULATION_FORCING,1013.0,0.0,54.742,821.037,SYNTHETIC,14.179,2026-01-05T13:00:00+00:00,180.0,2.422
SIMULATION_FORCING,1013.0,0.0,57.884,736.122,SYNTHETIC,14.35,2026-01-05T14:00:00+00:00,180.0,1.716
SIMULATION_FORCING,1013.0,0.0,59.869,601.041,SYNTHETIC,14.179,2026-01-05T15:00:00+00:00,180.0,1.854
SIMULATION_FORCING,1013.0,0.0,61.804,425.0,SYNTHETIC,13.68,2026-01-05T16:00:00+00:00,180.0,1.508
SIMULATION_FORCING,1013.0,0.0,68.42,219.996,SYNTHETIC,12.885,2026-01-05T17:00:00+00:00,180.0,1.677
SIMULATION_FORCING,1013.0,0.0,70.957,0.0,SYNTHETIC,11.85,2026-01-05T18:00:00+00:00,180.0,1.967
SIMULATION_FORCING,1013.0,0.0,70.399,0.0,SYNTHETIC,10.644,2026-01-05T19:00:00+00:00,180.0,1.853
SIMULATION_FORCING,1013.0,0.0,73.869,0.0,SYNTHETIC,9.35,2026-01-05T20:00:00+00:00,180.0,2.396
SIMULATION_FORCING,1013.0,0.0,72.233,0.0,SYNTHETIC,8.056,2026-01-05T21:00:00+00:00,180.0,2.212
SIMULATION_FORCING,1013.0,0.0,70.925,0.0,SYNTHETIC,6.85,2026-01-05T22:00:00+00:00,180.0,2.256
SIMULATION_FORCING,1013.0,0.0,72.684,0.0,SYNTHETIC,5.814,2026-01-05T23:00:00+00:00,180.0,2.154
SIMULATION_FORCING,1013.0,0.0,73.105,0.0,SYNTHETIC,5.064,2026-01-06T00:00:00+00:00,180.0,2.154
SIMULATION_FORCING,1013.0,0.0,72.386,0.0,SYNTHETIC,4.564,2026-01-06T01:00:00+00:00,180.0,1.612
SIMULATION_FORCING,1013.0,0.0,70.496,0.0,SYNTHETIC,4.394,2026-01-06T02:00:00+00:00,180.0,1.759
SIMULATION_FORCING,1013.0,0.0,71.577,0.0,SYNTHETIC,4.564,2026-01-06T03:00:00+00:00,180.0,2.43
SIMULATION_FORCING,1013.0,0.0,73.784,0.0,SYNTHETIC,5.064,2026-01-06T04:00:00+00:00,180.0,2.456
SIMULATION_FORCING,1013.0,0.0,71.294,0.0,SYNTHETIC,5.858,2026-01-06T05:00:00+00:00,180.0,1.526
SIMULATION_FORCING,1013.0,0.0,73.55,0.0,SYNTHETIC,6.894,2026-01-06T06:00:00+00:00,180.0,2.323
SIMULATION_FORCING,1013.0,0.0,65.966,219.996,SYNTHETIC,8.1,2026-01-06T07:00:00+00:00,180.0,2.096
SIMULATION_FORCING,1013.0,0.0,64.744,425.0,SYNTHETIC,9.394,2026-01-06T08:00:00+00:00,180.0,2.381
SIMULATION_FORCING,1013.0,0.0,57.675,601.041,SYNTHETIC,10.688,2026-01-06T09:00:00+00:00,180.0,1.778
SIMULATION_FORCING,1013.0,0.0,55.988,736.122,SYNTHETIC,11.894,2026-01-06T10:00:00+00:00,180.0,1.814
SIMULATION_FORCING,1013.0,0.0,54.145,821.037,SYNTHETIC,12.929,2026-01-06T11:00:00+00:00,180.0,1.677
SIMULATION_FORCING,1013.0,0.0,53.145,850.0,SYNTHETIC,13.724,2026-01-06T12:00:00+00:00,180.0,1.961
SIMULATION_FORCING,1013.0,0.0,55.943,821.037,SYNTHETIC,14.224,2026-01-06T13:00:00+00:00,180.0,1.767
SIMULATION_FORCING,1013.0,0.0,58.097,736.122,SYNTHETIC,14.394,2026-01-06T14:00:00+00:00,180.0,1.591
SIMULATION_FORCING,1013.0,0.0,58.09,601.041,SYNTHETIC,14.224,2026-01-06T15:00:00+00:00,180.0,1.604
SIMULATION_FORCING,1013.0,0.0,63.964,425.0,SYNTHETIC,13.724,2026-01-06T16:00:00+00:00,180.0,2.381
SIMULATION_FORCING,1013.0,0.0,68.373,219.996,SYNTHETIC,12.929,2026-01-06T17:00:00+00:00,180.0,1.714
SIMULATION_FORCING,1013.0,0.0,70.833,0.0,SYNTHETIC,11.894,2026-01-06T18:00:00+00:00,180.0,1.724
SIMULATION_FORCING,1013.0,0.0,72.472,0.0,SYNTHETIC,10.688,2026-01-06T19:00:00+00:00,180.0,1.658
SIMULATION_FORCING,1013.0,0.0,73.56,0.0,SYNTHETIC,9.394,2026-01-06T20:00:00+00:00,180.0,2.483
SIMULATION_FORCING,1013.0,0.0,71.856,0.0,SYNTHETIC,8.1,2026-01-06T21:00:00+00:00,180.0,2.011
SIMULATION_FORCING,1013.0,0.0,73.493,0.0,SYNTHETIC,6.894,2026-01-06T22:00:00+00:00,180.0,2.338
SIMULATION_FORCING,1013.0,0.0,73.358,0.0,SYNTHETIC,5.858,2026-01-06T23:00:00+00:00,180.0,2.305
SIMULATION_FORCING,1013.0,0.0,71.837,0.0,SYNTHETIC,5.11,2026-01-07T00:00:00+00:00,180.0,1.666
SIMULATION_FORCING,1013.0,0.0,71.196,0.0,SYNTHETIC,4.611,2026-01-07T01:00:00+00:00,180.0,1.706
SIMULATION_FORCING,1013.0,0.0,70.68,0.0,SYNTHETIC,4.44,2026-01-07T02:00:00+00:00,180.0,1.58
SIMULATION_FORCING,1013.0,0.0,72.965,0.0,SYNTHETIC,4.611,2026-01-07T03:00:00+00:00,180.0,1.929
SIMULATION_FORCING,1013.0,0.0,71.219,0.0,SYNTHETIC,5.11,2026-01-07T04:00:00+00:00,180.0,2.194
SIMULATION_FORCING,1013.0,0.0,71.993,0.0,SYNTHETIC,5.905,2026-01-07T05:00:00+00:00,180.0,2.287
SIMULATION_FORCING,1013.0,0.0,72.499,0.0,SYNTHETIC,6.94,2026-01-07T06:00:00+00:00,180.0,2.426
SIMULATION_FORCING,1013.0,0.0,67.74,219.996,SYNTHETIC,8.146,2026-01-07T07:00:00+00:00,180.0,2.061
SIMULATION_FORCING,1013.0,0.0,62.97,425.0,SYNTHETIC,9.44,2026-01-07T08:00:00+00:00,180.0,1.982
SIMULATION_FORCING,1013.0,0.0,59.151,601.041,SYNTHETIC,10.735,2026-01-07T09:00:00+00:00,180.0,1.906
SIMULATION_FORCING,1013.0,0.0,55.471,736.122,SYNTHETIC,11.94,2026-01-07T10:00:00+00:00,180.0,2.287
SIMULATION_FORCING,1013.0,0.0,53.568,821.037,SYNTHETIC,12.976,2026-01-07T11:00:00+00:00,180.0,1.739
SIMULATION_FORCING,1013.0,0.0,52.767,850.0,SYNTHETIC,13.771,2026-01-07T12:00:00+00:00,180.0,1.601
SIMULATION_FORCING,1013.0,0.0,54.928,821.037,SYNTHETIC,14.27,2026-01-07T13:00:00+00:00,180.0,1.819
SIMULATION_FORCING,1013.0,0.0,57.6,736.122,SYNTHETIC,14.44,2026-01-07T14:00:00+00:00,180.0,2.009
SIMULATION_FORCING,1013.0,0.0,58.314,601.041,SYNTHETIC,14.27,2026-01-07T15:00:00+00:00,180.0,2.012
SIMULATION_FORCING,1013.0,0.0,64.653,425.0,SYNTHETIC,13.771,2026-01-07T16:00:00+00:00,180.0,2.056
SIMULATION_FORCING,1013.0,0.0,68.453,219.996,SYNTHETIC,12.976,2026-01-07T17:00:00+00:00,180.0,2.282
SIMULATION_FORCING,1013.0,0.0,72.403,0.0,SYNTHETIC,11.94,2026-01-07T18:00:00+00:00,180.0,1.674
SIMULATION_FORCING,1013.0,0.0,72.017,0.0,SYNTHETIC,10.735,2026-01-07T19:00:00+00:00,180.0,1.949
SIMULATION_FORCING,1013.0,0.0,73.343,0.0,SYNTHETIC,9.44,2026-01-07T20:00:00+00:00,180.0,1.717
SIMULATION_FORCING,1013.0,0.0,72.664,0.0,SYNTHETIC,8.146,2026-01-07T21:00:00+00:00,180.0,1.64
SIMULATION_FORCING,1013.0,0.0,72.788,0.0,SYNTHETIC,6.94,2026-01-07T22:00:00+00:00,180.0,2.282
SIMULATION_FORCING,1013.0,0.0,71.905,0.0,SYNTHETIC,5.905,2026-01-07T23:00:00+00:00,180.0,2.029
SIMULATION_FORCING,1013.0,0.0,73.565,0.0,SYNTHETIC,5.16,2026-01-08T00:00:00+00:00,180.0,2.266
SIMULATION_FORCING,1013.0,0.0,73.537,0.0,SYNTHETIC,4.66,2026-01-08T01:00:00+00:00,180.0,1.916
SIMULATION_FORCING,1013.0,0.0,70.227,0.0,SYNTHETIC,4.49,2026-01-08T02:00:00+00:00,180.0,1.904
SIMULATION_FORCING,1013.0,0.0,73.234,0.0,SYNTHETIC,4.66,2026-01-08T03:00:00+00:00,180.0,2.131
SIMULATION_FORCING,1013.0,0.0,73.936,0.0,SYNTHETIC,5.16,2026-01-08T04:00:00+00:00,180.0,1.569
SIMULATION_FORCING,1013.0,0.0,70.025,0.0,SYNTHETIC,5.954,2026-01-08T05:00:00+00:00,180.0,2.22
SIMULATION_FORCING,1013.0,0.0,72.062,0.0,SYNTHETIC,6.99,2026-01-08T06:00:00+00:00,180.0,2.261
SIMULATION_FORCING,1013.0,0.0,69.076,219.996,SYNTHETIC,8.196,2026-01-08T07:00:00+00:00,180.0,1.79
SIMULATION_FORCING,1013.0,0.0,64.733,425.0,SYNTHETIC,9.49,2026-01-08T08:00:00+00:00,180.0,2.163
SIMULATION_FORCING,1013.0,0.0,60.533,601.041,SYNTHETIC,10.784,2026-01-08T09:00:00+00:00,180.0,2.001
SIMULATION_FORCING,1013.0,0.0,57.345,736.122,SYNTHETIC,11.99,2026-01-08T10:00:00+00:00,180.0,1.807
SIMULATION_FORCING,1013.0,0.0,53.688,821.037,SYNTHETIC,13.025,2026-01-08T11:00:00+00:00,180.0,1.554
SIMULATION_FORCING,1013.0,0.0,55.098,850.0,SYNTHETIC,13.82,2026-01-08T12:00:00+00:00,180.0,2.464
SIMULATION_FORCING,1013.0,0.0,54.77,821.037,SYNTHETIC,14.319,2026-01-08T13:00:00+00:00,180.0,1.762
SIMULATION_FORCING,1013.0,0.0,55.028,736.122,SYNTHETIC,14.49,2026-01-08T14:00:00+00:00,180.0,2.477
SIMULATION_FORCING,1013.0,0.0,60.52,601.041,SYNTHETIC,14.319,2026-01-08T15:00:00+00:00,180.0,2.2
SIMULATION_FORCING,1013.0,0.0,63.17,425.0,SYNTHETIC,13.82,2026-01-08T16:00:00+00:00,180.0,1.825
SIMULATION_FORCING,1013.0,0.0,66.599,219.996,SYNTHETIC,13.025,2026-01-08T17:00:00+00:00,180.0,1.594
SIMULATION_FORCING,1013.0,0.0,70.806,0.0,SYNTHETIC,11.99,2026-01-08T18:00:00+00:00,180.0,1.972
SIMULATION_FORCING,1013.0,0.0,71.733,0.0,SYNTHETIC,10.784,2026-01-08T19:00:00+00:00,180.0,2.15
SIMULATION_FORCING,1013.0,0.0,71.188,0.0,SYNTHETIC,9.49,2026-01-08T20:00:00+00:00,180.0,2.366
SIMULATION_FORCING,1013.0,0.0,70.185,0.0,SYNTHETIC,8.196,2026-01-08T21:00:00+00:00,180.0,1.765
SIMULATION_FORCING,1013.0,0.0,71.944,0.0,SYNTHETIC,6.99,2026-01-08T22:00:00+00:00,180.0,2.287
SIMULATION_FORCING,1013.0,0.0,73.428,0.0,SYNTHETIC,5.954,2026-01-08T23:00:00+00:00,180.0,2.497
SIMULATION_FORCING,1013.0,0.0,73.741,0.0,SYNTHETIC,5.211,2026-01-09T00:00:00+00:00,180.0,2.009
SIMULATION_FORCING,1013.0,0.0,70.88,0.0,SYNTHETIC,4.712,2026-01-09T01:00:00+00:00,180.0,2.493
SIMULATION_FORCING,1013.0,0.0,70.509,0.0,SYNTHETIC,4.541,2026-01-09T02:00:00+00:00,180.0,1.723
SIMULATION_FORCING,1013.0,0.0,73.257,0.0,SYNTHETIC,4.712,2026-01-09T03:00:00+00:00,180.0,1.962
SIMULATION_FORCING,1013.0,0.0,70.977,0.0,SYNTHETIC,5.211,2026-01-09T04:00:00+00:00,180.0,1.924
SIMULATION_FORCING,1013.0,0.0,72.944,0.0,SYNTHETIC,6.006,2026-01-09T05:00:00+00:00,180.0,2.061
SIMULATION_FORCING,1013.0,0.0,70.386,0.0,SYNTHETIC,7.041,2026-01-09T06:00:00+00:00,180.0,2.122
SIMULATION_FORCING,1013.0,0.0,68.12,219.996,SYNTHETIC,8.247,2026-01-09T07:00:00+00:00,180.0,1.634
SIMULATION_FORCING,1013.0,0.0,62.377,425.0,SYNTHETIC,9.541,2026-01-09T08:00:00+00:00,180.0,2.445
SIMULATION_FORCING,1013.0,0.0,59.817,601.041,SYNTHETIC,10.835,2026-01-09T09:00:00+00:00,180.0,1.5
SIMULATION_FORCING,1013.0,0.0,55.228,736.122,SYNTHETIC,12.041,2026-01-09T10:00:00+00:00,180.0,2.298
SIMULATION_FORCING,1013.0,0.0,54.301,821.037,SYNTHETIC,13.077,2026-01-09T11:00:00+00:00,180.0,2.442
SIMULATION_FORCING,1013.0,0.0,53.803,850.0,SYNTHETIC,13.871,2026-01-09T12:00:00+00:00,180.0,2.088
SIMULATION_FORCING,1013.0,0.0,54.249,821.037,SYNTHETIC,14.371,2026-01-09T13:00:00+00:00,180.0,2.263
SIMULATION_FORCING,1013.0,0.0,57.678,736.122,SYNTHETIC,14.541,2026-01-09T14:00:00+00:00,180.0,2.275
SIMULATION_FORCING,1013.0,0.0,59.62,601.041,SYNTHETIC,14.371,2026-01-09T15:00:00+00:00,180.0,2.108
SIMULATION_FORCING,1013.0,0.0,61.622,425.0,SYNTHETIC,13.871,2026-01-09T16:00:00+00:00,180.0,1.928
SIMULATION_FORCING,1013.0,0.0,69.048,219.996,SYNTHETIC,13.077,2026-01-09T17:00:00+00:00,180.0,2.296
SIMULATION_FORCING,1013.0,0.0,73.934,0.0,SYNTHETIC,12.041,2026-01-09T18:00:00+00:00,180.0,2.275
SIMULATION_FORCING,1013.0,0.0,72.595,0.0,SYNTHETIC,10.835,2026-01-09T19:00:00+00:00,180.0,2.388
SIMULATION_FORCING,1013.0,0.0,72.423,0.0,SYNTHETIC,9.541,2026-01-09T20:00:00+00:00,180.0,1.612
SIMULATION_FORCING,1013.0,0.0,72.521,0.0,SYNTHETIC,8.247,2026-01-09T21:00:00+00:00,180.0,1.686
SIMULATION_FORCING,1013.0,0.0,71.085,0.0,SYNTHETIC,7.041,2026-01-09T22:00:00+00:00,180.0,1.59
SIMULATION_FORCING,1013.0,0.0,72.755,0.0,SYNTHETIC,6.006,2026-01-09T23:00:00+00:00,180.0,1.983
SIMULATION_FORCING,1013.0,0.0,70.71,0.0,SYNTHETIC,5.265,2026-01-10T00:00:00+00:00,180.0,1.587
SIMULATION_FORCING,1013.0,0.0,70.841,0.0,SYNTHETIC,4.766,2026-01-10T01:00:00+00:00,180.0,2.32
SIMULATION_FORCING,1013.0,0.0,70.873,0.0,SYNTHETIC,4.595,2026-01-10T02:00:00+00:00,180.0,2.386
SIMULATION_FORCING,1013.0,0.0,71.499,0.0,SYNTHETIC,4.766,2026-01-10T03:00:00+00:00,180.0,2.246
SIMULATION_FORCING,1013.0,0.0,72.879,0.0,SYNTHETIC,5.265,2026-01-10T04:00:00+00:00,180.0,2.172
SIMULATION_FORCING,1013.0,0.0,73.054,0.0,SYNTHETIC,6.06,2026-01-10T05:00:00+00:00,180.0,2.158
SIMULATION_FORCING,1013.0,0.0,71.773,0.0,SYNTHETIC,7.095,2026-01-10T06:00:00+00:00,180.0,1.866
SIMULATION_FORCING,1013.0,0.0,69.113,219.996,SYNTHETIC,8.301,2026-01-10T07:00:00+00:00,180.0,1.977
SIMULATION_FORCING,1013.0,0.0,64.296,425.0,SYNTHETIC,9.595,2026-01-10T08:00:00+00:00,180.0,2.42
SIMULATION_FORCING,1013.0,0.0,59.939,601.041,SYNTHETIC,10.89,2026-01-10T09:00:00+00:00,180.0,1.611
SIMULATION_FORCING,1013.0,0.0,55.546,736.122,SYNTHETIC,12.095,2026-01-10T10:00:00+00:00,180.0,1.782
SIMULATION_FORCING,1013.0,0.0,55.769,821.037,SYNTHETIC,13.131,2026-01-10T11:00:00+00:00,180.0,1.576
SIMULATION_FORCING,1013.0,0.0,52.71,850.0,SYNTHETIC,13.926,2026-01-10T12:00:00+00:00,180.0,2.36
SIMULATION_FORCING,1013.0,0.0,54.112,821.037,SYNTHETIC,14.425,2026-01-10T13:00:00+00:00,180.0,1.897
SIMULATION_FORCING,1013.0,0.0,55.83,736.122,SYNTHETIC,14.595,2026-01-10T14:00:00+00:00,180.0,1.814
SIMULATION_FORCING,1013.0,0.0,60.665,601.041,SYNTHETIC,14.425,2026-01-10T15:00:00+00:00,180.0,2.06
SIMULATION_FORCING,1013.0,0.0,61.111,425.0,SYNTHETIC,13.926,2026-01-10T16:00:00+00:00,180.0,1.519
SIMULATION_FORCING,1013.0,0.0,67.79,219.996,SYNTHETIC,13.131,2026-01-10T17:00:00+00:00,180.0,1.611
SIMULATION_FORCING,1013.0,0.0,71.249,0.0,SYNTHETIC,12.095,2026-01-10T18:00:00+00:00,180.0,1.647
SIMULATION_FORCING,1013.0,0.0,70.704,0.0,SYNTHETIC,10.89,2026-01-10T19:00:00+00:00,180.0,1.669
SIMULATION_FORCING,1013.0,0.0,70.701,0.0,SYNTHETIC,9.595,2026-01-10T20:00:00+00:00,180.0,2.496
SIMULATION_FORCING,1013.0,0.0,73.011,0.0,SYNTHETIC,8.301,2026-01-10T21:00:00+00:00,180.0,2.294
SIMULATION_FORCING,1013.0,0.0,73.346,0.0,SYNTHETIC,7.095,2026-01-10T22:00:00+00:00,180.0,1.838
SIMULATION_FORCING,1013.0,0.0,72.21,0.0,SYNTHETIC,6.06,2026-01-10T23:00:00+00:00,180.0,2.069
SIMULATION_FORCING,1013.0,0.0,72.216,0.0,SYNTHETIC,5.322,2026-01-11T00:00:00+00:00,180.0,1.9
SIMULATION_FORCING,1013.0,0.0,70.04,0.0,SYNTHETIC,4.822,2026-01-11T01:00:00+00:00,180.0,2.406
SIMULATION_FORCING,1013.0,0.0,71.313,0.0,SYNTHETIC,4.652,2026-01-11T02:00:00+00:00,180.0,2.022
SIMULATION_FORCING,1013.0,0.0,70.486,0.0,SYNTHETIC,4.822,2026-01-11T03:00:00+00:00,180.0,2.076
SIMULATION_FORCING,1013.0,0.0,70.372,0.0,SYNTHETIC,5.322,2026-01-11T04:00:00+00:00,180.0,1.76
SIMULATION_FORCING,1013.0,0.0,73.108,0.0,SYNTHETIC,6.117,2026-01-11T05:00:00+00:00,180.0,1.547
SIMULATION_FORCING,1013.0,0.0,71.821,0.0,SYNTHETIC,7.152,2026-01-11T06:00:00+00:00,180.0,1.835
SIMULATION_FORCING,1013.0,0.0,66.466,219.996,SYNTHETIC,8.358,2026-01-11T07:00:00+00:00,180.0,1.839
SIMULATION_FORCING,1013.0,0.0,62.023,425.0,SYNTHETIC,9.652,2026-01-11T08:00:00+00:00,180.0,1.8
SIMULATION_FORCING,1013.0,0.0,58.057,601.041,SYNTHETIC,10.946,2026-01-11T09:00:00+00:00,180.0,2.468
SIMULATION_FORCING,1013.0,0.0,55.31,736.122,SYNTHETIC,12.152,2026-01-11T10:00:00+00:00,180.0,2.149
SIMULATION_FORCING,1013.0,0.0,55.436,821.037,SYNTHETIC,13.188,2026-01-11T11:00:00+00:00,180.0,1.872
SIMULATION_FORCING,1013.0,0.0,55.59,850.0,SYNTHETIC,13.982,2026-01-11T12:00:00+00:00,180.0,1.877
SIMULATION_FORCING,1013.0,0.0,55.261,821.037,SYNTHETIC,14.482,2026-01-11T13:00:00+00:00,180.0,2.419
SIMULATION_FORCING,1013.0,0.0,57.661,736.122,SYNTHETIC,14.652,2026-01-11T14:00:00+00:00,180.0,2.403
SIMULATION_FORCING,1013.0,0.0,61.269,601.041,SYNTHETIC,14.482,2026-01-11T15:00:00+00:00,180.0,2.337
SIMULATION_FORCING,1013.0,0.0,63.341,425.0,SYNTHETIC,13.982,2026-01-11T16:00:00+00:00,180.0,2.242
SIMULATION_FORCING,1013.0,0.0,68.171,219.996,SYNTHETIC,13.188,2026-01-11T17:00:00+00:00,180.0,2.478
SIMULATION_FORCING,1013.0,0.0,71.613,0.0,SYNTHETIC,12.152,2026-01-11T18:00:00+00:00,180.0,2.479
SIMULATION_FORCING,1013.0,0.0,72.923,0.0,SYNTHETIC,10.946,2026-01-11T19:00:00+00:00,180.0,2.347
SIMULATION_FORCING,1013.0,0.0,72.116,0.0,SYNTHETIC,9.652,2026-01-11T20:00:00+00:00,180.0,1.96
SIMULATION_FORCING,1013.0,0.0,70.213,0.0,SYNTHETIC,8.358,2026-01-11T21:00:00+00:00,180.0,1.57
SIMULATION_FORCING,1013.0,0.0,71.58,0.0,SYNTHETIC,7.152,2026-01-11T22:00:00+00:00,180.0,2.03
SIMULATION_FORCING,1013.0,0.0,70.913,0.0,SYNTHETIC,6.117,2026-01-11T23:00:00+00:00,180.0,2.299
SIMULATION_FORCING,1013.0,0.0,70.922,0.0,SYNTHETIC,5.381,2026-01-12T00:00:00+00:00,180.0,2.291
SIMULATION_FORCING,1013.0,0.0,73.575,0.0,SYNTHETIC,4.882,2026-01-12T01:00:00+00:00,180.0,1.788
SIMULATION_FORCING,1013.0,0.0,72.621,0.0,SYNTHETIC,4.711,2026-01-12T02:00:00+00:00,180.0,1.86
SIMULATION_FORCING,1013.0,0.0,72.081,0.0,SYNTHETIC,4.882,2026-01-12T03:00:00+00:00,180.0,2.404
SIMULATION_FORCING,1013.0,0.0,73.826,0.0,SYNTHETIC,5.381,2026-01-12T04:00:00+00:00,180.0,2.406
SIMULATION_FORCING,1013.0,0.0,71.18,0.0,SYNTHETIC,6.176,2026-01-12T05:00:00+00:00,180.0,2.198
SIMULATION_FORCING,1013.0,0.0,73.126,0.0,SYNTHETIC,7.211,2026-01-12T06:00:00+00:00,180.0,1.645
SIMULATION_FORCING,1013.0,0.0,67.428,219.996,SYNTHETIC,8.417,2026-01-12T07:00:00+00:00,180.0,1.518
SIMULATION_FORCING,1013.0,0.0,64.419,425.0,SYNTHETIC,9.711,2026-01-12T08:00:00+00:00,180.0,2.037
SIMULATION_FORCING,1013.0,0.0,59.693,601.041,SYNTHETIC,11.005,2026-01-12T09:00:00+00:00,180.0,1.551
SIMULATION_FORCING,1013.0,0.0,57.543,736.122,SYNTHETIC,12.211,2026-01-12T10:00:00+00:00,180.0,2.042
SIMULATION_FORCING,1013.0,0.0,56.277,821.037,SYNTHETIC,13.247,2026-01-12T11:00:00+00:00,180.0,1.748
SIMULATION_FORCING,1013.0,0.0,53.747,850.0,SYNTHETIC,14.041,2026-01-12T12:00:00+00:00,180.0,2.419
SIMULATION_FORCING,1013.0,0.0,55.486,821.037,SYNTHETIC,14.541,2026-01-12T13:00:00+00:00,180.0,1.679
SIMULATION_FORCING,1013.0,0.0,55.885,736.122,SYNTHETIC,14.711,2026-01-12T14:00:00+00:00,180.0,2.251
SIMULATION_FORCING,1013.0,0.0,57.801,601.041,SYNTHETIC,14.541,2026-01-12T15:00:00+00:00,180.0,1.528
SIMULATION_FORCING,1013.0,0.0,63.303,425.0,SYNTHETIC,14.041,2026-01-12T16:00:00+00:00,180.0,1.84
SIMULATION_FORCING,1013.0,0.0,66.148,219.996,SYNTHETIC,13.247,2026-01-12T17:00:00+00:00,180.0,2.194
SIMULATION_FORCING,1013.0,0.0,73.598,0.0,SYNTHETIC,12.211,2026-01-12T18:00:00+00:00,180.0,2.188
SIMULATION_FORCING,1013.0,0.0,71.579,0.0,SYNTHETIC,11.005,2026-01-12T19:00:00+00:00,180.0,2.099
SIMULATION_FORCING,1013.0,0.0,71.628,0.0,SYNTHETIC,9.711,2026-01-12T20:00:00+00:00,180.0,2.294
SIMULATION_FORCING,1013.0,0.0,70.915,0.0,SYNTHETIC,8.417,2026-01-12T21:00:00+00:00,180.0,2.066
SIMULATION_FORCING,1013.0,0.0,72.648,0.0,SYNTHETIC,7.211,2026-01-12T22:00:00+00:00,180.0,2.268
SIMULATION_FORCING,1013.0,0.0,72.948,0.0,SYNTHETIC,6.176,2026-01-12T23:00:00+00:00,180.0,2.259
SIMULATION_FORCING,1013.0,0.0,70.545,0.0,SYNTHETIC,5.443,2026-01-13T00:00:00+00:00,180.0,2.11
SIMULATION_FORCING,1013.0,0.0,73.231,0.0,SYNTHETIC,4.943,2026-01-13T01:00:00+00:00,180.0,1.716
SIMULATION_FORCING,1013.0,0.0,70.955,0.0,SYNTHETIC,4.773,2026-01-13T02:00:00+00:00,180.0,1.655
SIMULATION_FORCING,1013.0,0.0,70.156,0.0,SYNTHETIC,4.943,2026-01-13T03:00:00+00:00,180.0,1.519
SIMULATION_FORCING,1013.0,0.0,73.677,0.0,SYNTHETIC,5.443,2026-01-13T04:00:00+00:00,180.0,1.672
SIMULATION_FORCING,1013.0,0.0,71.169,0.0,SYNTHETIC,6.237,2026-01-13T05:00:00+00:00,180.0,2.402
SIMULATION_FORCING,1013.0,0.0,72.728,0.0,SYNTHETIC,7.273,2026-01-13T06:00:00+00:00,180.0,1.891
SIMULATION_FORCING,1013.0,0.0,66.088,219.996,SYNTHETIC,8.479,2026-01-13T07:00:00+00:00,180.0,2.268
SIMULATION_FORCING,1013.0,0.0,61.738,425.0,SYNTHETIC,9.773,2026-01-13T08:00:00+00:00,180.0,1.634
SIMULATION_FORCING,1013.0,0.0,57.41,601.041,SYNTHETIC,11.067,2026-01-13T09:00:00+00:00,180.0,2.085
SIMULATION_FORCING,1013.0,0.0,55.002,736.122,SYNTHETIC,12.273,2026-01-13T10:00:00+00:00,180.0,2.236
SIMULATION_FORCING,1013.0,0.0,56.31,821.037,SYNTHETIC,13.308,2026-01-13T11:00:00+00:00,180.0,2.264
SIMULATION_FORCING,1013.0,0.0,52.933,850.0,SYNTHETIC,14.103,2026-01-13T12:00:00+00:00,180.0,2.12
SIMULATION_FORCING,1013.0,0.0,56.094,821.037,SYNTHETIC,14.602,2026-01-13T13:00:00+00:00,180.0,1.813
SIMULATION_FORCING,1013.0,0.0,56.03,736.122,SYNTHETIC,14.773,2026-01-13T14:00:00+00:00,180.0,2.265
SIMULATION_FORCING,1013.0,0.0,60.929,601.041,SYNTHETIC,14.602,2026-01-13T15:00:00+00:00,180.0,2.408
SIMULATION_FORCING,1013.0,0.0,61.932,425.0,SYNTHETIC,14.103,2026-01-13T16:00:00+00:00,180.0,1.835
SIMULATION_FORCING,1013.0,0.0,66.429,219.996,SYNTHETIC,13.308,2026-01-13T17:00:00+00:00,180.0,2.427
SIMULATION_FORCING,1013.0,0.0,71.426,0.0,SYNTHETIC,12.273,2026-01-13T18:00:00+00:00,180.0,2.121
SIMULATION_FORCING,1013.0,0.0,70.545,0.0,SYNTHETIC,11.067,2026-01-13T19:00:00+00:00,180.0,1.686
SIMULATION_FORCING,1013.0,0.0,73.046,0.0,SYNTHETIC,9.773,2026-01-13T20:00:00+00:00,180.0,2.394
SIMULATION_FORCING,1013.0,0.0,70.669,0.0,SYNTHETIC,8.479,2026-01-13T21:00:00+00:00,180.0,1.98
SIMULATION_FORCING,1013.0,0.0,73.565,0.0,SYNTHETIC,7.273,2026-01-13T22:00:00+00:00,180.0,1.532
SIMULATION_FORCING,1013.0,0.0,73.299,0.0,SYNTHETIC,6.237,2026-01-13T23:00:00+00:00,180.0,1.974
SIMULATION_FORCING,1013.0,0.0,71.748,0.0,SYNTHETIC,5.507,2026-01-14T00:00:00+00:00,180.0,1.767
SIMULATION_FORCING,1013.0,0.0,70.907,0.0,SYNTHETIC,5.007,2026-01-14T01:00:00+00:00,180.0,2.469
SIMULATION_FORCING,1013.0,0.0,70.583,0.0,SYNTHETIC,4.837,2026-01-14T02:00:00+00:00,180.0,1.672
SIMULATION_FORCING,1013.0,0.0,73.452,0.0,SYNTHETIC,5.007,2026-01-14T03:00:00+00:00,180.0,2.31
SIMULATION_FORCING,1013.0,0.0,73.079,0.0,SYNTHETIC,5.507,2026-01-14T04:00:00+00:00,180.0,1.837
SIMULATION_FORCING,1013.0,0.0,73.84,0.0,SYNTHETIC,6.301,2026-01-14T05:00:00+00:00,180.0,2.154
SIMULATION_FORCING,1013.0,0.0,73.026,0.0,SYNTHETIC,7.337,2026-01-14T06:00:00+00:00,180.0,1.614
SIMULATION_FORCING,1013.0,0.0,66.817,219.996,SYNTHETIC,8.543,2026-01-14T07:00:00+00:00,180.0,1.963
SIMULATION_FORCING,1013.0,0.0,62.423,425.0,SYNTHETIC,9.837,2026-01-14T08:00:00+00:00,180.0,1.582
SIMULATION_FORCING,1013.0,0.0,60.861,601.041,SYNTHETIC,11.131,2026-01-14T09:00:00+00:00,180.0,2.351
SIMULATION_FORCING,1013.0,0.0,55.742,736.122,SYNTHETIC,12.337,2026-01-14T10:00:00+00:00,180.0,1.739
SIMULATION_FORCING,1013.0,0.0,56.248,821.037,SYNTHETIC,13.372,2026-01-14T11:00:00+00:00,180.0,1.877
SIMULATION_FORCING,1013.0,0.0,53.833,850.0,SYNTHETIC,14.167,2026-01-14T12:00:00+00:00,180.0,2.205
SIMULATION_FORCING,1013.0,0.0,56.474,821.037,SYNTHETIC,14.667,2026-01-14T13:00:00+00:00,180.0,2.025
SIMULATION_FORCING,1013.0,0.0,56.484,736.122,SYNTHETIC,14.837,2026-01-14T14:00:00+00:00,180.0,2.369
SIMULATION_FORCING,1013.0,0.0,58.348,601.041,SYNTHETIC,14.667,2026-01-14T15:00:00+00:00,180.0,1.898
SIMULATION_FORCING,1013.0,0.0,61.546,425.0,SYNTHETIC,14.167,2026-01-14T16:00:00+00:00,180.0,2.084
SIMULATION_FORCING,1013.0,0.0,66.625,219.996,SYNTHETIC,13.372,2026-01-14T17:00:00+00:00,180.0,1.904
SIMULATION_FORCING,1013.0,0.0,73.792,0.0,SYNTHETIC,12.337,2026-01-14T18:00:00+00:00,180.0,2.418
SIMULATION_FORCING,1013.0,0.0,72.085,0.0,SYNTHETIC,11.131,2026-01-14T19:00:00+00:00,180.0,1.588
SIMULATION_FORCING,1013.0,0.0,70.083,0.0,SYNTHETIC,9.837,2026-01-14T20:00:00+00:00,180.0,1.629
SIMULATION_FORCING,1013.0,0.0,72.503,0.0,SYNTHETIC,8.543,2026-01-14T21:00:00+00:00,180.0,2.041
SIMULATION_FORCING,1013.0,0.0,70.609,0.0,SYNTHETIC,7.337,2026-01-14T22:00:00+00:00,180.0,2.303
SIMULATION_FORCING,1013.0,0.0,72.599,0.0,SYNTHETIC,6.301,2026-01-14T23:00:00+00:00,180.0,1.611
SIMULATION_FORCING,1013.0,0.0,72.723,0.0,SYNTHETIC,5.573,2026-01-15T00:00:00+00:00,180.0,1.559
SIMULATION_FORCING,1013.0,0.0,72.984,0.0,SYNTHETIC,5.074,2026-01-15T01:00:00+00:00,180.0,1.694
SIMULATION_FORCING,1013.0,0.0,73.328,0.0,SYNTHETIC,4.903,2026-01-15T02:00:00+00:00,180.0,2.018
SIMULATION_FORCING,1013.0,0.0,70.088,0.0,SYNTHETIC,5.074,2026-01-15T03:00:00+00:00,180.0,2.176
SIMULATION_FORCING,1013.0,0.0,72.09,0.0,SYNTHETIC,5.573,2026-01-15T04:00:00+00:00,180.0,1.539
SIMULATION_FORCING,1013.0,0.0,70.53,0.0,SYNTHETIC,6.368,2026-01-15T05:00:00+00:00,180.0,2.021
SIMULATION_FORCING,1013.0,0.0,72.222,0.0,SYNTHETIC,7.403,2026-01-15T06:00:00+00:00,180.0,2.361
SIMULATION_FORCING,1013.0,0.0,67.478,219.996,SYNTHETIC,8.609,2026-01-15T07:00:00+00:00,180.0,2.017
SIMULATION_FORCING,1013.0,0.0,62.943,425.0,SYNTHETIC,9.903,2026-01-15T08:00:00+00:00,180.0,1.841
SIMULATION_FORCING,1013.0,0.0,60.41,601.041,SYNTHETIC,11.197,2026-01-15T09:00:00+00:00,180.0,1.632
SIMULATION_FORCING,1013.0,0.0,55.36,736.122,SYNTHETIC,12.403,2026-01-15T10:00:00+00:00,180.0,1.737
SIMULATION_FORCING,1013.0,0.0,52.73,821.037,SYNTHETIC,13.439,2026-01-15T11:00:00+00:00,180.0,1.804
SIMULATION_FORCING,1013.0,0.0,52.375,850.0,SYNTHETIC,14.233,2026-01-15T12:00:00+00:00,180.0,2.496
SIMULATION_FORCING,1013.0,0.0,56.37,821.037,SYNTHETIC,14.733,2026-01-15T13:00:00+00:00,180.0,2.341
SIMULATION_FORCING,1013.0,0.0,55.389,736.122,SYNTHETIC,14.903,2026-01-15T14:00:00+00:00,180.0,2.326
SIMULATION_FORCING,1013.0,0.0,60.319,601.041,SYNTHETIC,14.733,2026-01-15T15:00:00+00:00,180.0,2.004
SIMULATION_FORCING,1013.0,0.0,63.436,425.0,SYNTHETIC,14.233,2026-01-15T16:00:00+00:00,180.0,1.938
SIMULATION_FORCING,1013.0,0.0,69.052,219.996,SYNTHETIC,13.439,2026-01-15T17:00:00+00:00,180.0,1.738
SIMULATION_FORCING,1013.0,0.0,70.957,0.0,SYNTHETIC,12.403,2026-01-15T18:00:00+00:00,180.0,1.704
SIMULATION_FORCING,1013.0,0.0,71.739,0.0,SYNTHETIC,11.197,2026-01-15T19:00:00+00:00,180.0,2.222
SIMULATION_FORCING,1013.0,0.0,73.78,0.0,SYNTHETIC,9.903,2026-01-15T20:00:00+00:00,180.0,1.951
SIMULATION_FORCING,1013.0,0.0,73.391,0.0,SYNTHETIC,8.609,2026-01-15T21:00:00+00:00,180.0,2.392
SIMULATION_FORCING,1013.0,0.0,71.666,0.0,SYNTHETIC,7.403,2026-01-15T22:00:00+00:00,180.0,2.292
SIMULATION_FORCING,1013.0,0.0,72.395,0.0,SYNTHETIC,6.368,2026-01-15T23:00:00+00:00,180.0,2.385
SIMULATION_FORCING,1013.0,0.0,70.983,0.0,SYNTHETIC,5.642,2026-01-16T00:00:00+00:00,180.0,2.226
SIMULATION_FORCING,1013.0,0.0,72.341,0.0,SYNTHETIC,5.143,2026-01-16T01:00:00+00:00,180.0,1.97
SIMULATION_FORCING,1013.0,0.0,71.7,0.0,SYNTHETIC,4.972,2026-01-16T02:00:00+00:00,180.0,2.213
SIMULATION_FORCING,1013.0,0.0,72.237,0.0,SYNTHETIC,5.143,2026-01-16T03:00:00+00:00,180.0,1.874
SIMULATION_FORCING,1013.0,0.0,72.238,0.0,SYNTHETIC,5.642,2026-01-16T04:00:00+00:00,180.0,2.0
SIMULATION_FORCING,1013.0,0.0,72.253,0.0,SYNTHETIC,6.437,2026-01-16T05:00:00+00:00,180.0,2.256
SIMULATION_FORCING,1013.0,0.0,71.808,0.0,SYNTHETIC,7.472,2026-01-16T06:00:00+00:00,180.0,2.017
SIMULATION_FORCING,1013.0,0.0,68.568,219.996,SYNTHETIC,8.678,2026-01-16T07:00:00+00:00,180.0,2.39
SIMULATION_FORCING,1013.0,0.0,64.07,425.0,SYNTHETIC,9.972,2026-01-16T08:00:00+00:00,180.0,1.912
SIMULATION_FORCING,1013.0,0.0,58.114,601.041,SYNTHETIC,11.266,2026-01-16T09:00:00+00:00,180.0,1.562
SIMULATION_FORCING,1013.0,0.0,55.703,736.122,SYNTHETIC,12.472,2026-01-16T10:00:00+00:00,180.0,1.708
SIMULATION_FORCING,1013.0,0.0,52.938,821.037,SYNTHETIC,13.508,2026-01-16T11:00:00+00:00,180.0,1.878
SIMULATION_FORCING,1013.0,0.0,54.548,850.0,SYNTHETIC,14.302,2026-01-16T12:00:00+00:00,180.0,2.08
SIMULATION_FORCING,1013.0,0.0,55.633,821.037,SYNTHETIC,14.802,2026-01-16T13:00:00+00:00,180.0,2.261
SIMULATION_FORCING,1013.0,0.0,57.639,736.122,SYNTHETIC,14.972,2026-01-16T14:00:00+00:00,180.0,1.881
SIMULATION_FORCING,1013.0,0.0,61.242,601.041,SYNTHETIC,14.802,2026-01-16T15:00:00+00:00,180.0,1.768
SIMULATION_FORCING,1013.0,0.0,63.548,425.0,SYNTHETIC,14.302,2026-01-16T16:00:00+00:00,180.0,2.058
SIMULATION_FORCING,1013.0,0.0,67.241,219.996,SYNTHETIC,13.508,2026-01-16T17:00:00+00:00,180.0,2.206
SIMULATION_FORCING,1013.0,0.0,72.455,0.0,SYNTHETIC,12.472,2026-01-16T18:00:00+00:00,180.0,1.716
SIMULATION_FORCING,1013.0,0.0,73.581,0.0,SYNTHETIC,11.266,2026-01-16T19:00:00+00:00,180.0,1.672
SIMULATION_FORCING,1013.0,0.0,73.061,0.0,SYNTHETIC,9.972,2026-01-16T20:00:00+00:00,180.0,1.952
SIMULATION_FORCING,1013.0,0.0,73.043,0.0,SYNTHETIC,8.678,2026-01-16T21:00:00+00:00,180.0,2.011
SIMULATION_FORCING,1013.0,0.0,71.734,0.0,SYNTHETIC,7.472,2026-01-16T22:00:00+00:00,180.0,1.582
SIMULATION_FORCING,1013.0,0.0,71.516,0.0,SYNTHETIC,6.437,2026-01-16T23:00:00+00:00,180.0,2.479
SIMULATION_FORCING,1013.0,0.0,73.098,0.0,SYNTHETIC,5.713,2026-01-17T00:00:00+00:00,180.0,1.816
SIMULATION_FORCING,1013.0,0.0,73.575,0.0,SYNTHETIC,5.214,2026-01-17T01:00:00+00:00,180.0,1.652
SIMULATION_FORCING,1013.0,0.0,71.711,0.0,SYNTHETIC,5.043,2026-01-17T02:00:00+00:00,180.0,2.197
SIMULATION_FORCING,1013.0,0.0,72.877,0.0,SYNTHETIC,5.214,2026-01-17T03:00:00+00:00,180.0,2.408
SIMULATION_FORCING,1013.0,0.0,72.798,0.0,SYNTHETIC,5.713,2026-01-17T04:00:00+00:00,180.0,1.925
SIMULATION_FORCING,1013.0,0.0,73.745,0.0,SYNTHETIC,6.508,2026-01-17T05:00:00+00:00,180.0,1.969
SIMULATION_FORCING,1013.0,0.0,70.41,0.0,SYNTHETIC,7.543,2026-01-17T06:00:00+00:00,180.0,1.615
SIMULATION_FORCING,1013.0,0.0,66.688,219.996,SYNTHETIC,8.749,2026-01-17T07:00:00+00:00,180.0,1.938
SIMULATION_FORCING,1013.0,0.0,61.799,425.0,SYNTHETIC,10.043,2026-01-17T08:00:00+00:00,180.0,1.925
SIMULATION_FORCING,1013.0,0.0,60.217,601.041,SYNTHETIC,11.337,2026-01-17T09:00:00+00:00,180.0,2.055
SIMULATION_FORCING,1013.0,0.0,55.675,736.122,SYNTHETIC,12.543,2026-01-17T10:00:00+00:00,180.0,2.215
SIMULATION_FORCING,1013.0,0.0,55.935,821.037,SYNTHETIC,13.579,2026-01-17T11:00:00+00:00,180.0,1.668
SIMULATION_FORCING,1013.0,0.0,55.259,850.0,SYNTHETIC,14.374,2026-01-17T12:00:00+00:00,180.0,2.03
SIMULATION_FORCING,1013.0,0.0,54.902,821.037,SYNTHETIC,14.873,2026-01-17T13:00:00+00:00,180.0,1.783
SIMULATION_FORCING,1013.0,0.0,54.846,736.122,SYNTHETIC,15.043,2026-01-17T14:00:00+00:00,180.0,2.291
SIMULATION_FORCING,1013.0,0.0,60.236,601.041,SYNTHETIC,14.873,2026-01-17T15:00:00+00:00,180.0,2.164
SIMULATION_FORCING,1013.0,0.0,62.977,425.0,SYNTHETIC,14.374,2026-01-17T16:00:00+00:00,180.0,1.607
SIMULATION_FORCING,1013.0,0.0,68.217,219.996,SYNTHETIC,13.579,2026-01-17T17:00:00+00:00,180.0,1.501
SIMULATION_FORCING,1013.0,0.0,72.842,0.0,SYNTHETIC,12.543,2026-01-17T18:00:00+00:00,180.0,1.571
SIMULATION_FORCING,1013.0,0.0,72.695,0.0,SYNTHETIC,11.337,2026-01-17T19:00:00+00:00,180.0,2.094
SIMULATION_FORCING,1013.0,0.0,70.721,0.0,SYNTHETIC,10.043,2026-01-17T20:00:00+00:00,180.0,1.888
SIMULATION_FORCING,1013.0,0.0,70.315,0.0,SYNTHETIC,8.749,2026-01-17T21:00:00+00:00,180.0,2.156
SIMULATION_FORCING,1013.0,0.0,71.364,0.0,SYNTHETIC,7.543,2026-01-17T22:00:00+00:00,180.0,2.188
SIMULATION_FORCING,1013.0,0.0,71.249,0.0,SYNTHETIC,6.508,2026-01-17T23:00:00+00:00,180.0,2.108
SIMULATION_FORCING,1013.0,0.0,70.48,0.0,SYNTHETIC,5.787,2026-01-18T00:00:00+00:00,180.0,1.978
SIMULATION_FORCING,1013.0,0.0,72.159,0.0,SYNTHETIC,5.287,2026-01-18T01:00:00+00:00,180.0,2.486
SIMULATION_FORCING,1013.0,0.0,70.669,0.0,SYNTHETIC,5.117,2026-01-18T02:00:00+00:00,180.0,2.073
SIMULATION_FORCING,1013.0,0.0,71.646,0.0,SYNTHETIC,5.287,2026-01-18T03:00:00+00:00,180.0,2.051
SIMULATION_FORCING,1013.0,0.0,71.787,0.0,SYNTHETIC,5.787,2026-01-18T04:00:00+00:00,180.0,2.379
SIMULATION_FORCING,1013.0,0.0,71.178,0.0,SYNTHETIC,6.581,2026-01-18T05:00:00+00:00,180.0,1.757
SIMULATION_FORCING,1013.0,0.0,70.612,0.0,SYNTHETIC,7.617,2026-01-18T06:00:00+00:00,180.0,1.729
SIMULATION_FORCING,1013.0,0.0,68.706,219.996,SYNTHETIC,8.823,2026-01-18T07:00:00+00:00,180.0,2.138
SIMULATION_FORCING,1013.0,0.0,63.177,425.0,SYNTHETIC,10.117,2026-01-18T08:00:00+00:00,180.0,1.704
SIMULATION_FORCING,1013.0,0.0,59.469,601.041,SYNTHETIC,11.411,2026-01-18T09:00:00+00:00,180.0,1.933
SIMULATION_FORCING,1013.0,0.0,58.137,736.122,SYNTHETIC,12.617,2026-01-18T10:00:00+00:00,180.0,2.201
SIMULATION_FORCING,1013.0,0.0,54.477,821.037,SYNTHETIC,13.653,2026-01-18T11:00:00+00:00,180.0,2.135
SIMULATION_FORCING,1013.0,0.0,54.334,850.0,SYNTHETIC,14.447,2026-01-18T12:00:00+00:00,180.0,1.79
SIMULATION_FORCING,1013.0,0.0,52.693,821.037,SYNTHETIC,14.947,2026-01-18T13:00:00+00:00,180.0,2.458
SIMULATION_FORCING,1013.0,0.0,55.194,736.122,SYNTHETIC,15.117,2026-01-18T14:00:00+00:00,180.0,2.354
SIMULATION_FORCING,1013.0,0.0,60.632,601.041,SYNTHETIC,14.947,2026-01-18T15:00:00+00:00,180.0,2.48
SIMULATION_FORCING,1013.0,0.0,63.782,425.0,SYNTHETIC,14.447,2026-01-18T16:00:00+00:00,180.0,2.038
SIMULATION_FORCING,1013.0,0.0,66.134,219.996,SYNTHETIC,13.653,2026-01-18T17:00:00+00:00,180.0,1.62
SIMULATION_FORCING,1013.0,0.0,70.697,0.0,SYNTHETIC,12.617,2026-01-18T18:00:00+00:00,180.0,2.063
SIMULATION_FORCING,1013.0,0.0,71.673,0.0,SYNTHETIC,11.411,2026-01-18T19:00:00+00:00,180.0,2.382
SIMULATION_FORCING,1013.0,0.0,73.382,0.0,SYNTHETIC,10.117,2026-01-18T20:00:00+00:00,180.0,1.784
SIMULATION_FORCING,1013.0,0.0,71.179,0.0,SYNTHETIC,8.823,2026-01-18T21:00:00+00:00,180.0,2.015
SIMULATION_FORCING,1013.0,0.0,73.986,0.0,SYNTHETIC,7.617,2026-01-18T22:00:00+00:00,180.0,1.982
SIMULATION_FORCING,1013.0,0.0,70.24,0.0,SYNTHETIC,6.581,2026-01-18T23:00:00+00:00,180.0,2.302
SIMULATION_FORCING,1013.0,0.0,72.338,0.0,SYNTHETIC,5.863,2026-01-19T00:00:00+00:00,180.0,2.304
SIMULATION_FORCING,1013.0,0.0,70.407,0.0,SYNTHETIC,5.363,2026-01-19T01:00:00+00:00,180.0,1.764
SIMULATION_FORCING,1013.0,0.0,70.918,0.0,SYNTHETIC,5.193,2026-01-19T02:00:00+00:00,180.0,1.76
SIMULATION_FORCING,1013.0,0.0,73.911,0.0,SYNTHETIC,5.363,2026-01-19T03:00:00+00:00,180.0,1.738
SIMULATION_FORCING,1013.0,0.0,73.022,0.0,SYNTHETIC,5.863,2026-01-19T04:00:00+00:00,180.0,2.282
SIMULATION_FORCING,1013.0,0.0,73.055,0.0,SYNTHETIC,6.657,2026-01-19T05:00:00+00:00,180.0,2.027
SIMULATION_FORCING,1013.0,0.0,70.87,0.0,SYNTHETIC,7.693,2026-01-19T06:00:00+00:00,180.0,1.515
SIMULATION_FORCING,1013.0,0.0,68.319,219.996,SYNTHETIC,8.899,2026-01-19T07:00:00+00:00,180.0,2.453
SIMULATION_FORCING,1013.0,0.0,61.587,425.0,SYNTHETIC,10.193,2026-01-19T08:00:00+00:00,180.0,1.947
SIMULATION_FORCING,1013.0,0.0,60.73,601.041,SYNTHETIC,11.487,2026-01-19T09:00:00+00:00,180.0,2.457
SIMULATION_FORCING,1013.0,0.0,56.902,736.122,SYNTHETIC,12.693,2026-01-19T10:00:00+00:00,180.0,1.88
SIMULATION_FORCING,1013.0,0.0,55.707,821.037,SYNTHETIC,13.728,2026-01-19T11:00:00+00:00,180.0,2.044
SIMULATION_FORCING,1013.0,0.0,52.219,850.0,SYNTHETIC,14.523,2026-01-19T12:00:00+00:00,180.0,1.849
SIMULATION_FORCING,1013.0,0.0,55.935,821.037,SYNTHETIC,15.023,2026-01-19T13:00:00+00:00,180.0,1.503
SIMULATION_FORCING,1013.0,0.0,56.963,736.122,SYNTHETIC,15.193,2026-01-19T14:00:00+00:00,180.0,1.635
SIMULATION_FORCING,1013.0,0.0,59.429,601.041,SYNTHETIC,15.023,2026-01-19T15:00:00+00:00,180.0,1.585
SIMULATION_FORCING,1013.0,0.0,64.545,425.0,SYNTHETIC,14.523,2026-01-19T16:00:00+00:00,180.0,2.392
SIMULATION_FORCING,1013.0,0.0,69.225,219.996,SYNTHETIC,13.728,2026-01-19T17:00:00+00:00,180.0,2.022
SIMULATION_FORCING,1013.0,0.0,70.004,0.0,SYNTHETIC,12.693,2026-01-19T18:00:00+00:00,180.0,2.371
SIMULATION_FORCING,1013.0,0.0,73.405,0.0,SYNTHETIC,11.487,2026-01-19T19:00:00+00:00,180.0,1.984
SIMULATION_FORCING,1013.0,0.0,71.267,0.0,SYNTHETIC,10.193,2026-01-19T20:00:00+00:00,180.0,2.23
SIMULATION_FORCING,1013.0,0.0,73.934,0.0,SYNTHETIC,8.899,2026-01-19T21:00:00+00:00,180.0,2.403
SIMULATION_FORCING,1013.0,0.0,72.433,0.0,SYNTHETIC,7.693,2026-01-19T22:00:00+00:00,180.0,2.41
SIMULATION_FORCING,1013.0,0.0,70.095,0.0,SYNTHETIC,6.657,2026-01-19T23:00:00+00:00,180.0,2.262
SIMULATION_FORCING,1013.0,0.0,70.308,0.0,SYNTHETIC,5.941,2026-01-20T00:00:00+00:00,180.0,1.519
SIMULATION_FORCING,1013.0,0.0,72.225,0.0,SYNTHETIC,5.441,2026-01-20T01:00:00+00:00,180.0,1.764
SIMULATION_FORCING,1013.0,0.0,70.285,0.0,SYNTHETIC,5.271,2026-01-20T02:00:00+00:00,180.0,2.417
SIMULATION_FORCING,1013.0,0.0,73.814,0.0,SYNTHETIC,5.441,2026-01-20T03:00:00+00:00,180.0,1.94
SIMULATION_FORCING,1013.0,0.0,71.885,0.0,SYNTHETIC,5.941,2026-01-20T04:00:00+00:00,180.0,1.801
SIMULATION_FORCING,1013.0,0.0,73.72,0.0,SYNTHETIC,6.736,2026-01-20T05:00:00+00:00,180.0,2.136
SIMULATION_FORCING,1013.0,0.0,73.02,0.0,SYNTHETIC,7.771,2026-01-20T06:00:00+00:00,180.0,2.443
SIMULATION_FORCING,1013.0,0.0,66.372,219.996,SYNTHETIC,8.977,2026-01-20T07:00:00+00:00,180.0,2.242
SIMULATION_FORCING,1013.0,0.0,61.246,425.0,SYNTHETIC,10.271,2026-01-20T08:00:00+00:00,180.0,2.358
SIMULATION_FORCING,1013.0,0.0,58.375,601.041,SYNTHETIC,11.565,2026-01-20T09:00:00+00:00,180.0,1.765
SIMULATION_FORCING,1013.0,0.0,55.789,736.122,SYNTHETIC,12.771,2026-01-20T10:00:00+00:00,180.0,2.163
SIMULATION_FORCING,1013.0,0.0,54.523,821.037,SYNTHETIC,13.807,2026-01-20T11:00:00+00:00,180.0,2.338
SIMULATION_FORCING,1013.0,0.0,52.94,850.0,SYNTHETIC,14.601,2026-01-20T12:00:00+00:00,180.0,1.692
SIMULATION_FORCING,1013.0,0.0,56.589,821.037,SYNTHETIC,15.101,2026-01-20T13:00:00+00:00,180.0,1.862
SIMULATION_FORCING,1013.0,0.0,55.395,736.122,SYNTHETIC,15.271,2026-01-20T14:00:00+00:00,180.0,2.031
SIMULATION_FORCING,1013.0,0.0,58.752,601.041,SYNTHETIC,15.101,2026-01-20T15:00:00+00:00,180.0,1.543
SIMULATION_FORCING,1013.0,0.0,63.607,425.0,SYNTHETIC,14.601,2026-01-20T16:00:00+00:00,180.0,1.93
SIMULATION_FORCING,1013.0,0.0,66.601,219.996,SYNTHETIC,13.807,2026-01-20T17:00:00+00:00,180.0,2.241
SIMULATION_FORCING,1013.0,0.0,73.605,0.0,SYNTHETIC,12.771,2026-01-20T18:00:00+00:00,180.0,2.419
SIMULATION_FORCING,1013.0,0.0,73.136,0.0,SYNTHETIC,11.565,2026-01-20T19:00:00+00:00,180.0,1.717
SIMULATION_FORCING,1013.0,0.0,71.687,0.0,SYNTHETIC,10.271,2026-01-20T20:00:00+00:00,180.0,2.474
SIMULATION_FORCING,1013.0,0.0,71.767,0.0,SYNTHETIC,8.977,2026-01-20T21:00:00+00:00,180.0,2.178
SIMULATION_FORCING,1013.0,0.0,73.313,0.0,SYNTHETIC,7.771,2026-01-20T22:00:00+00:00,180.0,2.389
SIMULATION_FORCING,1013.0,0.0,72.662,0.0,SYNTHETIC,6.736,2026-01-20T23:00:00+00:00,180.0,2.159
SIMULATION_FORCING,1013.0,0.0,72.515,0.0,SYNTHETIC,6.022,2026-01-21T00:00:00+00:00,180.0,1.849
SIMULATION_FORCING,1013.0,0.0,72.138,0.0,SYNTHETIC,5.522,2026-01-21T01:00:00+00:00,180.0,2.29
SIMULATION_FORCING,1013.0,0.0,70.776,0.0,SYNTHETIC,5.352,2026-01-21T02:00:00+00:00,180.0,2.227
SIMULATION_FORCING,1013.0,0.0,70.805,0.0,SYNTHETIC,5.522,2026-01-21T03:00:00+00:00,180.0,2.243
SIMULATION_FORCING,1013.0,0.0,73.999,0.0,SYNTHETIC,6.022,2026-01-21T04:00:00+00:00,180.0,2.422
SIMULATION_FORCING,1013.0,0.0,70.852,0.0,SYNTHETIC,6.816,2026-01-21T05:00:00+00:00,180.0,1.537
SIMULATION_FORCING,1013.0,0.0,70.952,0.0,SYNTHETIC,7.852,2026-01-21T06:00:00+00:00,180.0,2.238
SIMULATION_FORCING,1013.0,0.0,65.712,219.996,SYNTHETIC,9.058,2026-01-21T07:00:00+00:00,180.0,1.959
SIMULATION_FORCING,1013.0,0.0,63.062,425.0,SYNTHETIC,10.352,2026-01-21T08:00:00+00:00,180.0,2.186
SIMULATION_FORCING,1013.0,0.0,58.673,601.041,SYNTHETIC,11.646,2026-01-21T09:00:00+00:00,180.0,1.89
SIMULATION_FORCING,1013.0,0.0,55.013,736.122,SYNTHETIC,12.852,2026-01-21T10:00:00+00:00,180.0,1.898
SIMULATION_FORCING,1013.0,0.0,53.994,821.037,SYNTHETIC,13.887,2026-01-21T11:00:00+00:00,180.0,1.966
SIMULATION_FORCING,1013.0,0.0,55.937,850.0,SYNTHETIC,14.682,2026-01-21T12:00:00+00:00,180.0,1.91
SIMULATION_FORCING,1013.0,0.0,55.621,821.037,SYNTHETIC,15.181,2026-01-21T13:00:00+00:00,180.0,1.843
SIMULATION_FORCING,1013.0,0.0,57.323,736.122,SYNTHETIC,15.352,2026-01-21T14:00:00+00:00,180.0,2.194
SIMULATION_FORCING,1013.0,0.0,60.199,601.041,SYNTHETIC,15.181,2026-01-21T15:00:00+00:00,180.0,1.917
SIMULATION_FORCING,1013.0,0.0,63.329,425.0,SYNTHETIC,14.682,2026-01-21T16:00:00+00:00,180.0,2.367
SIMULATION_FORCING,1013.0,0.0,68.639,219.996,SYNTHETIC,13.887,2026-01-21T17:00:00+00:00,180.0,2.454
SIMULATION_FORCING,1013.0,0.0,72.063,0.0,SYNTHETIC,12.852,2026-01-21T18:00:00+00:00,180.0,1.545
SIMULATION_FORCING,1013.0,0.0,70.007,0.0,SYNTHETIC,11.646,2026-01-21T19:00:00+00:00,180.0,1.754
SIMULATION_FORCING,1013.0,0.0,70.166,0.0,SYNTHETIC,10.352,2026-01-21T20:00:00+00:00,180.0,2.299
SIMULATION_FORCING,1013.0,0.0,71.501,0.0,SYNTHETIC,9.058,2026-01-21T21:00:00+00:00,180.0,1.894
SIMULATION_FORCING,1013.0,0.0,72.791,0.0,SYNTHETIC,7.852,2026-01-21T22:00:00+00:00,180.0,2.337
SIMULATION_FORCING,1013.0,0.0,72.91,0.0,SYNTHETIC,6.816,2026-01-21T23:00:00+00:00,180.0,1.938
SIMULATION_FORCING,1013.0,0.0,71.186,0.0,SYNTHETIC,6.104,2026-01-22T00:00:00+00:00,180.0,2.466
SIMULATION_FORCING,1013.0,0.0,71.707,0.0,SYNTHETIC,5.605,2026-01-22T01:00:00+00:00,180.0,1.608
SIMULATION_FORCING,1013.0,0.0,73.367,0.0,SYNTHETIC,5.434,2026-01-22T02:00:00+00:00,180.0,2.034
SIMULATION_FORCING,1013.0,0.0,72.68,0.0,SYNTHETIC,5.605,2026-01-22T03:00:00+00:00,180.0,1.774
SIMULATION_FORCING,1013.0,0.0,71.968,0.0,SYNTHETIC,6.104,2026-01-22T04:00:00+00:00,180.0,1.563
SIMULATION_FORCING,1013.0,0.0,71.919,0.0,SYNTHETIC,6.899,2026-01-22T05:00:00+00:00,180.0,1.545
SIMULATION_FORCING,1013.0,0.0,72.495,0.0,SYNTHETIC,7.934,2026-01-22T06:00:00+00:00,180.0,1.892
SIMULATION_FORCING,1013.0,0.0,69.269,219.996,SYNTHETIC,9.14,2026-01-22T07:00:00+00:00,180.0,2.42
SIMULATION_FORCING,1013.0,0.0,62.677,425.0,SYNTHETIC,10.434,2026-01-22T08:00:00+00:00,180.0,2.114
SIMULATION_FORCING,1013.0,0.0,59.938,601.041,SYNTHETIC,11.729,2026-01-22T09:00:00+00:00,180.0,2.459
SIMULATION_FORCING,1013.0,0.0,58.059,736.122,SYNTHETIC,12.934,2026-01-22T10:00:00+00:00,180.0,1.766
SIMULATION_FORCING,1013.0,0.0,53.916,821.037,SYNTHETIC,13.97,2026-01-22T11:00:00+00:00,180.0,2.165
SIMULATION_FORCING,1013.0,0.0,53.411,850.0,SYNTHETIC,14.765,2026-01-22T12:00:00+00:00,180.0,2.433
SIMULATION_FORCING,1013.0,0.0,54.086,821.037,SYNTHETIC,15.264,2026-01-22T13:00:00+00:00,180.0,2.381
SIMULATION_FORCING,1013.0,0.0,56.136,736.122,SYNTHETIC,15.434,2026-01-22T14:00:00+00:00,180.0,1.509
SIMULATION_FORCING,1013.0,0.0,61.009,601.041,SYNTHETIC,15.264,2026-01-22T15:00:00+00:00,180.0,1.907
SIMULATION_FORCING,1013.0,0.0,62.878,425.0,SYNTHETIC,14.765,2026-01-22T16:00:00+00:00,180.0,1.604
SIMULATION_FORCING,1013.0,0.0,68.911,219.996,SYNTHETIC,13.97,2026-01-22T17:00:00+00:00,180.0,1.994
SIMULATION_FORCING,1013.0,0.0,71.602,0.0,SYNTHETIC,12.934,2026-01-22T18:00:00+00:00,180.0,2.226
SIMULATION_FORCING,1013.0,0.0,73.232,0.0,SYNTHETIC,11.729,2026-01-22T19:00:00+00:00,180.0,2.096
SIMULATION_FORCING,1013.0,0.0,72.154,0.0,SYNTHETIC,10.434,2026-01-22T20:00:00+00:00,180.0,1.69
SIMULATION_FORCING,1013.0,0.0,71.857,0.0,SYNTHETIC,9.14,2026-01-22T21:00:00+00:00,180.0,2.013
SIMULATION_FORCING,1013.0,0.0,72.414,0.0,SYNTHETIC,7.934,2026-01-22T22:00:00+00:00,180.0,1.808
SIMULATION_FORCING,1013.0,0.0,73.461,0.0,SYNTHETIC,6.899,2026-01-22T23:00:00+00:00,180.0,2.435
SIMULATION_FORCING,1013.0,0.0,73.47,0.0,SYNTHETIC,6.189,2026-01-23T00:00:00+00:00,180.0,2.236
SIMULATION_FORCING,1013.0,0.0,72.436,0.0,SYNTHETIC,5.69,2026-01-23T01:00:00+00:00,180.0,2.158
SIMULATION_FORCING,1013.0,0.0,70.75,0.0,SYNTHETIC,5.519,2026-01-23T02:00:00+00:00,180.0,2.5
SIMULATION_FORCING,1013.0,0.0,70.223,0.0,SYNTHETIC,5.69,2026-01-23T03:00:00+00:00,180.0,2.213
SIMULATION_FORCING,1013.0,0.0,71.511,0.0,SYNTHETIC,6.189,2026-01-23T04:00:00+00:00,180.0,1.504
SIMULATION_FORCING,1013.0,0.0,72.148,0.0,SYNTHETIC,6.984,2026-01-23T05:00:00+00:00,180.0,2.354
SIMULATION_FORCING,1013.0,0.0,73.36,0.0,SYNTHETIC,8.019,2026-01-23T06:00:00+00:00,180.0,2.445
SIMULATION_FORCING,1013.0,0.0,66.511,219.996,SYNTHETIC,9.225,2026-01-23T07:00:00+00:00,180.0,1.756
SIMULATION_FORCING,1013.0,0.0,64.02,425.0,SYNTHETIC,10.519,2026-01-23T08:00:00+00:00,180.0,1.975
SIMULATION_FORCING,1013.0,0.0,60.108,601.041,SYNTHETIC,11.814,2026-01-23T09:00:00+00:00,180.0,1.941
SIMULATION_FORCING,1013.0,0.0,56.568,736.122,SYNTHETIC,13.019,2026-01-23T10:00:00+00:00,180.0,2.481
SIMULATION_FORCING,1013.0,0.0,53.712,821.037,SYNTHETIC,14.055,2026-01-23T11:00:00+00:00,180.0,1.669
SIMULATION_FORCING,1013.0,0.0,55.57,850.0,SYNTHETIC,14.85,2026-01-23T12:00:00+00:00,180.0,2.32
SIMULATION_FORCING,1013.0,0.0,53.329,821.037,SYNTHETIC,15.349,2026-01-23T13:00:00+00:00,180.0,1.939
SIMULATION_FORCING,1013.0,0.0,55.975,736.122,SYNTHETIC,15.519,2026-01-23T14:00:00+00:00,180.0,1.913
SIMULATION_FORCING,1013.0,0.0,58.241,601.041,SYNTHETIC,15.349,2026-01-23T15:00:00+00:00,180.0,1.97
SIMULATION_FORCING,1013.0,0.0,62.797,425.0,SYNTHETIC,14.85,2026-01-23T16:00:00+00:00,180.0,2.488
SIMULATION_FORCING,1013.0,0.0,66.842,219.996,SYNTHETIC,14.055,2026-01-23T17:00:00+00:00,180.0,2.322
SIMULATION_FORCING,1013.0,0.0,73.806,0.0,SYNTHETIC,13.019,2026-01-23T18:00:00+00:00,180.0,2.475
SIMULATION_FORCING,1013.0,0.0,72.529,0.0,SYNTHETIC,11.814,2026-01-23T19:00:00+00:00,180.0,1.867
SIMULATION_FORCING,1013.0,0.0,73.691,0.0,SYNTHETIC,10.519,2026-01-23T20:00:00+00:00,180.0,2.43
SIMULATION_FORCING,1013.0,0.0,71.233,0.0,SYNTHETIC,9.225,2026-01-23T21:00:00+00:00,180.0,1.587
SIMULATION_FORCING,1013.0,0.0,70.821,0.0,SYNTHETIC,8.019,2026-01-23T22:00:00+00:00,180.0,2.146
SIMULATION_FORCING,1013.0,0.0,70.031,0.0,SYNTHETIC,6.984,2026-01-23T23:00:00+00:00,180.0,1.746
SIMULATION_FORCING,1013.0,0.0,71.445,0.0,SYNTHETIC,6.277,2026-01-24T00:00:00+00:00,180.0,2.365
SIMULATION_FORCING,1013.0,0.0,71.51,0.0,SYNTHETIC,5.777,2026-01-24T01:00:00+00:00,180.0,1.614
SIMULATION_FORCING,1013.0,0.0,70.725,0.0,SYNTHETIC,5.607,2026-01-24T02:00:00+00:00,180.0,1.943
SIMULATION_FORCING,1013.0,0.0,71.649,0.0,SYNTHETIC,5.777,2026-01-24T03:00:00+00:00,180.0,2.156
SIMULATION_FORCING,1013.0,0.0,71.843,0.0,SYNTHETIC,6.277,2026-01-24T04:00:00+00:00,180.0,1.762
SIMULATION_FORCING,1013.0,0.0,72.503,0.0,SYNTHETIC,7.071,2026-01-24T05:00:00+00:00,180.0,2.244
SIMULATION_FORCING,1013.0,0.0,70.474,0.0,SYNTHETIC,8.107,2026-01-24T06:00:00+00:00,180.0,2.242
SIMULATION_FORCING,1013.0,0.0,66.853,219.996,SYNTHETIC,9.313,2026-01-24T07:00:00+00:00,180.0,1.533
SIMULATION_FORCING,1013.0,0.0,63.331,425.0,SYNTHETIC,10.607,2026-01-24T08:00:00+00:00,180.0,1.833
SIMULATION_FORCING,1013.0,0.0,61.11,601.041,SYNTHETIC,11.901,2026-01-24T09:00:00+00:00,180.0,1.794
SIMULATION_FORCING,1013.0,0.0,55.538,736.122,SYNTHETIC,13.107,2026-01-24T10:00:00+00:00,180.0,2.398
SIMULATION_FORCING,1013.0,0.0,54.471,821.037,SYNTHETIC,14.142,2026-01-24T11:00:00+00:00,180.0,2.417
SIMULATION_FORCING,1013.0,0.0,52.492,850.0,SYNTHETIC,14.937,2026-01-24T12:00:00+00:00,180.0,1.888
SIMULATION_FORCING,1013.0,0.0,53.763,821.037,SYNTHETIC,15.436,2026-01-24T13:00:00+00:00,180.0,1.927
SIMULATION_FORCING,1013.0,0.0,54.978,736.122,SYNTHETIC,15.607,2026-01-24T14:00:00+00:00,180.0,2.348
SIMULATION_FORCING,1013.0,0.0,60.364,601.041,SYNTHETIC,15.436,2026-01-24T15:00:00+00:00,180.0,1.747
SIMULATION_FORCING,1013.0,0.0,62.209,425.0,SYNTHETIC,14.937,2026-01-24T16:00:00+00:00,180.0,1.824
SIMULATION_FORCING,1013.0,0.0,69.205,219.996,SYNTHETIC,14.142,2026-01-24T17:00:00+00:00,180.0,1.922
SIMULATION_FORCING,1013.0,0.0,71.135,0.0,SYNTHETIC,13.107,2026-01-24T18:00:00+00:00,180.0,2.34
SIMULATION_FORCING,1013.0,0.0,71.956,0.0,SYNTHETIC,11.901,2026-01-24T19:00:00+00:00,180.0,2.171
SIMULATION_FORCING,1013.0,0.0,72.83,0.0,SYNTHETIC,10.607,2026-01-24T20:00:00+00:00,180.0,1.788
SIMULATION_FORCING,1013.0,0.0,73.39,0.0,SYNTHETIC,9.313,2026-01-24T21:00:00+00:00,180.0,2.046
SIMULATION_FORCING,1013.0,0.0,71.6,0.0,SYNTHETIC,8.107,2026-01-24T22:00:00+00:00,180.0,2.398
SIMULATION_FORCING,1013.0,0.0,71.925,0.0,SYNTHETIC,7.071,2026-01-24T23:00:00+00:00,180.0,2.468
SIMULATION_FORCING,1013.0,0.0,72.325,0.0,SYNTHETIC,6.366,2026-01-25T00:00:00+00:00,180.0,2.245
SIMULATION_FORCING,1013.0,0.0,72.054,0.0,SYNTHETIC,5.867,2026-01-25T01:00:00+00:00,180.0,2.053
SIMULATION_FORCING,1013.0,0.0,72.438,0.0,SYNTHETIC,5.696,2026-01-25T02:00:00+00:00,180.0,2.079
SIMULATION_FORCING,1013.0,0.0,71.067,0.0,SYNTHETIC,5.867,2026-01-25T03:00:00+00:00,180.0,2.476
SIMULATION_FORCING,1013.0,0.0,70.35,0.0,SYNTHETIC,6.366,2026-01-25T04:00:00+00:00,180.0,1.755
SIMULATION_FORCING,1013.0,0.0,72.328,0.0,SYNTHETIC,7.161,2026-01-25T05:00:00+00:00,180.0,2.185
SIMULATION_FORCING,1013.0,0.0,73.472,0.0,SYNTHETIC,8.196,2026-01-25T06:00:00+00:00,180.0,1.932
SIMULATION_FORCING,1013.0,0.0,67.526,219.996,SYNTHETIC,9.402,2026-01-25T07:00:00+00:00,180.0,2.029
SIMULATION_FORCING,1013.0,0.0,61.058,425.0,SYNTHETIC,10.696,2026-01-25T08:00:00+00:00,180.0,2.335
SIMULATION_FORCING,1013.0,0.0,60.441,601.041,SYNTHETIC,11.99,2026-01-25T09:00:00+00:00,180.0,2.179
SIMULATION_FORCING,1013.0,0.0,54.421,736.122,SYNTHETIC,13.196,2026-01-25T10:00:00+00:00,180.0,1.715
SIMULATION_FORCING,1013.0,0.0,54.519,821.037,SYNTHETIC,14.232,2026-01-25T11:00:00+00:00,180.0,1.545
SIMULATION_FORCING,1013.0,0.0,53.59,850.0,SYNTHETIC,15.026,2026-01-25T12:00:00+00:00,180.0,1.947
SIMULATION_FORCING,1013.0,0.0,55.992,821.037,SYNTHETIC,15.526,2026-01-25T13:00:00+00:00,180.0,2.424
SIMULATION_FORCING,1013.0,0.0,54.569,736.122,SYNTHETIC,15.696,2026-01-25T14:00:00+00:00,180.0,1.953
SIMULATION_FORCING,1013.0,0.0,58.45,601.041,SYNTHETIC,15.526,2026-01-25T15:00:00+00:00,180.0,2.231
SIMULATION_FORCING,1013.0,0.0,61.936,425.0,SYNTHETIC,15.026,2026-01-25T16:00:00+00:00,180.0,2.22
SIMULATION_FORCING,1013.0,0.0,68.104,219.996,SYNTHETIC,14.232,2026-01-25T17:00:00+00:00,180.0,2.411
SIMULATION_FORCING,1013.0,0.0,71.849,0.0,SYNTHETIC,13.196,2026-01-25T18:00:00+00:00,180.0,2.498
SIMULATION_FORCING,1013.0,0.0,71.915,0.0,SYNTHETIC,11.99,2026-01-25T19:00:00+00:00,180.0,1.686
SIMULATION_FORCING,1013.0,0.0,73.488,0.0,SYNTHETIC,10.696,2026-01-25T20:00:00+00:00,180.0,1.569
SIMULATION_FORCING,1013.0,0.0,73.381,0.0,SYNTHETIC,9.402,2026-01-25T21:00:00+00:00,180.0,1.505
SIMULATION_FORCING,1013.0,0.0,71.506,0.0,SYNTHETIC,8.196,2026-01-25T22:00:00+00:00,180.0,2.034
SIMULATION_FORCING,1013.0,0.0,71.01,0.0,SYNTHETIC,7.161,2026-01-25T23:00:00+00:00,180.0,1.99
SIMULATION_FORCING,1013.0,0.0,73.108,0.0,SYNTHETIC,6.458,2026-01-26T00:00:00+00:00,180.0,2.094
SIMULATION_FORCING,1013.0,0.0,72.138,0.0,SYNTHETIC,5.958,2026-01-26T01:00:00+00:00,180.0,2.364
SIMULATION_FORCING,1013.0,0.0,71.213,0.0,SYNTHETIC,5.788,2026-01-26T02:00:00+00:00,180.0,2.232
SIMULATION_FORCING,1013.0,0.0,71.388,0.0,SYNTHETIC,5.958,2026-01-26T03:00:00+00:00,180.0,1.952
SIMULATION_FORCING,1013.0,0.0,73.912,0.0,SYNTHETIC,6.458,2026-01-26T04:00:00+00:00,180.0,2.468
SIMULATION_FORCING,1013.0,0.0,72.157,0.0,SYNTHETIC,7.252,2026-01-26T05:00:00+00:00,180.0,2.348
SIMULATION_FORCING,1013.0,0.0,70.638,0.0,SYNTHETIC,8.288,2026-01-26T06:00:00+00:00,180.0,2.217
SIMULATION_FORCING,1013.0,0.0,69.318,219.996,SYNTHETIC,9.494,2026-01-26T07:00:00+00:00,180.0,2.436
SIMULATION_FORCING,1013.0,0.0,61.865,425.0,SYNTHETIC,10.788,2026-01-26T08:00:00+00:00,180.0,1.745
SIMULATION_FORCING,1013.0,0.0,58.92,601.041,SYNTHETIC,12.082,2026-01-26T09:00:00+00:00,180.0,1.534
SIMULATION_FORCING,1013.0,0.0,57.974,736.122,SYNTHETIC,13.288,2026-01-26T10:00:00+00:00,180.0,1.944
SIMULATION_FORCING,1013.0,0.0,52.932,821.037,SYNTHETIC,14.323,2026-01-26T11:00:00+00:00,180.0,1.673
SIMULATION_FORCING,1013.0,0.0,53.69,850.0,SYNTHETIC,15.118,2026-01-26T12:00:00+00:00,180.0,1.8
SIMULATION_FORCING,1013.0,0.0,53.24,821.037,SYNTHETIC,15.617,2026-01-26T13:00:00+00:00,180.0,2.317
SIMULATION_FORCING,1013.0,0.0,57.15,736.122,SYNTHETIC,15.788,2026-01-26T14:00:00+00:00,180.0,1.568
SIMULATION_FORCING,1013.0,0.0,58.959,601.041,SYNTHETIC,15.617,2026-01-26T15:00:00+00:00,180.0,2.484
SIMULATION_FORCING,1013.0,0.0,64.45,425.0,SYNTHETIC,15.118,2026-01-26T16:00:00+00:00,180.0,1.651
SIMULATION_FORCING,1013.0,0.0,69.07,219.996,SYNTHETIC,14.323,2026-01-26T17:00:00+00:00,180.0,1.619
SIMULATION_FORCING,1013.0,0.0,73.228,0.0,SYNTHETIC,13.288,2026-01-26T18:00:00+00:00,180.0,2.161
SIMULATION_FORCING,1013.0,0.0,71.488,0.0,SYNTHETIC,12.082,2026-01-26T19:00:00+00:00,180.0,2.343
SIMULATION_FORCING,1013.0,0.0,72.934,0.0,SYNTHETIC,10.788,2026-01-26T20:00:00+00:00,180.0,2.08
SIMULATION_FORCING,1013.0,0.0,72.588,0.0,SYNTHETIC,9.494,2026-01-26T21:00:00+00:00,180.0,2.022
SIMULATION_FORCING,1013.0,0.0,70.025,0.0,SYNTHETIC,8.288,2026-01-26T22:00:00+00:00,180.0,2.367
SIMULATION_FORCING,1013.0,0.0,70.194,0.0,SYNTHETIC,7.252,2026-01-26T23:00:00+00:00,180.0,2.022
SIMULATION_FORCING,1013.0,0.0,70.838,0.0,SYNTHETIC,6.551,2026-01-27T00:00:00+00:00,180.0,2.213
SIMULATION_FORCING,1013.0,0.0,72.108,0.0,SYNTHETIC,6.052,2026-01-27T01:00:00+00:00,180.0,2.21
SIMULATION_FORCING,1013.0,0.0,70.049,0.0,SYNTHETIC,5.881,2026-01-27T02:00:00+00:00,180.0,1.815
SIMULATION_FORCING,1013.0,0.0,71.216,0.0,SYNTHETIC,6.052,2026-01-27T03:00:00+00:00,180.0,2.343
SIMULATION_FORCING,1013.0,0.0,73.833,0.0,SYNTHETIC,6.551,2026-01-27T04:00:00+00:00,180.0,1.64
SIMULATION_FORCING,1013.0,0.0,70.532,0.0,SYNTHETIC,7.346,2026-01-27T05:00:00+00:00,180.0,1.773
SIMULATION_FORCING,1013.0,0.0,70.368,0.0,SYNTHETIC,8.381,2026-01-27T06:00:00+00:00,180.0,2.423
SIMULATION_FORCING,1013.0,0.0,66.364,219.996,SYNTHETIC,9.587,2026-01-27T07:00:00+00:00,180.0,1.847
SIMULATION_FORCING,1013.0,0.0,63.146,425.0,SYNTHETIC,10.881,2026-01-27T08:00:00+00:00,180.0,1.562
SIMULATION_FORCING,1013.0,0.0,60.201,601.041,SYNTHETIC,12.176,2026-01-27T09:00:00+00:00,180.0,2.078
SIMULATION_FORCING,1013.0,0.0,56.198,736.122,SYNTHETIC,13.381,2026-01-27T10:00:00+00:00,180.0,2.478
SIMULATION_FORCING,1013.0,0.0,55.266,821.037,SYNTHETIC,14.417,2026-01-27T11:00:00+00:00,180.0,1.979
SIMULATION_FORCING,1013.0,0.0,54.056,850.0,SYNTHETIC,15.212,2026-01-27T12:00:00+00:00,180.0,1.613
SIMULATION_FORCING,1013.0,0.0,53.899,821.037,SYNTHETIC,15.711,2026-01-27T13:00:00+00:00,180.0,1.538
SIMULATION_FORCING,1013.0,0.0,56.702,736.122,SYNTHETIC,15.881,2026-01-27T14:00:00+00:00,180.0,2.336
SIMULATION_FORCING,1013.0,0.0,59.113,601.041,SYNTHETIC,15.711,2026-01-27T15:00:00+00:00,180.0,2.466
SIMULATION_FORCING,1013.0,0.0,62.41,425.0,SYNTHETIC,15.212,2026-01-27T16:00:00+00:00,180.0,1.735
SIMULATION_FORCING,1013.0,0.0,65.694,219.996,SYNTHETIC,14.417,2026-01-27T17:00:00+00:00,180.0,2.026
SIMULATION_FORCING,1013.0,0.0,73.942,0.0,SYNTHETIC,13.381,2026-01-27T18:00:00+00:00,180.0,2.239
SIMULATION_FORCING,1013.0,0.0,70.263,0.0,SYNTHETIC,12.176,2026-01-27T19:00:00+00:00,180.0,2.163
SIMULATION_FORCING,1013.0,0.0,71.672,0.0,SYNTHETIC,10.881,2026-01-27T20:00:00+00:00,180.0,1.934
SIMULATION_FORCING,1013.0,0.0,73.014,0.0,SYNTHETIC,9.587,2026-01-27T21:00:00+00:00,180.0,2.331
SIMULATION_FORCING,1013.0,0.0,72.795,0.0,SYNTHETIC,8.381,2026-01-27T22:00:00+00:00,180.0,2.469
SIMULATION_FORCING,1013.0,0.0,70.836,0.0,SYNTHETIC,7.346,2026-01-27T23:00:00+00:00,180.0,1.676
SIMULATION_FORCING,1013.0,0.0,71.022,0.0,SYNTHETIC,6.647,2026-01-28T00:00:00+00:00,180.0,1.799
SIMULATION_FORCING,1013.0,0.0,72.676,0.0,SYNTHETIC,6.148,2026-01-28T01:00:00+00:00,180.0,1.771
SIMULATION_FORCING,1013.0,0.0,72.519,0.0,SYNTHETIC,5.977,2026-01-28T02:00:00+00:00,180.0,1.626
SIMULATION_FORCING,1013.0,0.0,73.732,0.0,SYNTHETIC,6.148,2026-01-28T03:00:00+00:00,180.0,2.012
SIMULATION_FORCING,1013.0,0.0,73.054,0.0,SYNTHETIC,6.647,2026-01-28T04:00:00+00:00,180.0,1.513
SIMULATION_FORCING,1013.0,0.0,71.634,0.0,SYNTHETIC,7.442,2026-01-28T05:00:00+00:00,180.0,2.262
SIMULATION_FORCING,1013.0,0.0,72.251,0.0,SYNTHETIC,8.477,2026-01-28T06:00:00+00:00,180.0,2.416
SIMULATION_FORCING,1013.0,0.0,65.713,219.996,SYNTHETIC,9.683,2026-01-28T07:00:00+00:00,180.0,2.403
SIMULATION_FORCING,1013.0,0.0,63.34,425.0,SYNTHETIC,10.977,2026-01-28T08:00:00+00:00,180.0,1.581
SIMULATION_FORCING,1013.0,0.0,57.951,601.041,SYNTHETIC,12.271,2026-01-28T09:00:00+00:00,180.0,2.445
SIMULATION_FORCING,1013.0,0.0,55.678,736.122,SYNTHETIC,13.477,2026-01-28T10:00:00+00:00,180.0,2.49
SIMULATION_FORCING,1013.0,0.0,54.863,821.037,SYNTHETIC,14.513,2026-01-28T11:00:00+00:00,180.0,1.891
SIMULATION_FORCING,1013.0,0.0,54.575,850.0,SYNTHETIC,15.307,2026-01-28T12:00:00+00:00,180.0,2.124
SIMULATION_FORCING,1013.0,0.0,54.421,821.037,SYNTHETIC,15.807,2026-01-28T13:00:00+00:00,180.0,1.98
SIMULATION_FORCING,1013.0,0.0,55.371,736.122,SYNTHETIC,15.977,2026-01-28T14:00:00+00:00,180.0,1.797
SIMULATION_FORCING,1013.0,0.0,58.849,601.041,SYNTHETIC,15.807,2026-01-28T15:00:00+00:00,180.0,1.709
SIMULATION_FORCING,1013.0,0.0,63.371,425.0,SYNTHETIC,15.307,2026-01-28T16:00:00+00:00,180.0,2.071
SIMULATION_FORCING,1013.0,0.0,65.868,219.996,SYNTHETIC,14.513,2026-01-28T17:00:00+00:00,180.0,2.044
SIMULATION_FORCING,1013.0,0.0,70.592,0.0,SYNTHETIC,13.477,2026-01-28T18:00:00+00:00,180.0,1.959
SIMULATION_FORCING,1013.0,0.0,72.446,0.0,SYNTHETIC,12.271,2026-01-28T19:00:00+00:00,180.0,1.85
SIMULATION_FORCING,1013.0,0.0,70.152,0.0,SYNTHETIC,10.977,2026-01-28T20:00:00+00:00,180.0,1.505
SIMULATION_FORCING,1013.0,0.0,73.316,0.0,SYNTHETIC,9.683,2026-01-28T21:00:00+00:00,180.0,2.118
SIMULATION_FORCING,1013.0,0.0,71.273,0.0,SYNTHETIC,8.477,2026-01-28T22:00:00+00:00,180.0,2.415
SIMULATION_FORCING,1013.0,0.0,70.95,0.0,SYNTHETIC,7.442,2026-01-28T23:00:00+00:00,180.0,2.074
SIMULATION_FORCING,1013.0,0.0,71.18,0.0,SYNTHETIC,6.745,2026-01-29T00:00:00+00:00,180.0,1.829
SIMULATION_FORCING,1013.0,0.0,71.206,0.0,SYNTHETIC,6.246,2026-01-29T01:00:00+00:00,180.0,2.096
SIMULATION_FORCING,1013.0,0.0,70.259,0.0,SYNTHETIC,6.075,2026-01-29T02:00:00+00:00,180.0,1.727
SIMULATION_FORCING,1013.0,0.0,72.847,0.0,SYNTHETIC,6.246,2026-01-29T03:00:00+00:00,180.0,2.046
SIMULATION_FORCING,1013.0,0.0,70.202,0.0,SYNTHETIC,6.745,2026-01-29T04:00:00+00:00,180.0,1.706
SIMULATION_FORCING,1013.0,0.0,73.109,0.0,SYNTHETIC,7.54,2026-01-29T05:00:00+00:00,180.0,1.999
SIMULATION_FORCING,1013.0,0.0,72.425,0.0,SYNTHETIC,8.575,2026-01-29T06:00:00+00:00,180.0,1.747
SIMULATION_FORCING,1013.0,0.0,67.196,219.996,SYNTHETIC,9.781,2026-01-29T07:00:00+00:00,180.0,1.564
SIMULATION_FORCING,1013.0,0.0,61.21,425.0,SYNTHETIC,11.075,2026-01-29T08:00:00+00:00,180.0,1.998
SIMULATION_FORCING,1013.0,0.0,59.746,601.041,SYNTHETIC,12.369,2026-01-29T09:00:00+00:00,180.0,2.433
SIMULATION_FORCING,1013.0,0.0,57.729,736.122,SYNTHETIC,13.575,2026-01-29T10:00:00+00:00,180.0,2.354
SIMULATION_FORCING,1013.0,0.0,56.014,821.037,SYNTHETIC,14.611,2026-01-29T11:00:00+00:00,180.0,2.043
SIMULATION_FORCING,1013.0,0.0,53.702,850.0,SYNTHETIC,15.405,2026-01-29T12:00:00+00:00,180.0,1.987
SIMULATION_FORCING,1013.0,0.0,54.941,821.037,SYNTHETIC,15.905,2026-01-29T13:00:00+00:00,180.0,2.169
SIMULATION_FORCING,1013.0,0.0,56.932,736.122,SYNTHETIC,16.075,2026-01-29T14:00:00+00:00,180.0,2.306
SIMULATION_FORCING,1013.0,0.0,60.515,601.041,SYNTHETIC,15.905,2026-01-29T15:00:00+00:00,180.0,2.18
SIMULATION_FORCING,1013.0,0.0,63.837,425.0,SYNTHETIC,15.405,2026-01-29T16:00:00+00:00,180.0,2.043
SIMULATION_FORCING,1013.0,0.0,68.753,219.996,SYNTHETIC,14.611,2026-01-29T17:00:00+00:00,180.0,2.481
SIMULATION_FORCING,1013.0,0.0,73.83,0.0,SYNTHETIC,13.575,2026-01-29T18:00:00+00:00,180.0,1.669
SIMULATION_FORCING,1013.0,0.0,71.226,0.0,SYNTHETIC,12.369,2026-01-29T19:00:00+00:00,180.0,2.321
SIMULATION_FORCING,1013.0,0.0,72.46,0.0,SYNTHETIC,11.075,2026-01-29T20:00:00+00:00,180.0,2.219
SIMULATION_FORCING,1013.0,0.0,73.97,0.0,SYNTHETIC,9.781,2026-01-29T21:00:00+00:00,180.0,2.498
SIMULATION_FORCING,1013.0,0.0,73.373,0.0,SYNTHETIC,8.575,2026-01-29T22:00:00+00:00,180.0,2.364
SIMULATION_FORCING,1013.0,0.0,70.856,0.0,SYNTHETIC,7.54,2026-01-29T23:00:00+00:00,180.0,1.872
SIMULATION_FORCING,1013.0,0.0,71.216,0.0,SYNTHETIC,6.845,2026-01-30T00:00:00+00:00,180.0,1.868
SIMULATION_FORCING,1013.0,0.0,72.451,0.0,SYNTHETIC,6.346,2026-01-30T01:00:00+00:00,180.0,1.531
SIMULATION_FORCING,1013.0,0.0,72.357,0.0,SYNTHETIC,6.175,2026-01-30T02:00:00+00:00,180.0,2.109
SIMULATION_FORCING,1013.0,0.0,71.224,0.0,SYNTHETIC,6.346,2026-01-30T03:00:00+00:00,180.0,2.371
SIMULATION_FORCING,1013.0,0.0,72.096,0.0,SYNTHETIC,6.845,2026-01-30T04:00:00+00:00,180.0,1.915
SIMULATION_FORCING,1013.0,0.0,73.89,0.0,SYNTHETIC,7.64,2026-01-30T05:00:00+00:00,180.0,2.435
SIMULATION_FORCING,1013.0,0.0,71.116,0.0,SYNTHETIC,8.675,2026-01-30T06:00:00+00:00,180.0,2.279
SIMULATION_FORCING,1013.0,0.0,66.564,219.996,SYNTHETIC,9.881,2026-01-30T07:00:00+00:00,180.0,1.591
SIMULATION_FORCING,1013.0,0.0,62.749,425.0,SYNTHETIC,11.175,2026-01-30T08:00:00+00:00,180.0,1.821
SIMULATION_FORCING,1013.0,0.0,60.073,601.041,SYNTHETIC,12.469,2026-01-30T09:00:00+00:00,180.0,2.225
SIMULATION_FORCING,1013.0,0.0,58.142,736.122,SYNTHETIC,13.675,2026-01-30T10:00:00+00:00,180.0,2.206
SIMULATION_FORCING,1013.0,0.0,54.848,821.037,SYNTHETIC,14.711,2026-01-30T11:00:00+00:00,180.0,2.063
SIMULATION_FORCING,1013.0,0.0,54.111,850.0,SYNTHETIC,15.505,2026-01-30T12:00:00+00:00,180.0,2.03
SIMULATION_FORCING,1013.0,0.0,54.197,821.037,SYNTHETIC,16.005,2026-01-30T13:00:00+00:00,180.0,2.218
SIMULATION_FORCING,1013.0,0.0,57.174,736.122,SYNTHETIC,16.175,2026-01-30T14:00:00+00:00,180.0,1.568
SIMULATION_FORCING,1013.0,0.0,60.4,601.041,SYNTHETIC,16.005,2026-01-30T15:00:00+00:00,180.0,2.273
SIMULATION_FORCING,1013.0,0.0,64.29,425.0,SYNTHETIC,15.505,2026-01-30T16:00:00+00:00,180.0,2.164
SIMULATION_FORCING,1013.0,0.0,67.851,219.996,SYNTHETIC,14.711,2026-01-30T17:00:00+00:00,180.0,1.741
SIMULATION_FORCING,1013.0,0.0,71.81,0.0,SYNTHETIC,13.675,2026-01-30T18:00:00+00:00,180.0,1.569
SIMULATION_FORCING,1013.0,0.0,70.467,0.0,SYNTHETIC,12.469,2026-01-30T19:00:00+00:00,180.0,1.636
SIMULATION_FORCING,1013.0,0.0,71.412,0.0,SYNTHETIC,11.175,2026-01-30T20:00:00+00:00,180.0,2.06
SIMULATION_FORCING,1013.0,0.0,73.452,0.0,SYNTHETIC,9.881,2026-01-30T21:00:00+00:00,180.0,1.897
SIMULATION_FORCING,1013.0,0.0,73.764,0.0,SYNTHETIC,8.675,2026-01-30T22:00:00+00:00,180.0,1.731
SIMULATION_FORCING,1013.0,0.0,71.425,0.0,SYNTHETIC,7.64,2026-01-30T23:00:00+00:00,180.0,2.301
SIMULATION_FORCING,1013.0,0.0,73.122,0.0,SYNTHETIC,6.947,2026-01-31T00:00:00+00:00,180.0,2.049
SIMULATION_FORCING,1013.0,0.0,71.553,0.0,SYNTHETIC,6.448,2026-01-31T01:00:00+00:00,180.0,1.868
SIMULATION_FORCING,1013.0,0.0,70.452,0.0,SYNTHETIC,6.277,2026-01-31T02:00:00+00:00,180.0,1.58
SIMULATION_FORCING,1013.0,0.0,71.184,0.0,SYNTHETIC,6.448,2026-01-31T03:00:00+00:00,180.0,1.529
SIMULATION_FORCING,1013.0,0.0,70.805,0.0,SYNTHETIC,6.947,2026-01-31T04:00:00+00:00,180.0,2.05
SIMULATION_FORCING,1013.0,0.0,71.886,0.0,SYNTHETIC,7.742,2026-01-31T05:00:00+00:00,180.0,1.574
SIMULATION_FORCING,1013.0,0.0,70.139,0.0,SYNTHETIC,8.777,2026-01-31T06:00:00+00:00,180.0,1.868
SIMULATION_FORCING,1013.0,0.0,68.747,219.996,SYNTHETIC,9.983,2026-01-31T07:00:00+00:00,180.0,2.414
SIMULATION_FORCING,1013.0,0.0,64.759,425.0,SYNTHETIC,11.277,2026-01-31T08:00:00+00:00,180.0,1.889
SIMULATION_FORCING,1013.0,0.0,60.472,601.041,SYNTHETIC,12.571,2026-01-31T09:00:00+00:00,180.0,2.498
SIMULATION_FORCING,1013.0,0.0,57.904,736.122,SYNTHETIC,13.777,2026-01-31T10:00:00+00:00,180.0,1.639
SIMULATION_FORCING,1013.0,0.0,54.733,821.037,SYNTHETIC,14.813,2026-01-31T11:00:00+00:00,180.0,1.715
SIMULATION_FORCING,1013.0,0.0,55.536,850.0,SYNTHETIC,15.607,2026-01-31T12:00:00+00:00,180.0,2.047
SIMULATION_FORCING,1013.0,0.0,54.657,821.037,SYNTHETIC,16.107,2026-01-31T13:00:00+00:00,180.0,1.753
SIMULATION_FORCING,1013.0,0.0,56.506,736.122,SYNTHETIC,16.277,2026-01-31T14:00:00+00:00,180.0,1.9
SIMULATION_FORCING,1013.0,0.0,61.122,601.041,SYNTHETIC,16.107,2026-01-31T15:00:00+00:00,180.0,2.175
SIMULATION_FORCING,1013.0,0.0,63.9,425.0,SYNTHETIC,15.607,2026-01-31T16:00:00+00:00,180.0,2.34
SIMULATION_FORCING,1013.0,0.0,66.632,219.996,SYNTHETIC,14.813,2026-01-31T17:00:00+00:00,180.0,2.468
SIMULATION_FORCING,1013.0,0.0,72.966,0.0,SYNTHETIC,13.777,2026-01-31T18:00:00+00:00,180.0,2.112
SIMULATION_FORCING,1013.0,0.0,70.113,0.0,SYNTHETIC,12.571,2026-01-31T19:00:00+00:00,180.0,2.35
SIMULATION_FORCING,1013.0,0.0,70.178,0.0,SYNTHETIC,11.277,2026-01-31T20:00:00+00:00,180.0,1.632
SIMULATION_FORCING,1013.0,0.0,71.737,0.0,SYNTHETIC,9.983,2026-01-31T21:00:00+00:00,180.0,1.849
SIMULATION_FORCING,1013.0,0.0,70.111,0.0,SYNTHETIC,8.777,2026-01-31T22:00:00+00:00,180.0,1.991
SIMULATION_FORCING,1013.0,0.0,70.293,0.0,SYNTHETIC,7.742,2026-01-31T23:00:00+00:00,180.0,1.811
SIMULATION_FORCING,1013.0,0.0,73.767,0.0,SYNTHETIC,7.051,2026-02-01T00:00:00+00:00,180.0,1.809
SIMULATION_FORCING,1013.0,0.0,71.859,0.0,SYNTHETIC,6.552,2026-02-01T01:00:00+00:00,180.0,2.439
SIMULATION_FORCING,1013.0,0.0,73.455,0.0,SYNTHETIC,6.381,2026-02-01T02:00:00+00:00,180.0,1.716
SIMULATION_FORCING,1013.0,0.0,73.079,0.0,SYNTHETIC,6.552,2026-02-01T03:00:00+00:00,180.0,1.945
SIMULATION_FORCING,1013.0,0.0,73.913,0.0,SYNTHETIC,7.051,2026-02-01T04:00:00+00:00,180.0,1.608
SIMULATION_FORCING,1013.0,0.0,71.901,0.0,SYNTHETIC,7.846,2026-02-01T05:00:00+00:00,180.0,2.264
SIMULATION_FORCING,1013.0,0.0,70.054,0.0,SYNTHETIC,8.881,2026-02-01T06:00:00+00:00,180.0,2.344
SIMULATION_FORCING,1013.0,0.0,67.096,219.996,SYNTHETIC,10.087,2026-02-01T07:00:00+00:00,180.0,1.866
SIMULATION_FORCING,1013.0,0.0,61.623,425.0,SYNTHETIC,11.381,2026-02-01T08:00:00+00:00,180.0,2.067
SIMULATION_FORCING,1013.0,0.0,58.478,601.041,SYNTHETIC,12.675,2026-02-01T09:00:00+00:00,180.0,1.542
SIMULATION_FORCING,1013.0,0.0,55.013,736.122,SYNTHETIC,13.881,2026-02-01T10:00:00+00:00,180.0,2.251
SIMULATION_FORCING,1013.0,0.0,55.631,821.037,SYNTHETIC,14.917,2026-02-01T11:00:00+00:00,180.0,1.819
SIMULATION_FORCING,1013.0,0.0,55.154,850.0,SYNTHETIC,15.711,2026-02-01T12:00:00+00:00,180.0,1.51
SIMULATION_FORCING,1013.0,0.0,54.004,821.037,SYNTHETIC,16.211,2026-02-01T13:00:00+00:00,180.0,2.007
SIMULATION_FORCING,1013.0,0.0,56.895,736.122,SYNTHETIC,16.381,2026-02-01T14:00:00+00:00,180.0,1.561
SIMULATION_FORCING,1013.0,0.0,57.428,601.041,SYNTHETIC,16.211,2026-02-01T15:00:00+00:00,180.0,2.027
SIMULATION_FORCING,1013.0,0.0,63.766,425.0,SYNTHETIC,15.711,2026-02-01T16:00:00+00:00,180.0,1.785
SIMULATION_FORCING,1013.0,0.0,68.031,219.996,SYNTHETIC,14.917,2026-02-01T17:00:00+00:00,180.0,1.585
SIMULATION_FORCING,1013.0,0.0,71.145,0.0,SYNTHETIC,13.881,2026-02-01T18:00:00+00:00,180.0,2.307
SIMULATION_FORCING,1013.0,0.0,70.194,0.0,SYNTHETIC,12.675,2026-02-01T19:00:00+00:00,180.0,2.072
SIMULATION_FORCING,1013.0,0.0,70.984,0.0,SYNTHETIC,11.381,2026-02-01T20:00:00+00:00,180.0,2.269
SIMULATION_FORCING,1013.0,0.0,70.022,0.0,SYNTHETIC,10.087,2026-02-01T21:00:00+00:00,180.0,1.898
SIMULATION_FORCING,1013.0,0.0,73.137,0.0,SYNTHETIC,8.881,2026-02-01T22:00:00+00:00,180.0,1.716
SIMULATION_FORCING,1013.0,0.0,71.444,0.0,SYNTHETIC,7.846,2026-02-01T23:00:00+00:00,180.0,1.624
SIMULATION_FORCING,1013.0,0.0,70.296,0.0,SYNTHETIC,7.157,2026-02-02T00:00:00+00:00,180.0,2.237
SIMULATION_FORCING,1013.0,0.0,73.955,0.0,SYNTHETIC,6.658,2026-02-02T01:00:00+00:00,180.0,1.859
SIMULATION_FORCING,1013.0,0.0,70.992,0.0,SYNTHETIC,6.487,2026-02-02T02:00:00+00:00,180.0,2.5
SIMULATION_FORCING,1013.0,0.0,73.529,0.0,SYNTHETIC,6.658,2026-02-02T03:00:00+00:00,180.0,2.22
SIMULATION_FORCING,1013.0,0.0,73.922,0.0,SYNTHETIC,7.157,2026-02-02T04:00:00+00:00,180.0,1.625
SIMULATION_FORCING,1013.0,0.0,73.455,0.0,SYNTHETIC,7.952,2026-02-02T05:00:00+00:00,180.0,1.514
SIMULATION_FORCING,1013.0,0.0,73.749,0.0,SYNTHETIC,8.987,2026-02-02T06:00:00+00:00,180.0,2.432
SIMULATION_FORCING,1013.0,0.0,67.648,219.996,SYNTHETIC,10.193,2026-02-02T07:00:00+00:00,180.0,2.008
SIMULATION_FORCING,1013.0,0.0,63.019,425.0,SYNTHETIC,11.487,2026-02-02T08:00:00+00:00,180.0,2.193
SIMULATION_FORCING,1013.0,0.0,61.122,601.041,SYNTHETIC,12.781,2026-02-02T09:00:00+00:00,180.0,2.407
SIMULATION_FORCING,1013.0,0.0,57.712,736.122,SYNTHETIC,13.987,2026-02-02T10:00:00+00:00,180.0,1.615
SIMULATION_FORCING,1013.0,0.0,53.979,821.037,SYNTHETIC,15.023,2026-02-02T11:00:00+00:00,180.0,1.979
SIMULATION_FORCING,1013.0,0.0,55.762,850.0,SYNTHETIC,15.817,2026-02-02T12:00:00+00:00,180.0,2.447
SIMULATION_FORCING,1013.0,0.0,54.54,821.037,SYNTHETIC,16.317,2026-02-02T13:00:00+00:00,180.0,1.931
SIMULATION_FORCING,1013.0,0.0,56.94,736.122,SYNTHETIC,16.487,2026-02-02T14:00:00+00:00,180.0,1.677
SIMULATION_FORCING,1013.0,0.0,57.311,601.041,SYNTHETIC,16.317,2026-02-02T15:00:00+00:00,180.0,1.926
SIMULATION_FORCING,1013.0,0.0,63.249,425.0,SYNTHETIC,15.817,2026-02-02T16:00:00+00:00,180.0,2.373
SIMULATION_FORCING,1013.0,0.0,67.301,219.996,SYNTHETIC,15.023,2026-02-02T17:00:00+00:00,180.0,1.604
SIMULATION_FORCING,1013.0,0.0,71.164,0.0,SYNTHETIC,13.987,2026-02-02T18:00:00+00:00,180.0,2.194
SIMULATION_FORCING,1013.0,0.0,71.978,0.0,SYNTHETIC,12.781,2026-02-02T19:00:00+00:00,180.0,2.216
SIMULATION_FORCING,1013.0,0.0,72.357,0.0,SYNTHETIC,11.487,2026-02-02T20:00:00+00:00,180.0,1.996
SIMULATION_FORCING,1013.0,0.0,73.233,0.0,SYNTHETIC,10.193,2026-02-02T21:00:00+00:00,180.0,1.549
SIMULATION_FORCING,1013.0,0.0,73.812,0.0,SYNTHETIC,8.987,2026-02-02T22:00:00+00:00,180.0,2.132
SIMULATION_FORCING,1013.0,0.0,71.362,0.0,SYNTHETIC,7.952,2026-02-02T23:00:00+00:00,180.0,2.13
SIMULATION_FORCING,1013.0,0.0,71.804,0.0,SYNTHETIC,7.265,2026-02-03T00:00:00+00:00,180.0,2.198
SIMULATION_FORCING,1013.0,0.0,72.423,0.0,SYNTHETIC,6.765,2026-02-03T01:00:00+00:00,180.0,2.102
SIMULATION_FORCING,1013.0,0.0,72.478,0.0,SYNTHETIC,6.595,2026-02-03T02:00:00+00:00,180.0,1.935
SIMULATION_FORCING,1013.0,0.0,72.598,0.0,SYNTHETIC,6.765,2026-02-03T03:00:00+00:00,180.0,1.74
SIMULATION_FORCING,1013.0,0.0,73.397,0.0,SYNTHETIC,7.265,2026-02-03T04:00:00+00:00,180.0,1.685
SIMULATION_FORCING,1013.0,0.0,73.486,0.0,SYNTHETIC,8.06,2026-02-03T05:00:00+00:00,180.0,1.542
SIMULATION_FORCING,1013.0,0.0,70.232,0.0,SYNTHETIC,9.095,2026-02-03T06:00:00+00:00,180.0,1.775
SIMULATION_FORCING,1013.0,0.0,66.006,219.996,SYNTHETIC,10.301,2026-02-03T07:00:00+00:00,180.0,2.462
SIMULATION_FORCING,1013.0,0.0,63.573,425.0,SYNTHETIC,11.595,2026-02-03T08:00:00+00:00,180.0,1.593
SIMULATION_FORCING,1013.0,0.0,60.695,601.041,SYNTHETIC,12.889,2026-02-03T09:00:00+00:00,180.0,2.474
SIMULATION_FORCING,1013.0,0.0,56.143,736.122,SYNTHETIC,14.095,2026-02-03T10:00:00+00:00,180.0,2.035
SIMULATION_FORCING,1013.0,0.0,53.181,821.037,SYNTHETIC,15.131,2026-02-03T11:00:00+00:00,180.0,2.058
SIMULATION_FORCING,1013.0,0.0,53.219,850.0,SYNTHETIC,15.925,2026-02-03T12:00:00+00:00,180.0,2.233
SIMULATION_FORCING,1013.0,0.0,52.904,821.037,SYNTHETIC,16.425,2026-02-03T13:00:00+00:00,180.0,1.833
SIMULATION_FORCING,1013.0,0.0,57.074,736.122,SYNTHETIC,16.595,2026-02-03T14:00:00+00:00,180.0,2.104
SIMULATION_FORCING,1013.0,0.0,59.064,601.041,SYNTHETIC,16.425,2026-02-03T15:00:00+00:00,180.0,2.112
SIMULATION_FORCING,1013.0,0.0,64.787,425.0,SYNTHETIC,15.925,2026-02-03T16:00:00+00:00,180.0,1.943
SIMULATION_FORCING,1013.0,0.0,66.82,219.996,SYNTHETIC,15.131,2026-02-03T17:00:00+00:00,180.0,2.315
SIMULATION_FORCING,1013.0,0.0,73.336,0.0,SYNTHETIC,14.095,2026-02-03T18:00:00+00:00,180.0,1.663
SIMULATION_FORCING,1013.0,0.0,71.714,0.0,SYNTHETIC,12.889,2026-02-03T19:00:00+00:00,180.0,2.309
SIMULATION_FORCING,1013.0,0.0,72.759,0.0,SYNTHETIC,11.595,2026-02-03T20:00:00+00:00,180.0,1.737
SIMULATION_FORCING,1013.0,0.0,71.905,0.0,SYNTHETIC,10.301,2026-02-03T21:00:00+00:00,180.0,1.512
SIMULATION_FORCING,1013.0,0.0,72.572,0.0,SYNTHETIC,9.095,2026-02-03T22:00:00+00:00,180.0,1.996
SIMULATION_FORCING,1013.0,0.0,72.499,0.0,SYNTHETIC,8.06,2026-02-03T23:00:00+00:00,180.0,1.845
SIMULATION_FORCING,1013.0,0.0,73.17,0.0,SYNTHETIC,7.375,2026-02-04T00:00:00+00:00,180.0,1.68
SIMULATION_FORCING,1013.0,0.0,73.719,0.0,SYNTHETIC,6.875,2026-02-04T01:00:00+00:00,180.0,1.884
SIMULATION_FORCING,1013.0,0.0,73.909,0.0,SYNTHETIC,6.705,2026-02-04T02:00:00+00:00,180.0,2.003
SIMULATION_FORCING,1013.0,0.0,71.129,0.0,SYNTHETIC,6.875,2026-02-04T03:00:00+00:00,180.0,1.742
SIMULATION_FORCING,1013.0,0.0,71.727,0.0,SYNTHETIC,7.375,2026-02-04T04:00:00+00:00,180.0,2.099
SIMULATION_FORCING,1013.0,0.0,71.23,0.0,SYNTHETIC,8.169,2026-02-04T05:00:00+00:00,180.0,1.969
SIMULATION_FORCING,1013.0,0.0,70.651,0.0,SYNTHETIC,9.205,2026-02-04T06:00:00+00:00,180.0,1.594
SIMULATION_FORCING,1013.0,0.0,65.646,219.996,SYNTHETIC,10.411,2026-02-04T07:00:00+00:00,180.0,1.881
SIMULATION_FORCING,1013.0,0.0,62.374,425.0,SYNTHETIC,11.705,2026-02-04T08:00:00+00:00,180.0,2.19
SIMULATION_FORCING,1013.0,0.0,58.494,601.041,SYNTHETIC,12.999,2026-02-04T09:00:00+00:00,180.0,1.835
SIMULATION_FORCING,1013.0,0.0,57.043,736.122,SYNTHETIC,14.205,2026-02-04T10:00:00+00:00,180.0,2.305
SIMULATION_FORCING,1013.0,0.0,55.054,821.037,SYNTHETIC,15.24,2026-02-04T11:00:00+00:00,180.0,1.984
SIMULATION_FORCING,1013.0,0.0,54.09,850.0,SYNTHETIC,16.035,2026-02-04T12:00:00+00:00,180.0,2.222
SIMULATION_FORCING,1013.0,0.0,55.314,821.037,SYNTHETIC,16.535,2026-02-04T13:00:00+00:00,180.0,2.293
SIMULATION_FORCING,1013.0,0.0,55.958,736.122,SYNTHETIC,16.705,2026-02-04T14:00:00+00:00,180.0,1.605
SIMULATION_FORCING,1013.0,0.0,57.579,601.041,SYNTHETIC,16.535,2026-02-04T15:00:00+00:00,180.0,2.193
SIMULATION_FORCING,1013.0,0.0,61.017,425.0,SYNTHETIC,16.035,2026-02-04T16:00:00+00:00,180.0,2.183
SIMULATION_FORCING,1013.0,0.0,69.252,219.996,SYNTHETIC,15.24,2026-02-04T17:00:00+00:00,180.0,1.567
SIMULATION_FORCING,1013.0,0.0,71.278,0.0,SYNTHETIC,14.205,2026-02-04T18:00:00+00:00,180.0,1.814
SIMULATION_FORCING,1013.0,0.0,72.746,0.0,SYNTHETIC,12.999,2026-02-04T19:00:00+00:00,180.0,2.027
SIMULATION_FORCING,1013.0,0.0,72.041,0.0,SYNTHETIC,11.705,2026-02-04T20:00:00+00:00,180.0,2.476
SIMULATION_FORCING,1013.0,0.0,71.887,0.0,SYNTHETIC,10.411,2026-02-04T21:00:00+00:00,180.0,1.565
SIMULATION_FORCING,1013.0,0.0,70.517,0.0,SYNTHETIC,9.205,2026-02-04T22:00:00+00:00,180.0,2.465
SIMULATION_FORCING,1013.0,0.0,73.084,0.0,SYNTHETIC,8.169,2026-02-04T23:00:00+00:00,180.0,2.229
SIMULATION_FORCING,1013.0,0.0,73.194,0.0,SYNTHETIC,7.486,2026-02-05T00:00:00+00:00,180.0,1.82
SIMULATION_FORCING,1013.0,0.0,70.67,0.0,SYNTHETIC,6.987,2026-02-05T01:00:00+00:00,180.0,1.567
SIMULATION_FORCING,1013.0,0.0,70.872,0.0,SYNTHETIC,6.817,2026-02-05T02:00:00+00:00,180.0,2.273
SIMULATION_FORCING,1013.0,0.0,72.242,0.0,SYNTHETIC,6.987,2026-02-05T03:00:00+00:00,180.0,2.259
SIMULATION_FORCING,1013.0,0.0,72.53,0.0,SYNTHETIC,7.486,2026-02-05T04:00:00+00:00,180.0,2.002
SIMULATION_FORCING,1013.0,0.0,72.39,0.0,SYNTHETIC,8.281,2026-02-05T05:00:00+00:00,180.0,2.175
SIMULATION_FORCING,1013.0,0.0,70.359,0.0,SYNTHETIC,9.317,2026-02-05T06:00:00+00:00,180.0,2.121
SIMULATION_FORCING,1013.0,0.0,67.694,219.996,SYNTHETIC,10.522,2026-02-05T07:00:00+00:00,180.0,2.073
SIMULATION_FORCING,1013.0,0.0,61.852,425.0,SYNTHETIC,11.817,2026-02-05T08:00:00+00:00,180.0,2.122
SIMULATION_FORCING,1013.0,0.0,59.079,601.041,SYNTHETIC,13.111,2026-02-05T09:00:00+00:00,180.0,2.365
SIMULATION_FORCING,1013.0,0.0,56.253,736.122,SYNTHETIC,14.317,2026-02-05T10:00:00+00:00,180.0,1.933
SIMULATION_FORCING,1013.0,0.0,54.802,821.037,SYNTHETIC,15.352,2026-02-05T11:00:00+00:00,180.0,1.591
SIMULATION_FORCING,1013.0,0.0,54.765,850.0,SYNTHETIC,16.147,2026-02-05T12:00:00+00:00,180.0,2.342
SIMULATION_FORCING,1013.0,0.0,53.61,821.037,SYNTHETIC,16.646,2026-02-05T13:00:00+00:00,180.0,2.379
SIMULATION_FORCING,1013.0,0.0,56.753,736.122,SYNTHETIC,16.817,2026-02-05T14:00:00+00:00,180.0,1.744
SIMULATION_FORCING,1013.0,0.0,61.12,601.041,SYNTHETIC,16.646,2026-02-05T15:00:00+00:00,180.0,2.198
SIMULATION_FORCING,1013.0,0.0,61.884,425.0,SYNTHETIC,16.147,2026-02-05T16:00:00+00:00,180.0,2.255
SIMULATION_FORCING,1013.0,0.0,69.127,219.996,SYNTHETIC,15.352,2026-02-05T17:00:00+00:00,180.0,1.88
SIMULATION_FORCING,1013.0,0.0,73.467,0.0,SYNTHETIC,14.317,2026-02-05T18:00:00+00:00,180.0,1.513
SIMULATION_FORCING,1013.0,0.0,72.411,0.0,SYNTHETIC,13.111,2026-02-05T19:00:00+00:00,180.0,1.724
SIMULATION_FORCING,1013.0,0.0,71.476,0.0,SYNTHETIC,11.817,2026-02-05T20:00:00+00:00,180.0,2.1
SIMULATION_FORCING,1013.0,0.0,70.145,0.0,SYNTHETIC,10.522,2026-02-05T21:00:00+00:00,180.0,2.421
SIMULATION_FORCING,1013.0,0.0,71.204,0.0,SYNTHETIC,9.317,2026-02-05T22:00:00+00:00,180.0,2.23
SIMULATION_FORCING,1013.0,0.0,70.387,0.0,SYNTHETIC,8.281,2026-02-05T23:00:00+00:00,180.0,1.758
SIMULATION_FORCING,1013.0,0.0,71.111,0.0,SYNTHETIC,7.6,2026-02-06T00:00:00+00:00,180.0,1.714
SIMULATION_FORCING,1013.0,0.0,70.883,0.0,SYNTHETIC,7.1,2026-02-06T01:00:00+00:00,180.0,1.58
SIMULATION_FORCING,1013.0,0.0,72.804,0.0,SYNTHETIC,6.93,2026-02-06T02:00:00+00:00,180.0,2.066
SIMULATION_FORCING,1013.0,0.0,70.81,0.0,SYNTHETIC,7.1,2026-02-06T03:00:00+00:00,180.0,2.125
SIMULATION_FORCING,1013.0,0.0,71.555,0.0,SYNTHETIC,7.6,2026-02-06T04:00:00+00:00,180.0,1.548
SIMULATION_FORCING,1013.0,0.0,70.419,0.0,SYNTHETIC,8.394,2026-02-06T05:00:00+00:00,180.0,1.757
SIMULATION_FORCING,1013.0,0.0,72.812,0.0,SYNTHETIC,9.43,2026-02-06T06:00:00+00:00,180.0,2.347
SIMULATION_FORCING,1013.0,0.0,67.735,219.996,SYNTHETIC,10.636,2026-02-06T07:00:00+00:00,180.0,1.849
SIMULATION_FORCING,1013.0,0.0,64.278,425.0,SYNTHETIC,11.93,2026-02-06T08:00:00+00:00,180.0,2.257
SIMULATION_FORCING,1013.0,0.0,59.637,601.041,SYNTHETIC,13.224,2026-02-06T09:00:00+00:00,180.0,1.819
SIMULATION_FORCING,1013.0,0.0,56.114,736.122,SYNTHETIC,14.43,2026-02-06T10:00:00+00:00,180.0,2.461
SIMULATION_FORCING,1013.0,0.0,56.504,821.037,SYNTHETIC,15.466,2026-02-06T11:00:00+00:00,180.0,2.04
SIMULATION_FORCING,1013.0,0.0,53.048,850.0,SYNTHETIC,16.26,2026-02-06T12:00:00+00:00,180.0,1.831
SIMULATION_FORCING,1013.0,0.0,56.172,821.037,SYNTHETIC,16.76,2026-02-06T13:00:00+00:00,180.0,1.704
SIMULATION_FORCING,1013.0,0.0,55.937,736.122,SYNTHETIC,16.93,2026-02-06T14:00:00+00:00,180.0,2.426
SIMULATION_FORCING,1013.0,0.0,60.243,601.041,SYNTHETIC,16.76,2026-02-06T15:00:00+00:00,180.0,2.126
SIMULATION_FORCING,1013.0,0.0,63.909,425.0,SYNTHETIC,16.26,2026-02-06T16:00:00+00:00,180.0,2.093
SIMULATION_FORCING,1013.0,0.0,68.786,219.996,SYNTHETIC,15.466,2026-02-06T17:00:00+00:00,180.0,2.048
SIMULATION_FORCING,1013.0,0.0,71.606,0.0,SYNTHETIC,14.43,2026-02-06T18:00:00+00:00,180.0,2.255
SIMULATION_FORCING,1013.0,0.0,72.334,0.0,SYNTHETIC,13.224,2026-02-06T19:00:00+00:00,180.0,1.836
SIMULATION_FORCING,1013.0,0.0,72.511,0.0,SYNTHETIC,11.93,2026-02-06T20:00:00+00:00,180.0,2.231
SIMULATION_FORCING,1013.0,0.0,71.384,0.0,SYNTHETIC,10.636,2026-02-06T21:00:00+00:00,180.0,1.645
SIMULATION_FORCING,1013.0,0.0,70.463,0.0,SYNTHETIC,9.43,2026-02-06T22:00:00+00:00,180.0,2.421
SIMULATION_FORCING,1013.0,0.0,70.478,0.0,SYNTHETIC,8.394,2026-02-06T23:00:00+00:00,180.0,2.202
SIMULATION_FORCING,1013.0,0.0,73.825,0.0,SYNTHETIC,7.715,2026-02-07T00:00:00+00:00,180.0,2.436
SIMULATION_FORCING,1013.0,0.0,72.056,0.0,SYNTHETIC,7.216,2026-02-07T01:00:00+00:00,180.0,2.228
SIMULATION_FORCING,1013.0,0.0,73.376,0.0,SYNTHETIC,7.045,2026-02-07T02:00:00+00:00,180.0,2.4
SIMULATION_FORCING,1013.0,0.0,72.291,0.0,SYNTHETIC,7.216,2026-02-07T03:00:00+00:00,180.0,1.791
SIMULATION_FORCING,1013.0,0.0,70.162,0.0,SYNTHETIC,7.715,2026-02-07T04:00:00+00:00,180.0,1.75
SIMULATION_FORCING,1013.0,0.0,73.288,0.0,SYNTHETIC,8.51,2026-02-07T05:00:00+00:00,180.0,2.131
SIMULATION_FORCING,1013.0,0.0,73.03,0.0,SYNTHETIC,9.545,2026-02-07T06:00:00+00:00,180.0,2.109
SIMULATION_FORCING,1013.0,0.0,66.704,219.996,SYNTHETIC,10.751,2026-02-07T07:00:00+00:00,180.0,2.387
SIMULATION_FORCING,1013.0,0.0,63.778,425.0,SYNTHETIC,12.045,2026-02-07T08:00:00+00:00,180.0,1.601
SIMULATION_FORCING,1013.0,0.0,60.537,601.041,SYNTHETIC,13.339,2026-02-07T09:00:00+00:00,180.0,1.533
SIMULATION_FORCING,1013.0,0.0,56.399,736.122,SYNTHETIC,14.545,2026-02-07T10:00:00+00:00,180.0,1.827
SIMULATION_FORCING,1013.0,0.0,52.81,821.037,SYNTHETIC,15.581,2026-02-07T11:00:00+00:00,180.0,2.453
SIMULATION_FORCING,1013.0,0.0,54.488,850.0,SYNTHETIC,16.375,2026-02-07T12:00:00+00:00,180.0,2.3
SIMULATION_FORCING,1013.0,0.0,55.327,821.037,SYNTHETIC,16.875,2026-02-07T13:00:00+00:00,180.0,2.296
SIMULATION_FORCING,1013.0,0.0,55.327,736.122,SYNTHETIC,17.045,2026-02-07T14:00:00+00:00,180.0,1.784
SIMULATION_FORCING,1013.0,0.0,59.277,601.041,SYNTHETIC,16.875,2026-02-07T15:00:00+00:00,180.0,1.516
SIMULATION_FORCING,1013.0,0.0,64.834,425.0,SYNTHETIC,16.375,2026-02-07T16:00:00+00:00,180.0,1.933
SIMULATION_FORCING,1013.0,0.0,65.875,219.996,SYNTHETIC,15.581,2026-02-07T17:00:00+00:00,180.0,1.751
SIMULATION_FORCING,1013.0,0.0,72.952,0.0,SYNTHETIC,14.545,2026-02-07T18:00:00+00:00,180.0,1.71
SIMULATION_FORCING,1013.0,0.0,73.893,0.0,SYNTHETIC,13.339,2026-02-07T19:00:00+00:00,180.0,1.8
SIMULATION_FORCING,1013.0,0.0,73.235,0.0,SYNTHETIC,12.045,2026-02-07T20:00:00+00:00,180.0,1.887
SIMULATION_FORCING,1013.0,0.0,73.632,0.0,SYNTHETIC,10.751,2026-02-07T21:00:00+00:00,180.0,1.989
SIMULATION_FORCING,1013.0,0.0,71.733,0.0,SYNTHETIC,9.545,2026-02-07T22:00:00+00:00,180.0,1.929
SIMULATION_FORCING,1013.0,0.0,73.037,0.0,SYNTHETIC,8.51,2026-02-07T23:00:00+00:00,180.0,2.116
SIMULATION_FORCING,1013.0,0.0,73.176,0.0,SYNTHETIC,7.832,2026-02-08T00:00:00+00:00,180.0,2.091
SIMULATION_FORCING,1013.0,0.0,72.672,0.0,SYNTHETIC,7.333,2026-02-08T01:00:00+00:00,180.0,2.192
SIMULATION_FORCING,1013.0,0.0,71.126,0.0,SYNTHETIC,7.162,2026-02-08T02:00:00+00:00,180.0,1.577
SIMULATION_FORCING,1013.0,0.0,70.869,0.0,SYNTHETIC,7.333,2026-02-08T03:00:00+00:00,180.0,1.991
SIMULATION_FORCING,1013.0,0.0,70.154,0.0,SYNTHETIC,7.832,2026-02-08T04:00:00+00:00,180.0,2.352
SIMULATION_FORCING,1013.0,0.0,71.217,0.0,SYNTHETIC,8.627,2026-02-08T05:00:00+00:00,180.0,2.369
SIMULATION_FORCING,1013.0,0.0,73.276,0.0,SYNTHETIC,9.662,2026-02-08T06:00:00+00:00,180.0,1.608
SIMULATION_FORCING,1013.0,0.0,68.349,219.996,SYNTHETIC,10.868,2026-02-08T07:00:00+00:00,180.0,2.266
SIMULATION_FORCING,1013.0,0.0,62.181,425.0,SYNTHETIC,12.162,2026-02-08T08:00:00+00:00,180.0,1.56
SIMULATION_FORCING,1013.0,0.0,57.754,601.041,SYNTHETIC,13.456,2026-02-08T09:00:00+00:00,180.0,1.566
SIMULATION_FORCING,1013.0,0.0,54.553,736.122,SYNTHETIC,14.662,2026-02-08T10:00:00+00:00,180.0,1.721
SIMULATION_FORCING,1013.0,0.0,55.948,821.037,SYNTHETIC,15.698,2026-02-08T11:00:00+00:00,180.0,1.931
SIMULATION_FORCING,1013.0,0.0,54.842,850.0,SYNTHETIC,16.492,2026-02-08T12:00:00+00:00,180.0,2.151
SIMULATION_FORCING,1013.0,0.0,53.4,821.037,SYNTHETIC,16.992,2026-02-08T13:00:00+00:00,180.0,2.371
SIMULATION_FORCING,1013.0,0.0,56.363,736.122,SYNTHETIC,17.162,2026-02-08T14:00:00+00:00,180.0,2.233
SIMULATION_FORCING,1013.0,0.0,58.335,601.041,SYNTHETIC,16.992,2026-02-08T15:00:00+00:00,180.0,2.16
SIMULATION_FORCING,1013.0,0.0,63.442,425.0,SYNTHETIC,16.492,2026-02-08T16:00:00+00:00,180.0,1.659
SIMULATION_FORCING,1013.0,0.0,65.648,219.996,SYNTHETIC,15.698,2026-02-08T17:00:00+00:00,180.0,2.24
SIMULATION_FORCING,1013.0,0.0,71.663,0.0,SYNTHETIC,14.662,2026-02-08T18:00:00+00:00,180.0,1.972
SIMULATION_FORCING,1013.0,0.0,72.54,0.0,SYNTHETIC,13.456,2026-02-08T19:00:00+00:00,180.0,2.343
SIMULATION_FORCING,1013.0,0.0,73.355,0.0,SYNTHETIC,12.162,2026-02-08T20:00:00+00:00,180.0,2.427
SIMULATION_FORCING,1013.0,0.0,71.613,0.0,SYNTHETIC,10.868,2026-02-08T21:00:00+00:00,180.0,2.067
SIMULATION_FORCING,1013.0,0.0,72.385,0.0,SYNTHETIC,9.662,2026-02-08T22:00:00+00:00,180.0,2.153
SIMULATION_FORCING,1013.0,0.0,70.416,0.0,SYNTHETIC,8.627,2026-02-08T23:00:00+00:00,180.0,2.47
SIMULATION_FORCING,1013.0,0.0,71.415,0.0,SYNTHETIC,7.951,2026-02-09T00:00:00+00:00,180.0,1.711
SIMULATION_FORCING,1013.0,0.0,72.209,0.0,SYNTHETIC,7.451,2026-02-09T01:00:00+00:00,180.0,2.035
SIMULATION_FORCING,1013.0,0.0,73.317,0.0,SYNTHETIC,7.281,2026-02-09T02:00:00+00:00,180.0,1.506
SIMULATION_FORCING,1013.0,0.0,73.687,0.0,SYNTHETIC,7.451,2026-02-09T03:00:00+00:00,180.0,2.287
SIMULATION_FORCING,1013.0,0.0,72.812,0.0,SYNTHETIC,7.951,2026-02-09T04:00:00+00:00,180.0,2.445
SIMULATION_FORCING,1013.0,0.0,71.851,0.0,SYNTHETIC,8.746,2026-02-09T05:00:00+00:00,180.0,2.446
SIMULATION_FORCING,1013.0,0.0,72.527,0.0,SYNTHETIC,9.781,2026-02-09T06:00:00+00:00,180.0,1.718
SIMULATION_FORCING,1013.0,0.0,65.483,219.996,SYNTHETIC,10.987,2026-02-09T07:00:00+00:00,180.0,2.289
SIMULATION_FORCING,1013.0,0.0,61.835,425.0,SYNTHETIC,12.281,2026-02-09T08:00:00+00:00,180.0,2.481
SIMULATION_FORCING,1013.0,0.0,58.452,601.041,SYNTHETIC,13.575,2026-02-09T09:00:00+00:00,180.0,1.961
SIMULATION_FORCING,1013.0,0.0,57.526,736.122,SYNTHETIC,14.781,2026-02-09T10:00:00+00:00,180.0,1.879
SIMULATION_FORCING,1013.0,0.0,54.115,821.037,SYNTHETIC,15.817,2026-02-09T11:00:00+00:00,180.0,1.863
SIMULATION_FORCING,1013.0,0.0,55.664,850.0,SYNTHETIC,16.611,2026-02-09T12:00:00+00:00,180.0,1.743
SIMULATION_FORCING,1013.0,0.0,53.067,821.037,SYNTHETIC,17.111,2026-02-09T13:00:00+00:00,180.0,1.992
SIMULATION_FORCING,1013.0,0.0,55.581,736.122,SYNTHETIC,17.281,2026-02-09T14:00:00+00:00,180.0,2.33
SIMULATION_FORCING,1013.0,0.0,60.899,601.041,SYNTHETIC,17.111,2026-02-09T15:00:00+00:00,180.0,1.643
SIMULATION_FORCING,1013.0,0.0,62.976,425.0,SYNTHETIC,16.611,2026-02-09T16:00:00+00:00,180.0,1.94
SIMULATION_FORCING,1013.0,0.0,69.319,219.996,SYNTHETIC,15.817,2026-02-09T17:00:00+00:00,180.0,2.151
SIMULATION_FORCING,1013.0,0.0,71.208,0.0,SYNTHETIC,14.781,2026-02-09T18:00:00+00:00,180.0,2.477
SIMULATION_FORCING,1013.0,0.0,71.771,0.0,SYNTHETIC,13.575,2026-02-09T19:00:00+00:00,180.0,2.442
SIMULATION_FORCING,1013.0,0.0,73.878,0.0,SYNTHETIC,12.281,2026-02-09T20:00:00+00:00,180.0,2.164
SIMULATION_FORCING,1013.0,0.0,71.97,0.0,SYNTHETIC,10.987,2026-02-09T21:00:00+00:00,180.0,1.512
SIMULATION_FORCING,1013.0,0.0,70.513,0.0,SYNTHETIC,9.781,2026-02-09T22:00:00+00:00,180.0,2.268
SIMULATION_FORCING,1013.0,0.0,70.255,0.0,SYNTHETIC,8.746,2026-02-09T23:00:00+00:00,180.0,1.833
SIMULATION_FORCING,1013.0,0.0,71.974,0.0,SYNTHETIC,8.071,2026-02-10T00:00:00+00:00,180.0,2.451
SIMULATION_FORCING,1013.0,0.0,70.64,0.0,SYNTHETIC,7.572,2026-02-10T01:00:00+00:00,180.0,1.909
SIMULATION_FORCING,1013.0,0.0,72.557,0.0,SYNTHETIC,7.402,2026-02-10T02:00:00+00:00,180.0,1.925
SIMULATION_FORCING,1013.0,0.0,71.297,0.0,SYNTHETIC,7.572,2026-02-10T03:00:00+00:00,180.0,2.154
SIMULATION_FORCING,1013.0,0.0,70.124,0.0,SYNTHETIC,8.071,2026-02-10T04:00:00+00:00,180.0,1.662
SIMULATION_FORCING,1013.0,0.0,70.238,0.0,SYNTHETIC,8.866,2026-02-10T05:00:00+00:00,180.0,2.422
SIMULATION_FORCING,1013.0,0.0,72.669,0.0,SYNTHETIC,9.902,2026-02-10T06:00:00+00:00,180.0,2.263
SIMULATION_FORCING,1013.0,0.0,68.751,219.996,SYNTHETIC,11.107,2026-02-10T07:00:00+00:00,180.0,2.265
SIMULATION_FORCING,1013.0,0.0,61.063,425.0,SYNTHETIC,12.402,2026-02-10T08:00:00+00:00,180.0,1.907
SIMULATION_FORCING,1013.0,0.0,59.427,601.041,SYNTHETIC,13.696,2026-02-10T09:00:00+00:00,180.0,1.906
SIMULATION_FORCING,1013.0,0.0,55.34,736.122,SYNTHETIC,14.902,2026-02-10T10:00:00+00:00,180.0,2.348
SIMULATION_FORCING,1013.0,0.0,54.085,821.037,SYNTHETIC,15.937,2026-02-10T11:00:00+00:00,180.0,1.91
SIMULATION_FORCING,1013.0,0.0,55.093,850.0,SYNTHETIC,16.732,2026-02-10T12:00:00+00:00,180.0,2.441
SIMULATION_FORCING,1013.0,0.0,52.87,821.037,SYNTHETIC,17.231,2026-02-10T13:00:00+00:00,180.0,2.126
SIMULATION_FORCING,1013.0,0.0,55.346,736.122,SYNTHETIC,17.402,2026-02-10T14:00:00+00:00,180.0,2.431
SIMULATION_FORCING,1013.0,0.0,58.901,601.041,SYNTHETIC,17.231,2026-02-10T15:00:00+00:00,180.0,1.98
SIMULATION_FORCING,1013.0,0.0,61.04,425.0,SYNTHETIC,16.732,2026-02-10T16:00:00+00:00,180.0,2.475
SIMULATION_FORCING,1013.0,0.0,68.334,219.996,SYNTHETIC,15.937,2026-02-10T17:00:00+00:00,180.0,2.242
SIMULATION_FORCING,1013.0,0.0,71.326,0.0,SYNTHETIC,14.902,2026-02-10T18:00:00+00:00,180.0,1.681
SIMULATION_FORCING,1013.0,0.0,70.453,0.0,SYNTHETIC,13.696,2026-02-10T19:00:00+00:00,180.0,2.351
SIMULATION_FORCING,1013.0,0.0,71.388,0.0,SYNTHETIC,12.402,2026-02-10T20:00:00+00:00,180.0,2.405
SIMULATION_FORCING,1013.0,0.0,73.913,0.0,SYNTHETIC,11.107,2026-02-10T21:00:00+00:00,180.0,2.021
SIMULATION_FORCING,1013.0,0.0,73.606,0.0,SYNTHETIC,9.902,2026-02-10T22:00:00+00:00,180.0,2.485
SIMULATION_FORCING,1013.0,0.0,71.21,0.0,SYNTHETIC,8.866,2026-02-10T23:00:00+00:00,180.0,1.577
SIMULATION_FORCING,1013.0,0.0,70.574,0.0,SYNTHETIC,8.194,2026-02-11T00:00:00+00:00,180.0,2.218
SIMULATION_FORCING,1013.0,0.0,70.603,0.0,SYNTHETIC,7.694,2026-02-11T01:00:00+00:00,180.0,2.293
SIMULATION_FORCING,1013.0,0.0,73.512,0.0,SYNTHETIC,7.524,2026-02-11T02:00:00+00:00,180.0,2.15
SIMULATION_FORCING,1013.0,0.0,73.334,0.0,SYNTHETIC,7.694,2026-02-11T03:00:00+00:00,180.0,1.911
SIMULATION_FORCING,1013.0,0.0,70.318,0.0,SYNTHETIC,8.194,2026-02-11T04:00:00+00:00,180.0,1.671
SIMULATION_FORCING,1013.0,0.0,72.597,0.0,SYNTHETIC,8.988,2026-02-11T05:00:00+00:00,180.0,2.171
SIMULATION_FORCING,1013.0,0.0,72.042,0.0,SYNTHETIC,10.024,2026-02-11T06:00:00+00:00,180.0,2.298
SIMULATION_FORCING,1013.0,0.0,67.31,219.996,SYNTHETIC,11.23,2026-02-11T07:00:00+00:00,180.0,1.782
SIMULATION_FORCING,1013.0,0.0,61.834,425.0,SYNTHETIC,12.524,2026-02-11T08:00:00+00:00,180.0,2.323
SIMULATION_FORCING,1013.0,0.0,59.29,601.041,SYNTHETIC,13.818,2026-02-11T09:00:00+00:00,180.0,1.869
SIMULATION_FORCING,1013.0,0.0,56.598,736.122,SYNTHETIC,15.024,2026-02-11T10:00:00+00:00,180.0,1.775
SIMULATION_FORCING,1013.0,0.0,54.868,821.037,SYNTHETIC,16.059,2026-02-11T11:00:00+00:00,180.0,1.983
SIMULATION_FORCING,1013.0,0.0,53.261,850.0,SYNTHETIC,16.854,2026-02-11T12:00:00+00:00,180.0,2.052
SIMULATION_FORCING,1013.0,0.0,54.132,821.037,SYNTHETIC,17.353,2026-02-11T13:00:00+00:00,180.0,1.632
SIMULATION_FORCING,1013.0,0.0,55.202,736.122,SYNTHETIC,17.524,2026-02-11T14:00:00+00:00,180.0,1.506
SIMULATION_FORCING,1013.0,0.0,60.112,601.041,SYNTHETIC,17.353,2026-02-11T15:00:00+00:00,180.0,1.863
SIMULATION_FORCING,1013.0,0.0,62.698,425.0,SYNTHETIC,16.854,2026-02-11T16:00:00+00:00,180.0,1.8
SIMULATION_FORCING,1013.0,0.0,66.813,219.996,SYNTHETIC,16.059,2026-02-11T17:00:00+00:00,180.0,2.248
SIMULATION_FORCING,1013.0,0.0,70.867,0.0,SYNTHETIC,15.024,2026-02-11T18:00:00+00:00,180.0,2.387
SIMULATION_FORCING,1013.0,0.0,73.455,0.0,SYNTHETIC,13.818,2026-02-11T19:00:00+00:00,180.0,1.616
SIMULATION_FORCING,1013.0,0.0,72.577,0.0,SYNTHETIC,12.524,2026-02-11T20:00:00+00:00,180.0,1.644
SIMULATION_FORCING,1013.0,0.0,72.073,0.0,SYNTHETIC,11.23,2026-02-11T21:00:00+00:00,180.0,2.391
SIMULATION_FORCING,1013.0,0.0,73.364,0.0,SYNTHETIC,10.024,2026-02-11T22:00:00+00:00,180.0,1.943
SIMULATION_FORCING,1013.0,0.0,72.09,0.0,SYNTHETIC,8.988,2026-02-11T23:00:00+00:00,180.0,2.018
SIMULATION_FORCING,1013.0,0.0,73.791,0.0,SYNTHETIC,8.317,2026-02-12T00:00:00+00:00,180.0,2.095
SIMULATION_FORCING,1013.0,0.0,73.387,0.0,SYNTHETIC,7.818,2026-02-12T01:00:00+00:00,180.0,2.001
SIMULATION_FORCING,1013.0,0.0,72.48,0.0,SYNTHETIC,7.647,2026-02-12T02:00:00+00:00,180.0,2.275
SIMULATION_FORCING,1013.0,0.0,70.339,0.0,SYNTHETIC,7.818,2026-02-12T03:00:00+00:00,180.0,2.019
SIMULATION_FORCING,1013.0,0.0,70.414,0.0,SYNTHETIC,8.317,2026-02-12T04:00:00+00:00,180.0,2.168
SIMULATION_FORCING,1013.0,0.0,71.742,0.0,SYNTHETIC,9.112,2026-02-12T05:00:00+00:00,180.0,1.702
SIMULATION_FORCING,1013.0,0.0,70.319,0.0,SYNTHETIC,10.147,2026-02-12T06:00:00+00:00,180.0,1.79
SIMULATION_FORCING,1013.0,0.0,67.768,219.996,SYNTHETIC,11.353,2026-02-12T07:00:00+00:00,180.0,1.621
SIMULATION_FORCING,1013.0,0.0,62.81,425.0,SYNTHETIC,12.647,2026-02-12T08:00:00+00:00,180.0,1.84
SIMULATION_FORCING,1013.0,0.0,59.673,601.041,SYNTHETIC,13.942,2026-02-12T09:00:00+00:00,180.0,1.901
SIMULATION_FORCING,1013.0,0.0,57.806,736.122,SYNTHETIC,15.147,2026-02-12T10:00:00+00:00,180.0,2.147
SIMULATION_FORCING,1013.0,0.0,53.926,821.037,SYNTHETIC,16.183,2026-02-12T11:00:00+00:00,180.0,1.533
SIMULATION_FORCING,1013.0,0.0,53.683,850.0,SYNTHETIC,16.978,2026-02-12T12:00:00+00:00,180.0,2.4
SIMULATION_FORCING,1013.0,0.0,55.811,821.037,SYNTHETIC,17.477,2026-02-12T13:00:00+00:00,180.0,1.772
SIMULATION_FORCING,1013.0,0.0,55.359,736.122,SYNTHETIC,17.647,2026-02-12T14:00:00+00:00,180.0,2.064
SIMULATION_FORCING,1013.0,0.0,60.609,601.041,SYNTHETIC,17.477,2026-02-12T15:00:00+00:00,180.0,1.861
SIMULATION_FORCING,1013.0,0.0,61.29,425.0,SYNTHETIC,16.978,2026-02-12T16:00:00+00:00,180.0,2.162
SIMULATION_FORCING,1013.0,0.0,66.647,219.996,SYNTHETIC,16.183,2026-02-12T17:00:00+00:00,180.0,2.368
SIMULATION_FORCING,1013.0,0.0,72.527,0.0,SYNTHETIC,15.147,2026-02-12T18:00:00+00:00,180.0,1.895
SIMULATION_FORCING,1013.0,0.0,71.743,0.0,SYNTHETIC,13.942,2026-02-12T19:00:00+00:00,180.0,2.458
SIMULATION_FORCING,1013.0,0.0,71.759,0.0,SYNTHETIC,12.647,2026-02-12T20:00:00+00:00,180.0,2.359
SIMULATION_FORCING,1013.0,0.0,70.826,0.0,SYNTHETIC,11.353,2026-02-12T21:00:00+00:00,180.0,1.936
SIMULATION_FORCING,1013.0,0.0,70.11,0.0,SYNTHETIC,10.147,2026-02-12T22:00:00+00:00,180.0,2.0
SIMULATION_FORCING,1013.0,0.0,71.691,0.0,SYNTHETIC,9.112,2026-02-12T23:00:00+00:00,180.0,2.444
SIMULATION_FORCING,1013.0,0.0,72.263,0.0,SYNTHETIC,8.443,2026-02-13T00:00:00+00:00,180.0,2.2
SIMULATION_FORCING,1013.0,0.0,71.181,0.0,SYNTHETIC,7.943,2026-02-13T01:00:00+00:00,180.0,2.382
SIMULATION_FORCING,1013.0,0.0,73.577,0.0,SYNTHETIC,7.773,2026-02-13T02:00:00+00:00,180.0,1.655
SIMULATION_FORCING,1013.0,0.0,71.371,0.0,SYNTHETIC,7.943,2026-02-13T03:00:00+00:00,180.0,2.232
SIMULATION_FORCING,1013.0,0.0,73.364,0.0,SYNTHETIC,8.443,2026-02-13T04:00:00+00:00,180.0,2.44
SIMULATION_FORCING,1013.0,0.0,72.096,0.0,SYNTHETIC,9.237,2026-02-13T05:00:00+00:00,180.0,1.699
SIMULATION_FORCING,1013.0,0.0,70.599,0.0,SYNTHETIC,10.273,2026-02-13T06:00:00+00:00,180.0,2.188
SIMULATION_FORCING,1013.0,0.0,67.378,219.996,SYNTHETIC,11.479,2026-02-13T07:00:00+00:00,180.0,2.128
SIMULATION_FORCING,1013.0,0.0,61.505,425.0,SYNTHETIC,12.773,2026-02-13T08:00:00+00:00,180.0,2.097
SIMULATION_FORCING,1013.0,0.0,59.422,601.041,SYNTHETIC,14.067,2026-02-13T09:00:00+00:00,180.0,1.546
SIMULATION_FORCING,1013.0,0.0,57.879,736.122,SYNTHETIC,15.273,2026-02-13T10:00:00+00:00,180.0,1.744
SIMULATION_FORCING,1013.0,0.0,55.008,821.037,SYNTHETIC,16.308,2026-02-13T11:00:00+00:00,180.0,1.924
SIMULATION_FORCING,1013.0,0.0,52.938,850.0,SYNTHETIC,17.103,2026-02-13T12:00:00+00:00,180.0,2.239
SIMULATION_FORCING,1013.0,0.0,53.58,821.037,SYNTHETIC,17.602,2026-02-13T13:00:00+00:00,180.0,1.643
SIMULATION_FORCING,1013.0,0.0,55.86,736.122,SYNTHETIC,17.773,2026-02-13T14:00:00+00:00,180.0,1.612
SIMULATION_FORCING,1013.0,0.0,58.018,601.041,SYNTHETIC,17.602,2026-02-13T15:00:00+00:00,180.0,2.049
SIMULATION_FORCING,1013.0,0.0,63.91,425.0,SYNTHETIC,17.103,2026-02-13T16:00:00+00:00,180.0,1.788
SIMULATION_FORCING,1013.0,0.0,67.811,219.996,SYNTHETIC,16.308,2026-02-13T17:00:00+00:00,180.0,2.245
SIMULATION_FORCING,1013.0,0.0,70.802,0.0,SYNTHETIC,15.273,2026-02-13T18:00:00+00:00,180.0,2.423
SIMULATION_FORCING,1013.0,0.0,70.258,0.0,SYNTHETIC,14.067,2026-02-13T19:00:00+00:00,180.0,2.322
SIMULATION_FORCING,1013.0,0.0,73.314,0.0,SYNTHETIC,12.773,2026-02-13T20:00:00+00:00,180.0,2.248
SIMULATION_FORCING,1013.0,0.0,72.945,0.0,SYNTHETIC,11.479,2026-02-13T21:00:00+00:00,180.0,1.825
SIMULATION_FORCING,1013.0,0.0,71.073,0.0,SYNTHETIC,10.273,2026-02-13T22:00:00+00:00,180.0,1.781
SIMULATION_FORCING,1013.0,0.0,71.63,0.0,SYNTHETIC,9.237,2026-02-13T23:00:00+00:00,180.0,2.443
SIMULATION_FORCING,1013.0,0.0,71.584,0.0,SYNTHETIC,8.57,2026-02-14T00:00:00+00:00,180.0,1.895
SIMULATION_FORCING,1013.0,0.0,70.674,0.0,SYNTHETIC,8.07,2026-02-14T01:00:00+00:00,180.0,2.33
SIMULATION_FORCING,1013.0,0.0,71.414,0.0,SYNTHETIC,7.9,2026-02-14T02:00:00+00:00,180.0,1.723
SIMULATION_FORCING,1013.0,0.0,70.613,0.0,SYNTHETIC,8.07,2026-02-14T03:00:00+00:00,180.0,1.745
SIMULATION_FORCING,1013.0,0.0,71.606,0.0,SYNTHETIC,8.57,2026-02-14T04:00:00+00:00,180.0,1.522
SIMULATION_FORCING,1013.0,0.0,72.059,0.0,SYNTHETIC,9.364,2026-02-14T05:00:00+00:00,180.0,2.376
SIMULATION_FORCING,1013.0,0.0,73.553,0.0,SYNTHETIC,10.4,2026-02-14T06:00:00+00:00,180.0,2.361
SIMULATION_FORCING,1013.0,0.0,67.16,219.996,SYNTHETIC,11.606,2026-02-14T07:00:00+00:00,180.0,1.524
SIMULATION_FORCING,1013.0,0.0,64.235,425.0,SYNTHETIC,12.9,2026-02-14T08:00:00+00:00,180.0,1.701
SIMULATION_FORCING,1013.0,0.0,59.429,601.041,SYNTHETIC,14.194,2026-02-14T09:00:00+00:00,180.0,1.574
SIMULATION_FORCING,1013.0,0.0,55.432,736.122,SYNTHETIC,15.4,2026-02-14T10:00:00+00:00,180.0,2.305
SIMULATION_FORCING,1013.0,0.0,53.751,821.037,SYNTHETIC,16.435,2026-02-14T11:00:00+00:00,180.0,1.601
SIMULATION_FORCING,1013.0,0.0,54.939,850.0,SYNTHETIC,17.23,2026-02-14T12:00:00+00:00,180.0,2.285
SIMULATION_FORCING,1013.0,0.0,55.32,821.037,SYNTHETIC,17.729,2026-02-14T13:00:00+00:00,180.0,1.748
SIMULATION_FORCING,1013.0,0.0,54.47,736.122,SYNTHETIC,17.9,2026-02-14T14:00:00+00:00,180.0,1.981
SIMULATION_FORCING,1013.0,0.0,61.04,601.041,SYNTHETIC,17.729,2026-02-14T15:00:00+00:00,180.0,2.257
SIMULATION_FORCING,1013.0,0.0,63.855,425.0,SYNTHETIC,17.23,2026-02-14T16:00:00+00:00,180.0,2.488
SIMULATION_FORCING,1013.0,0.0,68.023,219.996,SYNTHETIC,16.435,2026-02-14T17:00:00+00:00,180.0,1.894
SIMULATION_FORCING,1013.0,0.0,73.399,0.0,SYNTHETIC,15.4,2026-02-14T18:00:00+00:00,180.0,1.981
SIMULATION_FORCING,1013.0,0.0,72.769,0.0,SYNTHETIC,14.194,2026-02-14T19:00:00+00:00,180.0,1.975
SIMULATION_FORCING,1013.0,0.0,73.875,0.0,SYNTHETIC,12.9,2026-02-14T20:00:00+00:00,180.0,1.765
SIMULATION_FORCING,1013.0,0.0,72.917,0.0,SYNTHETIC,11.606,2026-02-14T21:00:00+00:00,180.0,2.37
SIMULATION_FORCING,1013.0,0.0,70.648,0.0,SYNTHETIC,10.4,2026-02-14T22:00:00+00:00,180.0,1.611
SIMULATION_FORCING,1013.0,0.0,73.105,0.0,SYNTHETIC,9.364,2026-02-14T23:00:00+00:00,180.0,1.799
SIMULATION_FORCING,1013.0,0.0,72.854,0.0,SYNTHETIC,8.698,2026-02-15T00:00:00+00:00,180.0,2.298
SIMULATION_FORCING,1013.0,0.0,73.603,0.0,SYNTHETIC,8.198,2026-02-15T01:00:00+00:00,180.0,2.436
SIMULATION_FORCING,1013.0,0.0,72.585,0.0,SYNTHETIC,8.028,2026-02-15T02:00:00+00:00,180.0,2.497
SIMULATION_FORCING,1013.0,0.0,72.77,0.0,SYNTHETIC,8.198,2026-02-15T03:00:00+00:00,180.0,2.374
SIMULATION_FORCING,1013.0,0.0,71.119,0.0,SYNTHETIC,8.698,2026-02-15T04:00:00+00:00,180.0,1.63
SIMULATION_FORCING,1013.0,0.0,71.144,0.0,SYNTHETIC,9.493,2026-02-15T05:00:00+00:00,180.0,2.046
SIMULATION_FORCING,1013.0,0.0,71.473,0.0,SYNTHETIC,10.528,2026-02-15T06:00:00+00:00,180.0,1.922
SIMULATION_FORCING,1013.0,0.0,69.068,219.996,SYNTHETIC,11.734,2026-02-15T07:00:00+00:00,180.0,1.87
SIMULATION_FORCING,1013.0,0.0,62.855,425.0,SYNTHETIC,13.028,2026-02-15T08:00:00+00:00,180.0,1.654
SIMULATION_FORCING,1013.0,0.0,60.42,601.041,SYNTHETIC,14.322,2026-02-15T09:00:00+00:00,180.0,2.09
SIMULATION_FORCING,1013.0,0.0,56.628,736.122,SYNTHETIC,15.528,2026-02-15T10:00:00+00:00,180.0,1.752
SIMULATION_FORCING,1013.0,0.0,53.751,821.037,SYNTHETIC,16.564,2026-02-15T11:00:00+00:00,180.0,2.188
SIMULATION_FORCING,1013.0,0.0,54.367,850.0,SYNTHETIC,17.358,2026-02-15T12:00:00+00:00,180.0,1.6
SIMULATION_FORCING,1013.0,0.0,53.426,821.037,SYNTHETIC,17.858,2026-02-15T13:00:00+00:00,180.0,1.938
SIMULATION_FORCING,1013.0,0.0,56.88,736.122,SYNTHETIC,18.028,2026-02-15T14:00:00+00:00,180.0,1.624
SIMULATION_FORCING,1013.0,0.0,59.109,601.041,SYNTHETIC,17.858,2026-02-15T15:00:00+00:00,180.0,2.074
SIMULATION_FORCING,1013.0,0.0,61.564,425.0,SYNTHETIC,17.358,2026-02-15T16:00:00+00:00,180.0,2.299
SIMULATION_FORCING,1013.0,0.0,65.929,219.996,SYNTHETIC,16.564,2026-02-15T17:00:00+00:00,180.0,2.146
SIMULATION_FORCING,1013.0,0.0,71.749,0.0,SYNTHETIC,15.528,2026-02-15T18:00:00+00:00,180.0,2.018
SIMULATION_FORCING,1013.0,0.0,73.739,0.0,SYNTHETIC,14.322,2026-02-15T19:00:00+00:00,180.0,1.901
SIMULATION_FORCING,1013.0,0.0,72.446,0.0,SYNTHETIC,13.028,2026-02-15T20:00:00+00:00,180.0,2.315
SIMULATION_FORCING,1013.0,0.0,72.132,0.0,SYNTHETIC,11.734,2026-02-15T21:00:00+00:00,180.0,1.682
SIMULATION_FORCING,1013.0,0.0,70.648,0.0,SYNTHETIC,10.528,2026-02-15T22:00:00+00:00,180.0,2.304
SIMULATION_FORCING,1013.0,0.0,72.382,0.0,SYNTHETIC,9.493,2026-02-15T23:00:00+00:00,180.0,1.754
SIMULATION_FORCING,1013.0,0.0,73.528,0.0,SYNTHETIC,8.828,2026-02-16T00:00:00+00:00,180.0,1.62
SIMULATION_FORCING,1013.0,0.0,72.73,0.0,SYNTHETIC,8.328,2026-02-16T01:00:00+00:00,180.0,2.448
SIMULATION_FORCING,1013.0,0.0,72.656,0.0,SYNTHETIC,8.158,2026-02-16T02:00:00+00:00,180.0,1.549
SIMULATION_FORCING,1013.0,0.0,70.129,0.0,SYNTHETIC,8.328,2026-02-16T03:00:00+00:00,180.0,1.565
SIMULATION_FORCING,1013.0,0.0,70.812,0.0,SYNTHETIC,8.828,2026-02-16T04:00:00+00:00,180.0,2.323
SIMULATION_FORCING,1013.0,0.0,73.926,0.0,SYNTHETIC,9.622,2026-02-16T05:00:00+00:00,180.0,2.465
SIMULATION_FORCING,1013.0,0.0,72.507,0.0,SYNTHETIC,10.658,2026-02-16T06:00:00+00:00,180.0,2.0
SIMULATION_FORCING,1013.0,0.0,66.505,219.996,SYNTHETIC,11.864,2026-02-16T07:00:00+00:00,180.0,2.167
SIMULATION_FORCING,1013.0,0.0,63.683,425.0,SYNTHETIC,13.158,2026-02-16T08:00:00+00:00,180.0,2.424
SIMULATION_FORCING,1013.0,0.0,60.672,601.041,SYNTHETIC,14.452,2026-02-16T09:00:00+00:00,180.0,1.806
SIMULATION_FORCING,1013.0,0.0,55.74,736.122,SYNTHETIC,15.658,2026-02-16T10:00:00+00:00,180.0,2.248
SIMULATION_FORCING,1013.0,0.0,56.134,821.037,SYNTHETIC,16.693,2026-02-16T11:00:00+00:00,180.0,1.658
SIMULATION_FORCING,1013.0,0.0,53.522,850.0,SYNTHETIC,17.488,2026-02-16T12:00:00+00:00,180.0,1.711
SIMULATION_FORCING,1013.0,0.0,56.208,821.037,SYNTHETIC,17.988,2026-02-16T13:00:00+00:00,180.0,1.901
SIMULATION_FORCING,1013.0,0.0,56.98,736.122,SYNTHETIC,18.158,2026-02-16T14:00:00+00:00,180.0,2.067
SIMULATION_FORCING,1013.0,0.0,58.892,601.041,SYNTHETIC,17.988,2026-02-16T15:00:00+00:00,180.0,1.635
SIMULATION_FORCING,1013.0,0.0,62.0,425.0,SYNTHETIC,17.488,2026-02-16T16:00:00+00:00,180.0,1.704
SIMULATION_FORCING,1013.0,0.0,68.576,219.996,SYNTHETIC,16.693,2026-02-16T17:00:00+00:00,180.0,1.559
SIMULATION_FORCING,1013.0,0.0,71.022,0.0,SYNTHETIC,15.658,2026-02-16T18:00:00+00:00,180.0,2.13
SIMULATION_FORCING,1013.0,0.0,71.808,0.0,SYNTHETIC,14.452,2026-02-16T19:00:00+00:00,180.0,1.752
SIMULATION_FORCING,1013.0,0.0,71.032,0.0,SYNTHETIC,13.158,2026-02-16T20:00:00+00:00,180.0,2.442
SIMULATION_FORCING,1013.0,0.0,70.906,0.0,SYNTHETIC,11.864,2026-02-16T21:00:00+00:00,180.0,2.085
SIMULATION_FORCING,1013.0,0.0,72.722,0.0,SYNTHETIC,10.658,2026-02-16T22:00:00+00:00,180.0,1.505
SIMULATION_FORCING,1013.0,0.0,70.616,0.0,SYNTHETIC,9.622,2026-02-16T23:00:00+00:00,180.0,1.617
SIMULATION_FORCING,1013.0,0.0,73.742,0.0,SYNTHETIC,8.959,2026-02-17T00:00:00+00:00,180.0,1.904
SIMULATION_FORCING,1013.0,0.0,73.872,0.0,SYNTHETIC,8.46,2026-02-17T01:00:00+00:00,180.0,2.245
SIMULATION_FORCING,1013.0,0.0,73.318,0.0,SYNTHETIC,8.289,2026-02-17T02:00:00+00:00,180.0,1.776
SIMULATION_FORCING,1013.0,0.0,73.624,0.0,SYNTHETIC,8.46,2026-02-17T03:00:00+00:00,180.0,1.639
SIMULATION_FORCING,1013.0,0.0,71.224,0.0,SYNTHETIC,8.959,2026-02-17T04:00:00+00:00,180.0,2.106
SIMULATION_FORCING,1013.0,0.0,72.9,0.0,SYNTHETIC,9.754,2026-02-17T05:00:00+00:00,180.0,1.726
SIMULATION_FORCING,1013.0,0.0,73.261,0.0,SYNTHETIC,10.789,2026-02-17T06:00:00+00:00,180.0,2.254
SIMULATION_FORCING,1013.0,0.0,69.118,219.996,SYNTHETIC,11.995,2026-02-17T07:00:00+00:00,180.0,2.363
SIMULATION_FORCING,1013.0,0.0,62.499,425.0,SYNTHETIC,13.289,2026-02-17T08:00:00+00:00,180.0,1.89
SIMULATION_FORCING,1013.0,0.0,60.355,601.041,SYNTHETIC,14.583,2026-02-17T09:00:00+00:00,180.0,1.556
SIMULATION_FORCING,1013.0,0.0,57.127,736.122,SYNTHETIC,15.789,2026-02-17T10:00:00+00:00,180.0,1.692
SIMULATION_FORCING,1013.0,0.0,53.65,821.037,SYNTHETIC,16.825,2026-02-17T11:00:00+00:00,180.0,2.263
SIMULATION_FORCING,1013.0,0.0,52.674,850.0,SYNTHETIC,17.619,2026-02-17T12:00:00+00:00,180.0,1.778
SIMULATION_FORCING,1013.0,0.0,55.152,821.037,SYNTHETIC,18.119,2026-02-17T13:00:00+00:00,180.0,1.643
SIMULATION_FORCING,1013.0,0.0,57.956,736.122,SYNTHETIC,18.289,2026-02-17T14:00:00+00:00,180.0,2.383
SIMULATION_FORCING,1013.0,0.0,61.203,601.041,SYNTHETIC,18.119,2026-02-17T15:00:00+00:00,180.0,2.301
SIMULATION_FORCING,1013.0,0.0,64.004,425.0,SYNTHETIC,17.619,2026-02-17T16:00:00+00:00,180.0,2.335
SIMULATION_FORCING,1013.0,0.0,67.614,219.996,SYNTHETIC,16.825,2026-02-17T17:00:00+00:00,180.0,1.701
SIMULATION_FORCING,1013.0,0.0,73.399,0.0,SYNTHETIC,15.789,2026-02-17T18:00:00+00:00,180.0,1.56
SIMULATION_FORCING,1013.0,0.0,71.379,0.0,SYNTHETIC,14.583,2026-02-17T19:00:00+00:00,180.0,2.225
SIMULATION_FORCING,1013.0,0.0,73.129,0.0,SYNTHETIC,13.289,2026-02-17T20:00:00+00:00,180.0,2.103
SIMULATION_FORCING,1013.0,0.0,73.844,0.0,SYNTHETIC,11.995,2026-02-17T21:00:00+00:00,180.0,1.525
SIMULATION_FORCING,1013.0,0.0,71.904,0.0,SYNTHETIC,10.789,2026-02-17T22:00:00+00:00,180.0,2.413
SIMULATION_FORCING,1013.0,0.0,71.071,0.0,SYNTHETIC,9.754,2026-02-17T23:00:00+00:00,180.0,2.382
SIMULATION_FORCING,1013.0,0.0,71.081,0.0,SYNTHETIC,9.092,2026-02-18T00:00:00+00:00,180.0,2.291
SIMULATION_FORCING,1013.0,0.0,72.872,0.0,SYNTHETIC,8.592,2026-02-18T01:00:00+00:00,180.0,1.909
SIMULATION_FORCING,1013.0,0.0,72.179,0.0,SYNTHETIC,8.422,2026-02-18T02:00:00+00:00,180.0,1.954
SIMULATION_FORCING,1013.0,0.0,70.94,0.0,SYNTHETIC,8.592,2026-02-18T03:00:00+00:00,180.0,1.873
SIMULATION_FORCING,1013.0,0.0,70.345,0.0,SYNTHETIC,9.092,2026-02-18T04:00:00+00:00,180.0,1.773
SIMULATION_FORCING,1013.0,0.0,71.954,0.0,SYNTHETIC,9.886,2026-02-18T05:00:00+00:00,180.0,1.634
SIMULATION_FORCING,1013.0,0.0,73.091,0.0,SYNTHETIC,10.922,2026-02-18T06:00:00+00:00,180.0,1.551
SIMULATION_FORCING,1013.0,0.0,67.302,219.996,SYNTHETIC,12.128,2026-02-18T07:00:00+00:00,180.0,2.085
SIMULATION_FORCING,1013.0,0.0,61.175,425.0,SYNTHETIC,13.422,2026-02-18T08:00:00+00:00,180.0,2.001
SIMULATION_FORCING,1013.0,0.0,57.704,601.041,SYNTHETIC,14.716,2026-02-18T09:00:00+00:00,180.0,1.98
SIMULATION_FORCING,1013.0,0.0,56.608,736.122,SYNTHETIC,15.922,2026-02-18T10:00:00+00:00,180.0,2.218
SIMULATION_FORCING,1013.0,0.0,54.095,821.037,SYNTHETIC,16.957,2026-02-18T11:00:00+00:00,180.0,2.441
SIMULATION_FORCING,1013.0,0.0,52.888,850.0,SYNTHETIC,17.752,2026-02-18T12:00:00+00:00,180.0,1.992
SIMULATION_FORCING,1013.0,0.0,54.258,821.037,SYNTHETIC,18.252,2026-02-18T13:00:00+00:00,180.0,1.744
SIMULATION_FORCING,1013.0,0.0,56.563,736.122,SYNTHETIC,18.422,2026-02-18T14:00:00+00:00,180.0,2.458
SIMULATION_FORCING,1013.0,0.0,58.442,601.041,SYNTHETIC,18.252,2026-02-18T15:00:00+00:00,180.0,2.385
SIMULATION_FORCING,1013.0,0.0,62.135,425.0,SYNTHETIC,17.752,2026-02-18T16:00:00+00:00,180.0,2.485
SIMULATION_FORCING,1013.0,0.0,67.029,219.996,SYNTHETIC,16.957,2026-02-18T17:00:00+00:00,180.0,2.209
SIMULATION_FORCING,1013.0,0.0,70.138,0.0,SYNTHETIC,15.922,2026-02-18T18:00:00+00:00,180.0,1.83
SIMULATION_FORCING,1013.0,0.0,70.198,0.0,SYNTHETIC,14.716,2026-02-18T19:00:00+00:00,180.0,1.785
SIMULATION_FORCING,1013.0,0.0,70.471,0.0,SYNTHETIC,13.422,2026-02-18T20:00:00+00:00,180.0,1.875
SIMULATION_FORCING,1013.0,0.0,70.237,0.0,SYNTHETIC,12.128,2026-02-18T21:00:00+00:00,180.0,2.478
SIMULATION_FORCING,1013.0,0.0,72.652,0.0,SYNTHETIC,10.922,2026-02-18T22:00:00+00:00,180.0,2.374
SIMULATION_FORCING,1013.0,0.0,72.329,0.0,SYNTHETIC,9.886,2026-02-18T23:00:00+00:00,180.0,1.779
SIMULATION_FORCING,1013.0,0.0,73.692,0.0,SYNTHETIC,9.226,2026-02-19T00:00:00+00:00,180.0,2.439
SIMULATION_FORCING,1013.0,0.0,72.202,0.0,SYNTHETIC,8.726,2026-02-19T01:00:00+00:00,180.0,1.546
SIMULATION_FORCING,1013.0,0.0,72.862,0.0,SYNTHETIC,8.556,2026-02-19T02:00:00+00:00,180.0,1.714
SIMULATION_FORCING,1013.0,0.0,71.911,0.0,SYNTHETIC,8.726,2026-02-19T03:00:00+00:00,180.0,1.815
SIMULATION_FORCING,1013.0,0.0,71.953,0.0,SYNTHETIC,9.226,2026-02-19T04:00:00+00:00,180.0,1.564
SIMULATION_FORCING,1013.0,0.0,72.209,0.0,SYNTHETIC,10.02,2026-02-19T05:00:00+00:00,180.0,1.533
SIMULATION_FORCING,1013.0,0.0,71.446,0.0,SYNTHETIC,11.056,2026-02-19T06:00:00+00:00,180.0,2.415
SIMULATION_FORCING,1013.0,0.0,66.695,219.996,SYNTHETIC,12.262,2026-02-19T07:00:00+00:00,180.0,2.295
SIMULATION_FORCING,1013.0,0.0,64.308,425.0,SYNTHETIC,13.556,2026-02-19T08:00:00+00:00,180.0,2.226
SIMULATION_FORCING,1013.0,0.0,58.884,601.041,SYNTHETIC,14.85,2026-02-19T09:00:00+00:00,180.0,1.747
SIMULATION_FORCING,1013.0,0.0,56.452,736.122,SYNTHETIC,16.056,2026-02-19T10:00:00+00:00,180.0,2.495
SIMULATION_FORCING,1013.0,0.0,54.651,821.037,SYNTHETIC,17.092,2026-02-19T11:00:00+00:00,180.0,2.353
SIMULATION_FORCING,1013.0,0.0,54.053,850.0,SYNTHETIC,17.886,2026-02-19T12:00:00+00:00,180.0,2.396
SIMULATION_FORCING,1013.0,0.0,54.133,821.037,SYNTHETIC,18.386,2026-02-19T13:00:00+00:00,180.0,2.003
SIMULATION_FORCING,1013.0,0.0,57.133,736.122,SYNTHETIC,18.556,2026-02-19T14:00:00+00:00,180.0,2.223
SIMULATION_FORCING,1013.0,0.0,57.999,601.041,SYNTHETIC,18.386,2026-02-19T15:00:00+00:00,180.0,1.775
SIMULATION_FORCING,1013.0,0.0,61.464,425.0,SYNTHETIC,17.886,2026-02-19T16:00:00+00:00,180.0,2.441
SIMULATION_FORCING,1013.0,0.0,68.112,219.996,SYNTHETIC,17.092,2026-02-19T17:00:00+00:00,180.0,2.055
SIMULATION_FORCING,1013.0,0.0,72.049,0.0,SYNTHETIC,16.056,2026-02-19T18:00:00+00:00,180.0,2.445
SIMULATION_FORCING,1013.0,0.0,71.997,0.0,SYNTHETIC,14.85,2026-02-19T19:00:00+00:00,180.0,1.794
SIMULATION_FORCING,1013.0,0.0,71.37,0.0,SYNTHETIC,13.556,2026-02-19T20:00:00+00:00,180.0,1.5
SIMULATION_FORCING,1013.0,0.0,70.081,0.0,SYNTHETIC,12.262,2026-02-19T21:00:00+00:00,180.0,1.689
SIMULATION_FORCING,1013.0,0.0,71.794,0.0,SYNTHETIC,11.056,2026-02-19T22:00:00+00:00,180.0,1.658
SIMULATION_FORCING,1013.0,0.0,70.984,0.0,SYNTHETIC,10.02,2026-02-19T23:00:00+00:00,180.0,2.091
SIMULATION_FORCING,1013.0,0.0,72.172,0.0,SYNTHETIC,9.361,2026-02-20T00:00:00+00:00,180.0,1.978
SIMULATION_FORCING,1013.0,0.0,70.066,0.0,SYNTHETIC,8.862,2026-02-20T01:00:00+00:00,180.0,1.837
SIMULATION_FORCING,1013.0,0.0,73.226,0.0,SYNTHETIC,8.691,2026-02-20T02:00:00+00:00,180.0,2.105
SIMULATION_FORCING,1013.0,0.0,70.955,0.0,SYNTHETIC,8.862,2026-02-20T03:00:00+00:00,180.0,1.516
SIMULATION_FORCING,1013.0,0.0,72.736,0.0,SYNTHETIC,9.361,2026-02-20T04:00:00+00:00,180.0,2.422
SIMULATION_FORCING,1013.0,0.0,73.326,0.0,SYNTHETIC,10.156,2026-02-20T05:00:00+00:00,180.0,1.538
SIMULATION_FORCING,1013.0,0.0,73.084,0.0,SYNTHETIC,11.191,2026-02-20T06:00:00+00:00,180.0,1.935
SIMULATION_FORCING,1013.0,0.0,67.081,219.996,SYNTHETIC,12.397,2026-02-20T07:00:00+00:00,180.0,1.894
SIMULATION_FORCING,1013.0,0.0,63.372,425.0,SYNTHETIC,13.691,2026-02-20T08:00:00+00:00,180.0,1.987
SIMULATION_FORCING,1013.0,0.0,58.912,601.041,SYNTHETIC,14.985,2026-02-20T09:00:00+00:00,180.0,2.21
SIMULATION_FORCING,1013.0,0.0,56.005,736.122,SYNTHETIC,16.191,2026-02-20T10:00:00+00:00,180.0,2.119
SIMULATION_FORCING,1013.0,0.0,53.768,821.037,SYNTHETIC,17.227,2026-02-20T11:00:00+00:00,180.0,2.154
SIMULATION_FORCING,1013.0,0.0,53.874,850.0,SYNTHETIC,18.022,2026-02-20T12:00:00+00:00,180.0,1.757
SIMULATION_FORCING,1013.0,0.0,55.089,821.037,SYNTHETIC,18.521,2026-02-20T13:00:00+00:00,180.0,1.665
SIMULATION_FORCING,1013.0,0.0,56.926,736.122,SYNTHETIC,18.691,2026-02-20T14:00:00+00:00,180.0,2.475
SIMULATION_FORCING,1013.0,0.0,58.026,601.041,SYNTHETIC,18.521,2026-02-20T15:00:00+00:00,180.0,2.08
SIMULATION_FORCING,1013.0,0.0,63.788,425.0,SYNTHETIC,18.022,2026-02-20T16:00:00+00:00,180.0,1.636
SIMULATION_FORCING,1013.0,0.0,66.622,219.996,SYNTHETIC,17.227,2026-02-20T17:00:00+00:00,180.0,2.455
SIMULATION_FORCING,1013.0,0.0,72.095,0.0,SYNTHETIC,16.191,2026-02-20T18:00:00+00:00,180.0,1.624
SIMULATION_FORCING,1013.0,0.0,70.444,0.0,SYNTHETIC,14.985,2026-02-20T19:00:00+00:00,180.0,2.376
SIMULATION_FORCING,1013.0,0.0,73.118,0.0,SYNTHETIC,13.691,2026-02-20T20:00:00+00:00,180.0,1.53
SIMULATION_FORCING,1013.0,0.0,72.543,0.0,SYNTHETIC,12.397,2026-02-20T21:00:00+00:00,180.0,2.17
SIMULATION_FORCING,1013.0,0.0,73.773,0.0,SYNTHETIC,11.191,2026-02-20T22:00:00+00:00,180.0,2.46
SIMULATION_FORCING,1013.0,0.0,73.591,0.0,SYNTHETIC,10.156,2026-02-20T23:00:00+00:00,180.0,2.406
SIMULATION_FORCING,1013.0,0.0,70.889,0.0,SYNTHETIC,9.498,2026-02-21T00:00:00+00:00,180.0,2.133
SIMULATION_FORCING,1013.0,0.0,73.801,0.0,SYNTHETIC,8.998,2026-02-21T01:00:00+00:00,180.0,1.969
SIMULATION_FORCING,1013.0,0.0,73.079,0.0,SYNTHETIC,8.828,2026-02-21T02:00:00+00:00,180.0,2.417
SIMULATION_FORCING,1013.0,0.0,73.593,0.0,SYNTHETIC,8.998,2026-02-21T03:00:00+00:00,180.0,2.313
SIMULATION_FORCING,1013.0,0.0,71.564,0.0,SYNTHETIC,9.498,2026-02-21T04:00:00+00:00,180.0,2.204
SIMULATION_FORCING,1013.0,0.0,70.135,0.0,SYNTHETIC,10.293,2026-02-21T05:00:00+00:00,180.0,1.755
SIMULATION_FORCING,1013.0,0.0,70.223,0.0,SYNTHETIC,11.328,2026-02-21T06:00:00+00:00,180.0,2.298
SIMULATION_FORCING,1013.0,0.0,67.375,219.996,SYNTHETIC,12.534,2026-02-21T07:00:00+00:00,180.0,1.974
SIMULATION_FORCING,1013.0,0.0,61.397,425.0,SYNTHETIC,13.828,2026-02-21T08:00:00+00:00,180.0,1.549
SIMULATION_FORCING,1013.0,0.0,59.389,601.041,SYNTHETIC,15.122,2026-02-21T09:00:00+00:00,180.0,1.907
SIMULATION_FORCING,1013.0,0.0,58.07,736.122,SYNTHETIC,16.328,2026-02-21T10:00:00+00:00,180.0,2.017
SIMULATION_FORCING,1013.0,0.0,54.555,821.037,SYNTHETIC,17.364,2026-02-21T11:00:00+00:00,180.0,1.834
SIMULATION_FORCING,1013.0,0.0,55.598,850.0,SYNTHETIC,18.158,2026-02-21T12:00:00+00:00,180.0,1.736
SIMULATION_FORCING,1013.0,0.0,53.323,821.037,SYNTHETIC,18.658,2026-02-21T13:00:00+00:00,180.0,1.853
SIMULATION_FORCING,1013.0,0.0,57.039,736.122,SYNTHETIC,18.828,2026-02-21T14:00:00+00:00,180.0,2.292
SIMULATION_FORCING,1013.0,0.0,60.042,601.041,SYNTHETIC,18.658,2026-02-21T15:00:00+00:00,180.0,1.582
SIMULATION_FORCING,1013.0,0.0,62.276,425.0,SYNTHETIC,18.158,2026-02-21T16:00:00+00:00,180.0,2.004
SIMULATION_FORCING,1013.0,0.0,68.262,219.996,SYNTHETIC,17.364,2026-02-21T17:00:00+00:00,180.0,2.269
SIMULATION_FORCING,1013.0,0.0,71.458,0.0,SYNTHETIC,16.328,2026-02-21T18:00:00+00:00,180.0,1.509
SIMULATION_FORCING,1013.0,0.0,73.233,0.0,SYNTHETIC,15.122,2026-02-21T19:00:00+00:00,180.0,2.435
SIMULATION_FORCING,1013.0,0.0,73.622,0.0,SYNTHETIC,13.828,2026-02-21T20:00:00+00:00,180.0,2.177
SIMULATION_FORCING,1013.0,0.0,72.336,0.0,SYNTHETIC,12.534,2026-02-21T21:00:00+00:00,180.0,1.552
SIMULATION_FORCING,1013.0,0.0,71.789,0.0,SYNTHETIC,11.328,2026-02-21T22:00:00+00:00,180.0,2.266
SIMULATION_FORCING,1013.0,0.0,71.869,0.0,SYNTHETIC,10.293,2026-02-21T23:00:00+00:00,180.0,2.184
SIMULATION_FORCING,1013.0,0.0,70.654,0.0,SYNTHETIC,9.636,2026-02-22T00:00:00+00:00,180.0,1.542
SIMULATION_FORCING,1013.0,0.0,70.942,0.0,SYNTHETIC,9.136,2026-02-22T01:00:00+00:00,180.0,2.188
SIMULATION_FORCING,1013.0,0.0,70.648,0.0,SYNTHETIC,8.966,2026-02-22T02:00:00+00:00,180.0,1.849
SIMULATION_FORCING,1013.0,0.0,71.924,0.0,SYNTHETIC,9.136,2026-02-22T03:00:00+00:00,180.0,1.823
SIMULATION_FORCING,1013.0,0.0,70.894,0.0,SYNTHETIC,9.636,2026-02-22T04:00:00+00:00,180.0,2.202
SIMULATION_FORCING,1013.0,0.0,72.687,0.0,SYNTHETIC,10.43,2026-02-22T05:00:00+00:00,180.0,2.154
SIMULATION_FORCING,1013.0,0.0,72.901,0.0,SYNTHETIC,11.466,2026-02-22T06:00:00+00:00,180.0,1.694
SIMULATION_FORCING,1013.0,0.0,66.787,219.996,SYNTHETIC,12.672,2026-02-22T07:00:00+00:00,180.0,2.489
SIMULATION_FORCING,1013.0,0.0,63.371,425.0,SYNTHETIC,13.966,2026-02-22T08:00:00+00:00,180.0,1.894
SIMULATION_FORCING,1013.0,0.0,58.656,601.041,SYNTHETIC,15.26,2026-02-22T09:00:00+00:00,180.0,1.513
SIMULATION_FORCING,1013.0,0.0,57.205,736.122,SYNTHETIC,16.466,2026-02-22T10:00:00+00:00,180.0,1.542
SIMULATION_FORCING,1013.0,0.0,56.345,821.037,SYNTHETIC,17.501,2026-02-22T11:00:00+00:00,180.0,2.003
SIMULATION_FORCING,1013.0,0.0,54.476,850.0,SYNTHETIC,18.296,2026-02-22T12:00:00+00:00,180.0,1.79
SIMULATION_FORCING,1013.0,0.0,54.107,821.037,SYNTHETIC,18.796,2026-02-22T13:00:00+00:00,180.0,1.567
SIMULATION_FORCING,1013.0,0.0,56.126,736.122,SYNTHETIC,18.966,2026-02-22T14:00:00+00:00,180.0,2.175
SIMULATION_FORCING,1013.0,0.0,58.729,601.041,SYNTHETIC,18.796,2026-02-22T15:00:00+00:00,180.0,1.896
SIMULATION_FORCING,1013.0,0.0,63.489,425.0,SYNTHETIC,18.296,2026-02-22T16:00:00+00:00,180.0,2.331
SIMULATION_FORCING,1013.0,0.0,65.893,219.996,SYNTHETIC,17.501,2026-02-22T17:00:00+00:00,180.0,2.171
SIMULATION_FORCING,1013.0,0.0,71.211,0.0,SYNTHETIC,16.466,2026-02-22T18:00:00+00:00,180.0,1.966
SIMULATION_FORCING,1013.0,0.0,72.731,0.0,SYNTHETIC,15.26,2026-02-22T19:00:00+00:00,180.0,1.559
SIMULATION_FORCING,1013.0,0.0,71.983,0.0,SYNTHETIC,13.966,2026-02-22T20:00:00+00:00,180.0,2.108
SIMULATION_FORCING,1013.0,0.0,72.085,0.0,SYNTHETIC,12.672,2026-02-22T21:00:00+00:00,180.0,1.946
SIMULATION_FORCING,1013.0,0.0,73.666,0.0,SYNTHETIC,11.466,2026-02-22T22:00:00+00:00,180.0,2.035
SIMULATION_FORCING,1013.0,0.0,70.892,0.0,SYNTHETIC,10.43,2026-02-22T23:00:00+00:00,180.0,2.197
SIMULATION_FORCING,1013.0,0.0,73.204,0.0,SYNTHETIC,9.775,2026-02-23T00:00:00+00:00,180.0,1.529
SIMULATION_FORCING,1013.0,0.0,70.532,0.0,SYNTHETIC,9.275,2026-02-23T01:00:00+00:00,180.0,1.821
SIMULATION_FORCING,1013.0,0.0,72.512,0.0,SYNTHETIC,9.105,2026-02-23T02:00:00+00:00,180.0,1.831
SIMULATION_FORCING,1013.0,0.0,71.024,0.0,SYNTHETIC,9.275,2026-02-23T03:00:00+00:00,180.0,1.515
SIMULATION_FORCING,1013.0,0.0,73.744,0.0,SYNTHETIC,9.775,2026-02-23T04:00:00+00:00,180.0,2.061
SIMULATION_FORCING,1013.0,0.0,71.506,0.0,SYNTHETIC,10.569,2026-02-23T05:00:00+00:00,180.0,1.527
SIMULATION_FORCING,1013.0,0.0,72.339,0.0,SYNTHETIC,11.605,2026-02-23T06:00:00+00:00,180.0,1.943
SIMULATION_FORCING,1013.0,0.0,65.417,219.996,SYNTHETIC,12.811,2026-02-23T07:00:00+00:00,180.0,2.155
SIMULATION_FORCING,1013.0,0.0,63.423,425.0,SYNTHETIC,14.105,2026-02-23T08:00:00+00:00,180.0,1.817
SIMULATION_FORCING,1013.0,0.0,59.112,601.041,SYNTHETIC,15.399,2026-02-23T09:00:00+00:00,180.0,2.098
SIMULATION_FORCING,1013.0,0.0,58.074,736.122,SYNTHETIC,16.605,2026-02-23T10:00:00+00:00,180.0,2.355
SIMULATION_FORCING,1013.0,0.0,54.451,821.037,SYNTHETIC,17.641,2026-02-23T11:00:00+00:00,180.0,1.835
SIMULATION_FORCING,1013.0,0.0,54.89,850.0,SYNTHETIC,18.435,2026-02-23T12:00:00+00:00,180.0,2.159
SIMULATION_FORCING,1013.0,0.0,55.817,821.037,SYNTHETIC,18.935,2026-02-23T13:00:00+00:00,180.0,2.422
SIMULATION_FORCING,1013.0,0.0,55.409,736.122,SYNTHETIC,19.105,2026-02-23T14:00:00+00:00,180.0,2.325
SIMULATION_FORCING,1013.0,0.0,57.397,601.041,SYNTHETIC,18.935,2026-02-23T15:00:00+00:00,180.0,2.174
SIMULATION_FORCING,1013.0,0.0,62.436,425.0,SYNTHETIC,18.435,2026-02-23T16:00:00+00:00,180.0,2.444
SIMULATION_FORCING,1013.0,0.0,68.392,219.996,SYNTHETIC,17.641,2026-02-23T17:00:00+00:00,180.0,2.057
SIMULATION_FORCING,1013.0,0.0,72.47,0.0,SYNTHETIC,16.605,2026-02-23T18:00:00+00:00,180.0,2.451
SIMULATION_FORCING,1013.0,0.0,72.469,0.0,SYNTHETIC,15.399,2026-02-23T19:00:00+00:00,180.0,2.329
SIMULATION_FORCING,1013.0,0.0,70.33,0.0,SYNTHETIC,14.105,2026-02-23T20:00:00+00:00,180.0,1.953
SIMULATION_FORCING,1013.0,0.0,70.756,0.0,SYNTHETIC,12.811,2026-02-23T21:00:00+00:00,180.0,1.597
SIMULATION_FORCING,1013.0,0.0,70.131,0.0,SYNTHETIC,11.605,2026-02-23T22:00:00+00:00,180.0,1.638
SIMULATION_FORCING,1013.0,0.0,70.729,0.0,SYNTHETIC,10.569,2026-02-23T23:00:00+00:00,180.0,1.922
SIMULATION_FORCING,1013.0,0.0,71.275,0.0,SYNTHETIC,9.915,2026-02-24T00:00:00+00:00,180.0,1.96
SIMULATION_FORCING,1013.0,0.0,73.816,0.0,SYNTHETIC,9.416,2026-02-24T01:00:00+00:00,180.0,2.238
SIMULATION_FORCING,1013.0,0.0,72.812,0.0,SYNTHETIC,9.245,2026-02-24T02:00:00+00:00,180.0,2.195
SIMULATION_FORCING,1013.0,0.0,72.059,0.0,SYNTHETIC,9.416,2026-02-24T03:00:00+00:00,180.0,2.269
SIMULATION_FORCING,1013.0,0.0,71.558,0.0,SYNTHETIC,9.915,2026-02-24T04:00:00+00:00,180.0,1.945
SIMULATION_FORCING,1013.0,0.0,70.922,0.0,SYNTHETIC,10.71,2026-02-24T05:00:00+00:00,180.0,1.564
SIMULATION_FORCING,1013.0,0.0,71.304,0.0,SYNTHETIC,11.745,2026-02-24T06:00:00+00:00,180.0,1.556
SIMULATION_FORCING,1013.0,0.0,67.893,219.996,SYNTHETIC,12.951,2026-02-24T07:00:00+00:00,180.0,2.155
SIMULATION_FORCING,1013.0,0.0,61.834,425.0,SYNTHETIC,14.245,2026-02-24T08:00:00+00:00,180.0,2.336
SIMULATION_FORCING,1013.0,0.0,58.077,601.041,SYNTHETIC,15.539,2026-02-24T09:00:00+00:00,180.0,1.896
SIMULATION_FORCING,1013.0,0.0,56.693,736.122,SYNTHETIC,16.745,2026-02-24T10:00:00+00:00,180.0,2.128
SIMULATION_FORCING,1013.0,0.0,54.926,821.037,SYNTHETIC,17.781,2026-02-24T11:00:00+00:00,180.0,1.811
SIMULATION_FORCING,1013.0,0.0,54.33,850.0,SYNTHETIC,18.575,2026-02-24T12:00:00+00:00,180.0,2.029
SIMULATION_FORCING,1013.0,0.0,53.476,821.037,SYNTHETIC,19.075,2026-02-24T13:00:00+00:00,180.0,2.206
SIMULATION_FORCING,1013.0,0.0,54.896,736.122,SYNTHETIC,19.245,2026-02-24T14:00:00+00:00,180.0,1.792
SIMULATION_FORCING,1013.0,0.0,59.503,601.041,SYNTHETIC,19.075,2026-02-24T15:00:00+00:00,180.0,2.497
SIMULATION_FORCING,1013.0,0.0,63.185,425.0,SYNTHETIC,18.575,2026-02-24T16:00:00+00:00,180.0,2.065
SIMULATION_FORCING,1013.0,0.0,66.471,219.996,SYNTHETIC,17.781,2026-02-24T17:00:00+00:00,180.0,1.918
SIMULATION_FORCING,1013.0,0.0,73.827,0.0,SYNTHETIC,16.745,2026-02-24T18:00:00+00:00,180.0,2.197
SIMULATION_FORCING,1013.0,0.0,71.122,0.0,SYNTHETIC,15.539,2026-02-24T19:00:00+00:00,180.0,1.897
SIMULATION_FORCING,1013.0,0.0,70.705,0.0,SYNTHETIC,14.245,2026-02-24T20:00:00+00:00,180.0,2.049
SIMULATION_FORCING,1013.0,0.0,72.311,0.0,SYNTHETIC,12.951,2026-02-24T21:00:00+00:00,180.0,1.867
SIMULATION_FORCING,1013.0,0.0,70.264,0.0,SYNTHETIC,11.745,2026-02-24T22:00:00+00:00,180.0,2.474
SIMULATION_FORCING,1013.0,0.0,71.849,0.0,SYNTHETIC,10.71,2026-02-24T23:00:00+00:00,180.0,1.611
SIMULATION_FORCING,1013.0,0.0,73.416,0.0,SYNTHETIC,10.056,2026-02-25T00:00:00+00:00,180.0,1.579
SIMULATION_FORCING,1013.0,0.0,73.467,0.0,SYNTHETIC,9.557,2026-02-25T01:00:00+00:00,180.0,1.504
SIMULATION_FORCING,1013.0,0.0,73.916,0.0,SYNTHETIC,9.387,2026-02-25T02:00:00+00:00,180.0,2.173
SIMULATION_FORCING,1013.0,0.0,70.114,0.0,SYNTHETIC,9.557,2026-02-25T03:00:00+00:00,180.0,2.358
SIMULATION_FORCING,1013.0,0.0,73.852,0.0,SYNTHETIC,10.056,2026-02-25T04:00:00+00:00,180.0,2.216
SIMULATION_FORCING,1013.0,0.0,70.905,0.0,SYNTHETIC,10.851,2026-02-25T05:00:00+00:00,180.0,2.034
SIMULATION_FORCING,1013.0,0.0,71.962,0.0,SYNTHETIC,11.887,2026-02-25T06:00:00+00:00,180.0,2.127
SIMULATION_FORCING,1013.0,0.0,68.229,219.996,SYNTHETIC,13.093,2026-02-25T07:00:00+00:00,180.0,2.031
SIMULATION_FORCING,1013.0,0.0,63.455,425.0,SYNTHETIC,14.387,2026-02-25T08:00:00+00:00,180.0,1.524
SIMULATION_FORCING,1013.0,0.0,57.623,601.041,SYNTHETIC,15.681,2026-02-25T09:00:00+00:00,180.0,1.518
SIMULATION_FORCING,1013.0,0.0,56.865,736.122,SYNTHETIC,16.887,2026-02-25T10:00:00+00:00,180.0,1.666
SIMULATION_FORCING,1013.0,0.0,55.617,821.037,SYNTHETIC,17.922,2026-02-25T11:00:00+00:00,180.0,1.775
SIMULATION_FORCING,1013.0,0.0,52.665,850.0,SYNTHETIC,18.717,2026-02-25T12:00:00+00:00,180.0,2.281
SIMULATION_FORCING,1013.0,0.0,53.145,821.037,SYNTHETIC,19.216,2026-02-25T13:00:00+00:00,180.0,2.272
SIMULATION_FORCING,1013.0,0.0,57.189,736.122,SYNTHETIC,19.387,2026-02-25T14:00:00+00:00,180.0,2.239
SIMULATION_FORCING,1013.0,0.0,59.229,601.041,SYNTHETIC,19.216,2026-02-25T15:00:00+00:00,180.0,2.158
SIMULATION_FORCING,1013.0,0.0,64.362,425.0,SYNTHETIC,18.717,2026-02-25T16:00:00+00:00,180.0,2.091
SIMULATION_FORCING,1013.0,0.0,67.08,219.996,SYNTHETIC,17.922,2026-02-25T17:00:00+00:00,180.0,1.862
SIMULATION_FORCING,1013.0,0.0,71.908,0.0,SYNTHETIC,16.887,2026-02-25T18:00:00+00:00,180.0,1.68
SIMULATION_FORCING,1013.0,0.0,71.367,0.0,SYNTHETIC,15.681,2026-02-25T19:00:00+00:00,180.0,1.641
SIMULATION_FORCING,1013.0,0.0,71.952,0.0,SYNTHETIC,14.387,2026-02-25T20:00:00+00:00,180.0,1.654
SIMULATION_FORCING,1013.0,0.0,70.696,0.0,SYNTHETIC,13.093,2026-02-25T21:00:00+00:00,180.0,1.975
SIMULATION_FORCING,1013.0,0.0,71.818,0.0,SYNTHETIC,11.887,2026-02-25T22:00:00+00:00,180.0,2.271
SIMULATION_FORCING,1013.0,0.0,70.265,0.0,SYNTHETIC,10.851,2026-02-25T23:00:00+00:00,180.0,2.041
SIMULATION_FORCING,1013.0,0.0,73.606,0.0,SYNTHETIC,10.199,2026-02-26T00:00:00+00:00,180.0,1.922
SIMULATION_FORCING,1013.0,0.0,70.815,0.0,SYNTHETIC,9.699,2026-02-26T01:00:00+00:00,180.0,2.45
SIMULATION_FORCING,1013.0,0.0,73.057,0.0,SYNTHETIC,9.529,2026-02-26T02:00:00+00:00,180.0,1.868
SIMULATION_FORCING,1013.0,0.0,72.207,0.0,SYNTHETIC,9.699,2026-02-26T03:00:00+00:00,180.0,1.568
SIMULATION_FORCING,1013.0,0.0,73.64,0.0,SYNTHETIC,10.199,2026-02-26T04:00:00+00:00,180.0,1.916
SIMULATION_FORCING,1013.0,0.0,72.061,0.0,SYNTHETIC,10.993,2026-02-26T05:00:00+00:00,180.0,1.837
SIMULATION_FORCING,1013.0,0.0,70.682,0.0,SYNTHETIC,12.029,2026-02-26T06:00:00+00:00,180.0,2.273
SIMULATION_FORCING,1013.0,0.0,68.753,219.996,SYNTHETIC,13.235,2026-02-26T07:00:00+00:00,180.0,1.58
SIMULATION_FORCING,1013.0,0.0,61.648,425.0,SYNTHETIC,14.529,2026-02-26T08:00:00+00:00,180.0,1.614
SIMULATION_FORCING,1013.0,0.0,58.07,601.041,SYNTHETIC,15.823,2026-02-26T09:00:00+00:00,180.0,1.989
SIMULATION_FORCING,1013.0,0.0,54.513,736.122,SYNTHETIC,17.029,2026-02-26T10:00:00+00:00,180.0,2.394
SIMULATION_FORCING,1013.0,0.0,55.312,821.037,SYNTHETIC,18.065,2026-02-26T11:00:00+00:00,180.0,2.146
SIMULATION_FORCING,1013.0,0.0,53.565,850.0,SYNTHETIC,18.859,2026-02-26T12:00:00+00:00,180.0,2.324
SIMULATION_FORCING,1013.0,0.0,54.322,821.037,SYNTHETIC,19.359,2026-02-26T13:00:00+00:00,180.0,1.674
SIMULATION_FORCING,1013.0,0.0,54.934,736.122,SYNTHETIC,19.529,2026-02-26T14:00:00+00:00,180.0,1.953
SIMULATION_FORCING,1013.0,0.0,59.016,601.041,SYNTHETIC,19.359,2026-02-26T15:00:00+00:00,180.0,2.035
SIMULATION_FORCING,1013.0,0.0,64.836,425.0,SYNTHETIC,18.859,2026-02-26T16:00:00+00:00,180.0,2.117
SIMULATION_FORCING,1013.0,0.0,67.463,219.996,SYNTHETIC,18.065,2026-02-26T17:00:00+00:00,180.0,2.159
SIMULATION_FORCING,1013.0,0.0,73.716,0.0,SYNTHETIC,17.029,2026-02-26T18:00:00+00:00,180.0,1.852
SIMULATION_FORCING,1013.0,0.0,70.173,0.0,SYNTHETIC,15.823,2026-02-26T19:00:00+00:00,180.0,1.698
SIMULATION_FORCING,1013.0,0.0,72.749,0.0,SYNTHETIC,14.529,2026-02-26T20:00:00+00:00,180.0,1.641
SIMULATION_FORCING,1013.0,0.0,72.818,0.0,SYNTHETIC,13.235,2026-02-26T21:00:00+00:00,180.0,1.801
SIMULATION_FORCING,1013.0,0.0,70.499,0.0,SYNTHETIC,12.029,2026-02-26T22:00:00+00:00,180.0,1.909
SIMULATION_FORCING,1013.0,0.0,71.477,0.0,SYNTHETIC,10.993,2026-02-26T23:00:00+00:00,180.0,1.778
SIMULATION_FORCING,1013.0,0.0,72.551,0.0,SYNTHETIC,10.342,2026-02-27T00:00:00+00:00,180.0,2.263
SIMULATION_FORCING,1013.0,0.0,71.516,0.0,SYNTHETIC,9.843,2026-02-27T01:00:00+00:00,180.0,2.423
SIMULATION_FORCING,1013.0,0.0,70.33,0.0,SYNTHETIC,9.672,2026-02-27T02:00:00+00:00,180.0,2.209
SIMULATION_FORCING,1013.0,0.0,73.721,0.0,SYNTHETIC,9.843,2026-02-27T03:00:00+00:00,180.0,2.239
SIMULATION_FORCING,1013.0,0.0,72.32,0.0,SYNTHETIC,10.342,2026-02-27T04:00:00+00:00,180.0,1.84
SIMULATION_FORCING,1013.0,0.0,71.463,0.0,SYNTHETIC,11.137,2026-02-27T05:00:00+00:00,180.0,2.488
SIMULATION_FORCING,1013.0,0.0,72.298,0.0,SYNTHETIC,12.172,2026-02-27T06:00:00+00:00,180.0,1.787
SIMULATION_FORCING,1013.0,0.0,67.628,219.996,SYNTHETIC,13.378,2026-02-27T07:00:00+00:00,180.0,1.502
SIMULATION_FORCING,1013.0,0.0,64.995,425.0,SYNTHETIC,14.672,2026-02-27T08:00:00+00:00,180.0,2.039
SIMULATION_FORCING,1013.0,0.0,60.671,601.041,SYNTHETIC,15.967,2026-02-27T09:00:00+00:00,180.0,1.936
SIMULATION_FORCING,1013.0,0.0,54.709,736.122,SYNTHETIC,17.172,2026-02-27T10:00:00+00:00,180.0,2.495
SIMULATION_FORCING,1013.0,0.0,53.089,821.037,SYNTHETIC,18.208,2026-02-27T11:00:00+00:00,180.0,1.724
SIMULATION_FORCING,1013.0,0.0,55.688,850.0,SYNTHETIC,19.003,2026-02-27T12:00:00+00:00,180.0,2.349
SIMULATION_FORCING,1013.0,0.0,53.093,821.037,SYNTHETIC,19.502,2026-02-27T13:00:00+00:00,180.0,2.378
SIMULATION_FORCING,1013.0,0.0,56.111,736.122,SYNTHETIC,19.672,2026-02-27T14:00:00+00:00,180.0,2.47
SIMULATION_FORCING,1013.0,0.0,57.608,601.041,SYNTHETIC,19.502,2026-02-27T15:00:00+00:00,180.0,1.706
SIMULATION_FORCING,1013.0,0.0,64.459,425.0,SYNTHETIC,19.003,2026-02-27T16:00:00+00:00,180.0,2.31
SIMULATION_FORCING,1013.0,0.0,67.101,219.996,SYNTHETIC,18.208,2026-02-27T17:00:00+00:00,180.0,1.751
SIMULATION_FORCING,1013.0,0.0,72.08,0.0,SYNTHETIC,17.172,2026-02-27T18:00:00+00:00,180.0,2.063
SIMULATION_FORCING,1013.0,0.0,71.833,0.0,SYNTHETIC,15.967,2026-02-27T19:00:00+00:00,180.0,2.382
SIMULATION_FORCING,1013.0,0.0,72.295,0.0,SYNTHETIC,14.672,2026-02-27T20:00:00+00:00,180.0,1.835
SIMULATION_FORCING,1013.0,0.0,73.874,0.0,SYNTHETIC,13.378,2026-02-27T21:00:00+00:00,180.0,2.189
SIMULATION_FORCING,1013.0,0.0,73.933,0.0,SYNTHETIC,12.172,2026-02-27T22:00:00+00:00,180.0,1.754
SIMULATION_FORCING,1013.0,0.0,70.732,0.0,SYNTHETIC,11.137,2026-02-27T23:00:00+00:00,180.0,2.078
SIMULATION_FORCING,1013.0,0.0,71.125,0.0,SYNTHETIC,10.487,2026-02-28T00:00:00+00:00,180.0,2.257
SIMULATION_FORCING,1013.0,0.0,70.985,0.0,SYNTHETIC,9.987,2026-02-28T01:00:00+00:00,180.0,1.979
SIMULATION_FORCING,1013.0,0.0,73.207,0.0,SYNTHETIC,9.817,2026-02-28T02:00:00+00:00,180.0,1.594
SIMULATION_FORCING,1013.0,0.0,71.986,0.0,SYNTHETIC,9.987,2026-02-28T03:00:00+00:00,180.0,1.623
SIMULATION_FORCING,1013.0,0.0,73.632,0.0,SYNTHETIC,10.487,2026-02-28T04:00:00+00:00,180.0,2.147
SIMULATION_FORCING,1013.0,0.0,73.921,0.0,SYNTHETIC,11.281,2026-02-28T05:00:00+00:00,180.0,1.54
SIMULATION_FORCING,1013.0,0.0,72.356,0.0,SYNTHETIC,12.317,2026-02-28T06:00:00+00:00,180.0,2.329
SIMULATION_FORCING,1013.0,0.0,68.218,219.996,SYNTHETIC,13.523,2026-02-28T07:00:00+00:00,180.0,1.73
SIMULATION_FORCING,1013.0,0.0,64.189,425.0,SYNTHETIC,14.817,2026-02-28T08:00:00+00:00,180.0,2.222
SIMULATION_FORCING,1013.0,0.0,57.425,601.041,SYNTHETIC,16.111,2026-02-28T09:00:00+00:00,180.0,2.336
SIMULATION_FORCING,1013.0,0.0,56.521,736.122,SYNTHETIC,17.317,2026-02-28T10:00:00+00:00,180.0,2.465
SIMULATION_FORCING,1013.0,0.0,54.457,821.037,SYNTHETIC,18.352,2026-02-28T11:00:00+00:00,180.0,2.184
SIMULATION_FORCING,1013.0,0.0,53.225,850.0,SYNTHETIC,19.147,2026-02-28T12:00:00+00:00,180.0,2.259
SIMULATION_FORCING,1013.0,0.0,56.552,821.037,SYNTHETIC,19.647,2026-02-28T13:00:00+00:00,180.0,2.207
SIMULATION_FORCING,1013.0,0.0,57.145,736.122,SYNTHETIC,19.817,2026-02-28T14:00:00+00:00,180.0,2.012
SIMULATION_FORCING,1013.0,0.0,59.076,601.041,SYNTHETIC,19.647,2026-02-28T15:00:00+00:00,180.0,2.181
SIMULATION_FORCING,1013.0,0.0,62.903,425.0,SYNTHETIC,19.147,2026-02-28T16:00:00+00:00,180.0,1.774
SIMULATION_FORCING,1013.0,0.0,68.435,219.996,SYNTHETIC,18.352,2026-02-28T17:00:00+00:00,180.0,2.106
SIMULATION_FORCING,1013.0,0.0,70.069,0.0,SYNTHETIC,17.317,2026-02-28T18:00:00+00:00,180.0,1.801
SIMULATION_FORCING,1013.0,0.0,71.365,0.0,SYNTHETIC,16.111,2026-02-28T19:00:00+00:00,180.0,1.787
SIMULATION_FORCING,1013.0,0.0,71.65,0.0,SYNTHETIC,14.817,2026-02-28T20:00:00+00:00,180.0,1.898
SIMULATION_FORCING,1013.0,0.0,73.108,0.0,SYNTHETIC,13.523,2026-02-28T21:00:00+00:00,180.0,1.612
SIMULATION_FORCING,1013.0,0.0,70.399,0.0,SYNTHETIC,12.317,2026-02-28T22:00:00+00:00,180.0,2.497
SIMULATION_FORCING,1013.0,0.0,71.23,0.0,SYNTHETIC,11.281,2026-02-28T23:00:00+00:00,180.0,2.127
SIMULATION_FORCING,1013.0,0.0,70.349,0.0,SYNTHETIC,10.632,2026-03-01T00:00:00+00:00,180.0,2.071
SIMULATION_FORCING,1013.0,0.0,73.407,0.0,SYNTHETIC,10.133,2026-03-01T01:00:00+00:00,180.0,1.931
SIMULATION_FORCING,1013.0,0.0,71.525,0.0,SYNTHETIC,9.962,2026-03-01T02:00:00+00:00,180.0,1.733
SIMULATION_FORCING,1013.0,0.0,70.969,0.0,SYNTHETIC,10.133,2026-03-01T03:00:00+00:00,180.0,1.571
SIMULATION_FORCING,1013.0,0.0,71.473,0.0,SYNTHETIC,10.632,2026-03-01T04:00:00+00:00,180.0,2.205
SIMULATION_FORCING,1013.0,0.0,72.559,0.0,SYNTHETIC,11.427,2026-03-01T05:00:00+00:00,180.0,2.294
SIMULATION_FORCING,1013.0,0.0,73.864,0.0,SYNTHETIC,12.462,2026-03-01T06:00:00+00:00,180.0,1.616
SIMULATION_FORCING,1013.0,0.0,67.332,219.996,SYNTHETIC,13.668,2026-03-01T07:00:00+00:00,180.0,2.044
SIMULATION_FORCING,1013.0,0.0,63.14,425.0,SYNTHETIC,14.962,2026-03-01T08:00:00+00:00,180.0,2.2
SIMULATION_FORCING,1013.0,0.0,59.216,601.041,SYNTHETIC,16.256,2026-03-01T09:00:00+00:00,180.0,2.342
SIMULATION_FORCING,1013.0,0.0,57.088,736.122,SYNTHETIC,17.462,2026-03-01T10:00:00+00:00,180.0,2.456
SIMULATION_FORCING,1013.0,0.0,54.741,821.037,SYNTHETIC,18.498,2026-03-01T11:00:00+00:00,180.0,2.496
SIMULATION_FORCING,1013.0,0.0,52.842,850.0,SYNTHETIC,19.292,2026-03-01T12:00:00+00:00,180.0,1.791
SIMULATION_FORCING,1013.0,0.0,54.359,821.037,SYNTHETIC,19.792,2026-03-01T13:00:00+00:00,180.0,1.879
SIMULATION_FORCING,1013.0,0.0,56.046,736.122,SYNTHETIC,19.962,2026-03-01T14:00:00+00:00,180.0,1.954
SIMULATION_FORCING,1013.0,0.0,60.617,601.041,SYNTHETIC,19.792,2026-03-01T15:00:00+00:00,180.0,2.148
SIMULATION_FORCING,1013.0,0.0,64.929,425.0,SYNTHETIC,19.292,2026-03-01T16:00:00+00:00,180.0,2.456
SIMULATION_FORCING,1013.0,0.0,65.6,219.996,SYNTHETIC,18.498,2026-03-01T17:00:00+00:00,180.0,1.897
SIMULATION_FORCING,1013.0,0.0,70.502,0.0,SYNTHETIC,17.462,2026-03-01T18:00:00+00:00,180.0,1.509
SIMULATION_FORCING,1013.0,0.0,72.199,0.0,SYNTHETIC,16.256,2026-03-01T19:00:00+00:00,180.0,1.713
SIMULATION_FORCING,1013.0,0.0,73.166,0.0,SYNTHETIC,14.962,2026-03-01T20:00:00+00:00,180.0,2.2
SIMULATION_FORCING,1013.0,0.0,71.36,0.0,SYNTHETIC,13.668,2026-03-01T21:00:00+00:00,180.0,2.22
SIMULATION_FORCING,1013.0,0.0,72.318,0.0,SYNTHETIC,12.462,2026-03-01T22:00:00+00:00,180.0,2.1
SIMULATION_FORCING,1013.0,0.0,71.024,0.0,SYNTHETIC,11.427,2026-03-01T23:00:00+00:00,180.0,2.187
SIMULATION_FORCING,1013.0,0.0,70.997,0.0,SYNTHETIC,10.778,2026-03-02T00:00:00+00:00,180.0,2.212
SIMULATION_FORCING,1013.0,0.0,70.313,0.0,SYNTHETIC,10.279,2026-03-02T01:00:00+00:00,180.0,2.442
SIMULATION_FORCING,1013.0,0.0,71.493,0.0,SYNTHETIC,10.109,2026-03-02T02:00:00+00:00,180.0,2.346
SIMULATION_FORCING,1013.0,0.0,72.935,0.0,SYNTHETIC,10.279,2026-03-02T03:00:00+00:00,180.0,1.652
SIMULATION_FORCING,1013.0,0.0,71.983,0.0,SYNTHETIC,10.778,2026-03-02T04:00:00+00:00,180.0,1.757
SIMULATION_FORCING,1013.0,0.0,73.241,0.0,SYNTHETIC,11.573,2026-03-02T05:00:00+00:00,180.0,1.736
SIMULATION_FORCING,1013.0,0.0,71.374,0.0,SYNTHETIC,12.609,2026-03-02T06:00:00+00:00,180.0,1.685
SIMULATION_FORCING,1013.0,0.0,66.642,219.996,SYNTHETIC,13.814,2026-03-02T07:00:00+00:00,180.0,1.946
SIMULATION_FORCING,1013.0,0.0,62.172,425.0,SYNTHETIC,15.109,2026-03-02T08:00:00+00:00,180.0,1.519
SIMULATION_FORCING,1013.0,0.0,59.933,601.041,SYNTHETIC,16.403,2026-03-02T09:00:00+00:00,180.0,2.292
SIMULATION_FORCING,1013.0,0.0,57.593,736.122,SYNTHETIC,17.609,2026-03-02T10:00:00+00:00,180.0,2.314
SIMULATION_FORCING,1013.0,0.0,53.114,821.037,SYNTHETIC,18.644,2026-03-02T11:00:00+00:00,180.0,1.734
SIMULATION_FORCING,1013.0,0.0,54.335,850.0,SYNTHETIC,19.439,2026-03-02T12:00:00+00:00,180.0,1.646
SIMULATION_FORCING,1013.0,0.0,55.779,821.037,SYNTHETIC,19.938,2026-03-02T13:00:00+00:00,180.0,2.396
SIMULATION_FORCING,1013.0,0.0,57.6,736.122,SYNTHETIC,20.109,2026-03-02T14:00:00+00:00,180.0,1.766
SIMULATION_FORCING,1013.0,0.0,57.351,601.041,SYNTHETIC,19.938,2026-03-02T15:00:00+00:00,180.0,2.087
SIMULATION_FORCING,1013.0,0.0,61.222,425.0,SYNTHETIC,19.439,2026-03-02T16:00:00+00:00,180.0,2.129
SIMULATION_FORCING,1013.0,0.0,67.203,219.996,SYNTHETIC,18.644,2026-03-02T17:00:00+00:00,180.0,1.508
SIMULATION_FORCING,1013.0,0.0,72.941,0.0,SYNTHETIC,17.609,2026-03-02T18:00:00+00:00,180.0,2.337
SIMULATION_FORCING,1013.0,0.0,72.189,0.0,SYNTHETIC,16.403,2026-03-02T19:00:00+00:00,180.0,1.674
SIMULATION_FORCING,1013.0,0.0,71.457,0.0,SYNTHETIC,15.109,2026-03-02T20:00:00+00:00,180.0,2.346
SIMULATION_FORCING,1013.0,0.0,73.208,0.0,SYNTHETIC,13.814,2026-03-02T21:00:00+00:00,180.0,1.668
SIMULATION_FORCING,1013.0,0.0,73.786,0.0,SYNTHETIC,12.609,2026-03-02T22:00:00+00:00,180.0,2.104
SIMULATION_FORCING,1013.0,0.0,71.601,0.0,SYNTHETIC,11.573,2026-03-02T23:00:00+00:00,180.0,1.998
SIMULATION_FORCING,1013.0,0.0,73.304,0.0,SYNTHETIC,10.926,2026-03-03T00:00:00+00:00,180.0,1.853
SIMULATION_FORCING,1013.0,0.0,71.921,0.0,SYNTHETIC,10.426,2026-03-03T01:00:00+00:00,180.0,1.927
SIMULATION_FORCING,1013.0,0.0,72.351,0.0,SYNTHETIC,10.256,2026-03-03T02:00:00+00:00,180.0,2.458
SIMULATION_FORCING,1013.0,0.0,73.663,0.0,SYNTHETIC,10.426,2026-03-03T03:00:00+00:00,180.0,2.495
SIMULATION_FORCING,1013.0,0.0,72.887,0.0,SYNTHETIC,10.926,2026-03-03T04:00:00+00:00,180.0,2.26
SIMULATION_FORCING,1013.0,0.0,73.434,0.0,SYNTHETIC,11.72,2026-03-03T05:00:00+00:00,180.0,2.052
SIMULATION_FORCING,1013.0,0.0,73.157,0.0,SYNTHETIC,12.756,2026-03-03T06:00:00+00:00,180.0,1.532
SIMULATION_FORCING,1013.0,0.0,65.617,219.996,SYNTHETIC,13.962,2026-03-03T07:00:00+00:00,180.0,2.175
SIMULATION_FORCING,1013.0,0.0,61.437,425.0,SYNTHETIC,15.256,2026-03-03T08:00:00+00:00,180.0,2.288
SIMULATION_FORCING,1013.0,0.0,59.706,601.041,SYNTHETIC,16.55,2026-03-03T09:00:00+00:00,180.0,1.869
SIMULATION_FORCING,1013.0,0.0,56.189,736.122,SYNTHETIC,17.756,2026-03-03T10:00:00+00:00,180.0,1.805
SIMULATION_FORCING,1013.0,0.0,53.113,821.037,SYNTHETIC,18.791,2026-03-03T11:00:00+00:00,180.0,1.571
SIMULATION_FORCING,1013.0,0.0,55.779,850.0,SYNTHETIC,19.586,2026-03-03T12:00:00+00:00,180.0,2.036
SIMULATION_FORCING,1013.0,0.0,56.255,821.037,SYNTHETIC,20.085,2026-03-03T13:00:00+00:00,180.0,2.145
SIMULATION_FORCING,1013.0,0.0,55.955,736.122,SYNTHETIC,20.256,2026-03-03T14:00:00+00:00,180.0,2.442
SIMULATION_FORCING,1013.0,0.0,59.305,601.041,SYNTHETIC,20.085,2026-03-03T15:00:00+00:00,180.0,1.857
SIMULATION_FORCING,1013.0,0.0,62.452,425.0,SYNTHETIC,19.586,2026-03-03T16:00:00+00:00,180.0,1.726
SIMULATION_FORCING,1013.0,0.0,65.357,219.996,SYNTHETIC,18.791,2026-03-03T17:00:00+00:00,180.0,2.457
SIMULATION_FORCING,1013.0,0.0,71.276,0.0,SYNTHETIC,17.756,2026-03-03T18:00:00+00:00,180.0,1.993
SIMULATION_FORCING,1013.0,0.0,70.633,0.0,SYNTHETIC,16.55,2026-03-03T19:00:00+00:00,180.0,1.996
SIMULATION_FORCING,1013.0,0.0,72.357,0.0,SYNTHETIC,15.256,2026-03-03T20:00:00+00:00,180.0,1.731
SIMULATION_FORCING,1013.0,0.0,72.815,0.0,SYNTHETIC,13.962,2026-03-03T21:00:00+00:00,180.0,1.853
SIMULATION_FORCING,1013.0,0.0,73.209,0.0,SYNTHETIC,12.756,2026-03-03T22:00:00+00:00,180.0,1.646
SIMULATION_FORCING,1013.0,0.0,73.694,0.0,SYNTHETIC,11.72,2026-03-03T23:00:00+00:00,180.0,2.384
SIMULATION_FORCING,1013.0,0.0,71.041,0.0,SYNTHETIC,11.074,2026-03-04T00:00:00+00:00,180.0,2.042
SIMULATION_FORCING,1013.0,0.0,70.278,0.0,SYNTHETIC,10.574,2026-03-04T01:00:00+00:00,180.0,2.282
SIMULATION_FORCING,1013.0,0.0,70.474,0.0,SYNTHETIC,10.404,2026-03-04T02:00:00+00:00,180.0,1.701
SIMULATION_FORCING,1013.0,0.0,73.339,0.0,SYNTHETIC,10.574,2026-03-04T03:00:00+00:00,180.0,2.065
SIMULATION_FORCING,1013.0,0.0,70.429,0.0,SYNTHETIC,11.074,2026-03-04T04:00:00+00:00,180.0,1.606
SIMULATION_FORCING,1013.0,0.0,71.538,0.0,SYNTHETIC,11.868,2026-03-04T05:00:00+00:00,180.0,2.302
SIMULATION_FORCING,1013.0,0.0,73.081,0.0,SYNTHETIC,12.904,2026-03-04T06:00:00+00:00,180.0,2.228
SIMULATION_FORCING,1013.0,0.0,68.224,219.996,SYNTHETIC,14.11,2026-03-04T07:00:00+00:00,180.0,1.717
SIMULATION_FORCING,1013.0,0.0,63.413,425.0,SYNTHETIC,15.404,2026-03-04T08:00:00+00:00,180.0,2.15
SIMULATION_FORCING,1013.0,0.0,60.546,601.041,SYNTHETIC,16.698,2026-03-04T09:00:00+00:00,180.0,1.905
SIMULATION_FORCING,1013.0,0.0,55.061,736.122,SYNTHETIC,17.904,2026-03-04T10:00:00+00:00,180.0,2.347
SIMULATION_FORCING,1013.0,0.0,52.965,821.037,SYNTHETIC,18.939,2026-03-04T11:00:00+00:00,180.0,1.801
SIMULATION_FORCING,1013.0,0.0,54.367,850.0,SYNTHETIC,19.734,2026-03-04T12:00:00+00:00,180.0,1.6
SIMULATION_FORCING,1013.0,0.0,55.174,821.037,SYNTHETIC,20.233,2026-03-04T13:00:00+00:00,180.0,2.322
SIMULATION_FORCING,1013.0,0.0,54.531,736.122,SYNTHETIC,20.404,2026-03-04T14:00:00+00:00,180.0,1.92
SIMULATION_FORCING,1013.0,0.0,58.497,601.041,SYNTHETIC,20.233,2026-03-04T15:00:00+00:00,180.0,2.478
SIMULATION_FORCING,1013.0,0.0,64.507,425.0,SYNTHETIC,19.734,2026-03-04T16:00:00+00:00,180.0,1.615
SIMULATION_FORCING,1013.0,0.0,66.342,219.996,SYNTHETIC,18.939,2026-03-04T17:00:00+00:00,180.0,2.091
SIMULATION_FORCING,1013.0,0.0,70.194,0.0,SYNTHETIC,17.904,2026-03-04T18:00:00+00:00,180.0,2.118
SIMULATION_FORCING,1013.0,0.0,70.043,0.0,SYNTHETIC,16.698,2026-03-04T19:00:00+00:00,180.0,1.732
SIMULATION_FORCING,1013.0,0.0,73.955,0.0,SYNTHETIC,15.404,2026-03-04T20:00:00+00:00,180.0,1.526
SIMULATION_FORCING,1013.0,0.0,71.805,0.0,SYNTHETIC,14.11,2026-03-04T21:00:00+00:00,180.0,2.04
SIMULATION_FORCING,1013.0,0.0,72.238,0.0,SYNTHETIC,12.904,2026-03-04T22:00:00+00:00,180.0,2.249
SIMULATION_FORCING,1013.0,0.0,71.29,0.0,SYNTHETIC,11.868,2026-03-04T23:00:00+00:00,180.0,2.151
SIMULATION_FORCING,1013.0,0.0,72.487,0.0,SYNTHETIC,11.222,2026-03-05T00:00:00+00:00,180.0,2.448
SIMULATION_FORCING,1013.0,0.0,73.615,0.0,SYNTHETIC,10.723,2026-03-05T01:00:00+00:00,180.0,2.298
SIMULATION_FORCING,1013.0,0.0,73.558,0.0,SYNTHETIC,10.552,2026-03-05T02:00:00+00:00,180.0,1.552
SIMULATION_FORCING,1013.0,0.0,71.663,0.0,SYNTHETIC,10.723,2026-03-05T03:00:00+00:00,180.0,1.928
SIMULATION_FORCING,1013.0,0.0,72.368,0.0,SYNTHETIC,11.222,2026-03-05T04:00:00+00:00,180.0,1.555
SIMULATION_FORCING,1013.0,0.0,72.092,0.0,SYNTHETIC,12.017,2026-03-05T05:00:00+00:00,180.0,1.938
SIMULATION_FORCING,1013.0,0.0,72.556,0.0,SYNTHETIC,13.052,2026-03-05T06:00:00+00:00,180.0,2.176
SIMULATION_FORCING,1013.0,0.0,68.69,219.996,SYNTHETIC,14.258,2026-03-05T07:00:00+00:00,180.0,2.23
SIMULATION_FORCING,1013.0,0.0,64.187,425.0,SYNTHETIC,15.552,2026-03-05T08:00:00+00:00,180.0,1.672
SIMULATION_FORCING,1013.0,0.0,57.407,601.041,SYNTHETIC,16.846,2026-03-05T09:00:00+00:00,180.0,1.821
SIMULATION_FORCING,1013.0,0.0,58.089,736.122,SYNTHETIC,18.052,2026-03-05T10:00:00+00:00,180.0,2.275
SIMULATION_FORCING,1013.0,0.0,55.706,821.037,SYNTHETIC,19.088,2026-03-05T11:00:00+00:00,180.0,1.964
SIMULATION_FORCING,1013.0,0.0,53.814,850.0,SYNTHETIC,19.883,2026-03-05T12:00:00+00:00,180.0,1.944
SIMULATION_FORCING,1013.0,0.0,55.149,821.037,SYNTHETIC,20.382,2026-03-05T13:00:00+00:00,180.0,2.026
SIMULATION_FORCING,1013.0,0.0,58.231,736.122,SYNTHETIC,20.552,2026-03-05T14:00:00+00:00,180.0,1.746
SIMULATION_FORCING,1013.0,0.0,59.865,601.041,SYNTHETIC,20.382,2026-03-05T15:00:00+00:00,180.0,1.953
SIMULATION_FORCING,1013.0,0.0,63.078,425.0,SYNTHETIC,19.883,2026-03-05T16:00:00+00:00,180.0,1.509
SIMULATION_FORCING,1013.0,0.0,67.672,219.996,SYNTHETIC,19.088,2026-03-05T17:00:00+00:00,180.0,2.254
SIMULATION_FORCING,1013.0,0.0,72.834,0.0,SYNTHETIC,18.052,2026-03-05T18:00:00+00:00,180.0,1.861
SIMULATION_FORCING,1013.0,0.0,71.925,0.0,SYNTHETIC,16.846,2026-03-05T19:00:00+00:00,180.0,2.275
SIMULATION_FORCING,1013.0,0.0,71.749,0.0,SYNTHETIC,15.552,2026-03-05T20:00:00+00:00,180.0,2.108
SIMULATION_FORCING,1013.0,0.0,73.568,0.0,SYNTHETIC,14.258,2026-03-05T21:00:00+00:00,180.0,1.769
SIMULATION_FORCING,1013.0,0.0,70.71,0.0,SYNTHETIC,13.052,2026-03-05T22:00:00+00:00,180.0,1.545
SIMULATION_FORCING,1013.0,0.0,73.543,0.0,SYNTHETIC,12.017,2026-03-05T23:00:00+00:00,180.0,2.11
SIMULATION_FORCING,1013.0,0.0,70.779,0.0,SYNTHETIC,11.372,2026-03-06T00:00:00+00:00,180.0,1.539
SIMULATION_FORCING,1013.0,0.0,72.098,0.0,SYNTHETIC,10.872,2026-03-06T01:00:00+00:00,180.0,1.988
SIMULATION_FORCING,1013.0,0.0,73.782,0.0,SYNTHETIC,10.702,2026-03-06T02:00:00+00:00,180.0,2.245
SIMULATION_FORCING,1013.0,0.0,72.198,0.0,SYNTHETIC,10.872,2026-03-06T03:00:00+00:00,180.0,2.223
SIMULATION_FORCING,1013.0,0.0,73.523,0.0,SYNTHETIC,11.372,2026-03-06T04:00:00+00:00,180.0,1.817
SIMULATION_FORCING,1013.0,0.0,71.444,0.0,SYNTHETIC,12.166,2026-03-06T05:00:00+00:00,180.0,1.649
SIMULATION_FORCING,1013.0,0.0,71.744,0.0,SYNTHETIC,13.202,2026-03-06T06:00:00+00:00,180.0,2.286
SIMULATION_FORCING,1013.0,0.0,67.122,219.996,SYNTHETIC,14.408,2026-03-06T07:00:00+00:00,180.0,2.178
SIMULATION_FORCING,1013.0,0.0,64.408,425.0,SYNTHETIC,15.702,2026-03-06T08:00:00+00:00,180.0,1.989
SIMULATION_FORCING,1013.0,0.0,61.016,601.041,SYNTHETIC,16.996,2026-03-06T09:00:00+00:00,180.0,2.221
SIMULATION_FORCING,1013.0,0.0,56.522,736.122,SYNTHETIC,18.202,2026-03-06T10:00:00+00:00,180.0,1.807
SIMULATION_FORCING,1013.0,0.0,52.675,821.037,SYNTHETIC,19.237,2026-03-06T11:00:00+00:00,180.0,2.354
SIMULATION_FORCING,1013.0,0.0,55.841,850.0,SYNTHETIC,20.032,2026-03-06T12:00:00+00:00,180.0,2.493
SIMULATION_FORCING,1013.0,0.0,53.5,821.037,SYNTHETIC,20.531,2026-03-06T13:00:00+00:00,180.0,2.461
SIMULATION_FORCING,1013.0,0.0,57.253,736.122,SYNTHETIC,20.702,2026-03-06T14:00:00+00:00,180.0,2.119
SIMULATION_FORCING,1013.0,0.0,59.722,601.041,SYNTHETIC,20.531,2026-03-06T15:00:00+00:00,180.0,1.503
SIMULATION_FORCING,1013.0,0.0,61.208,425.0,SYNTHETIC,20.032,2026-03-06T16:00:00+00:00,180.0,1.695
SIMULATION_FORCING,1013.0,0.0,66.635,219.996,SYNTHETIC,19.237,2026-03-06T17:00:00+00:00,180.0,1.614
SIMULATION_FORCING,1013.0,0.0,70.725,0.0,SYNTHETIC,18.202,2026-03-06T18:00:00+00:00,180.0,2.022
SIMULATION_FORCING,1013.0,0.0,70.156,0.0,SYNTHETIC,16.996,2026-03-06T19:00:00+00:00,180.0,1.802
SIMULATION_FORCING,1013.0,0.0,71.712,0.0,SYNTHETIC,15.702,2026-03-06T20:00:00+00:00,180.0,1.994
SIMULATION_FORCING,1013.0,0.0,71.714,0.0,SYNTHETIC,14.408,2026-03-06T21:00:00+00:00,180.0,1.528
SIMULATION_FORCING,1013.0,0.0,71.73,0.0,SYNTHETIC,13.202,2026-03-06T22:00:00+00:00,180.0,2.342
SIMULATION_FORCING,1013.0,0.0,71.649,0.0,SYNTHETIC,12.166,2026-03-06T23:00:00+00:00,180.0,2.28
SIMULATION_FORCING,1013.0,0.0,70.732,0.0,SYNTHETIC,11.522,2026-03-07T00:00:00+00:00,180.0,1.583
SIMULATION_FORCING,1013.0,0.0,72.078,0.0,SYNTHETIC,11.022,2026-03-07T01:00:00+00:00,180.0,2.183
SIMULATION_FORCING,1013.0,0.0,71.065,0.0,SYNTHETIC,10.852,2026-03-07T02:00:00+00:00,180.0,1.973
SIMULATION_FORCING,1013.0,0.0,71.794,0.0,SYNTHETIC,11.022,2026-03-07T03:00:00+00:00,180.0,1.563
SIMULATION_FORCING,1013.0,0.0,73.449,0.0,SYNTHETIC,11.522,2026-03-07T04:00:00+00:00,180.0,2.016
SIMULATION_FORCING,1013.0,0.0,70.267,0.0,SYNTHETIC,12.316,2026-03-07T05:00:00+00:00,180.0,1.557
SIMULATION_FORCING,1013.0,0.0,70.416,0.0,SYNTHETIC,13.352,2026-03-07T06:00:00+00:00,180.0,2.101
SIMULATION_FORCING,1013.0,0.0,65.785,219.996,SYNTHETIC,14.558,2026-03-07T07:00:00+00:00,180.0,2.426
SIMULATION_FORCING,1013.0,0.0,63.874,425.0,SYNTHETIC,15.852,2026-03-07T08:00:00+00:00,180.0,1.921
SIMULATION_FORCING,1013.0,0.0,60.801,601.041,SYNTHETIC,17.146,2026-03-07T09:00:00+00:00,180.0,2.413
SIMULATION_FORCING,1013.0,0.0,56.334,736.122,SYNTHETIC,18.352,2026-03-07T10:00:00+00:00,180.0,1.914
SIMULATION_FORCING,1013.0,0.0,54.193,821.037,SYNTHETIC,19.387,2026-03-07T11:00:00+00:00,180.0,2.453
SIMULATION_FORCING,1013.0,0.0,52.879,850.0,SYNTHETIC,20.182,2026-03-07T12:00:00+00:00,180.0,1.721
SIMULATION_FORCING,1013.0,0.0,55.937,821.037,SYNTHETIC,20.682,2026-03-07T13:00:00+00:00,180.0,1.867
SIMULATION_FORCING,1013.0,0.0,54.541,736.122,SYNTHETIC,20.852,2026-03-07T14:00:00+00:00,180.0,2.461
SIMULATION_FORCING,1013.0,0.0,60.465,601.041,SYNTHETIC,20.682,2026-03-07T15:00:00+00:00,180.0,2.334
SIMULATION_FORCING,1013.0,0.0,64.133,425.0,SYNTHETIC,20.182,2026-03-07T16:00:00+00:00,180.0,2.311
SIMULATION_FORCING,1013.0,0.0,65.904,219.996,SYNTHETIC,19.387,2026-03-07T17:00:00+00:00,180.0,2.195
SIMULATION_FORCING,1013.0,0.0,72.41,0.0,SYNTHETIC,18.352,2026-03-07T18:00:00+00:00,180.0,1.892
SIMULATION_FORCING,1013.0,0.0,70.764,0.0,SYNTHETIC,17.146,2026-03-07T19:00:00+00:00,180.0,1.645
SIMULATION_FORCING,1013.0,0.0,72.515,0.0,SYNTHETIC,15.852,2026-03-07T20:00:00+00:00,180.0,2.056
SIMULATION_FORCING,1013.0,0.0,71.675,0.0,SYNTHETIC,14.558,2026-03-07T21:00:00+00:00,180.0,2.205
SIMULATION_FORCING,1013.0,0.0,73.35,0.0,SYNTHETIC,13.352,2026-03-07T22:00:00+00:00,180.0,1.837
SIMULATION_FORCING,1013.0,0.0,73.895,0.0,SYNTHETIC,12.316,2026-03-07T23:00:00+00:00,180.0,2.222
SIMULATION_FORCING,1013.0,0.0,71.157,0.0,SYNTHETIC,11.673,2026-03-08T00:00:00+00:00,180.0,1.641
SIMULATION_FORCING,1013.0,0.0,71.628,0.0,SYNTHETIC,11.173,2026-03-08T01:00:00+00:00,180.0,2.363
SIMULATION_FORCING,1013.0,0.0,70.136,0.0,SYNTHETIC,11.003,2026-03-08T02:00:00+00:00,180.0,2.083
SIMULATION_FORCING,1013.0,0.0,73.361,0.0,SYNTHETIC,11.173,2026-03-08T03:00:00+00:00,180.0,1.747
SIMULATION_FORCING,1013.0,0.0,72.561,0.0,SYNTHETIC,11.673,2026-03-08T04:00:00+00:00,180.0,1.542
SIMULATION_FORCING,1013.0,0.0,72.075,0.0,SYNTHETIC,12.467,2026-03-08T05:00:00+00:00,180.0,1.736
SIMULATION_FORCING,1013.0,0.0,73.585,0.0,SYNTHETIC,13.503,2026-03-08T06:00:00+00:00,180.0,1.659
SIMULATION_FORCING,1013.0,0.0,66.281,219.996,SYNTHETIC,14.709,2026-03-08T07:00:00+00:00,180.0,1.873
SIMULATION_FORCING,1013.0,0.0,64.14,425.0,SYNTHETIC,16.003,2026-03-08T08:00:00+00:00,180.0,2.06
SIMULATION_FORCING,1013.0,0.0,58.634,601.041,SYNTHETIC,17.297,2026-03-08T09:00:00+00:00,180.0,2.111
SIMULATION_FORCING,1013.0,0.0,57.244,736.122,SYNTHETIC,18.503,2026-03-08T10:00:00+00:00,180.0,1.508
SIMULATION_FORCING,1013.0,0.0,54.686,821.037,SYNTHETIC,19.538,2026-03-08T11:00:00+00:00,180.0,1.836
SIMULATION_FORCING,1013.0,0.0,52.69,850.0,SYNTHETIC,20.333,2026-03-08T12:00:00+00:00,180.0,2.43
SIMULATION_FORCING,1013.0,0.0,56.334,821.037,SYNTHETIC,20.832,2026-03-08T13:00:00+00:00,180.0,2.225
SIMULATION_FORCING,1013.0,0.0,56.105,736.122,SYNTHETIC,21.003,2026-03-08T14:00:00+00:00,180.0,1.845
SIMULATION_FORCING,1013.0,0.0,59.191,601.041,SYNTHETIC,20.832,2026-03-08T15:00:00+00:00,180.0,2.207
SIMULATION_FORCING,1013.0,0.0,64.012,425.0,SYNTHETIC,20.333,2026-03-08T16:00:00+00:00,180.0,1.687
SIMULATION_FORCING,1013.0,0.0,67.533,219.996,SYNTHETIC,19.538,2026-03-08T17:00:00+00:00,180.0,1.863
SIMULATION_FORCING,1013.0,0.0,70.276,0.0,SYNTHETIC,18.503,2026-03-08T18:00:00+00:00,180.0,2.112
SIMULATION_FORCING,1013.0,0.0,71.235,0.0,SYNTHETIC,17.297,2026-03-08T19:00:00+00:00,180.0,1.868
SIMULATION_FORCING,1013.0,0.0,72.711,0.0,SYNTHETIC,16.003,2026-03-08T20:00:00+00:00,180.0,1.768
SIMULATION_FORCING,1013.0,0.0,71.327,0.0,SYNTHETIC,14.709,2026-03-08T21:00:00+00:00,180.0,2.382
SIMULATION_FORCING,1013.0,0.0,72.708,0.0,SYNTHETIC,13.503,2026-03-08T22:00:00+00:00,180.0,2.453
SIMULATION_FORCING,1013.0,0.0,70.77,0.0,SYNTHETIC,12.467,2026-03-08T23:00:00+00:00,180.0,2.195
SIMULATION_FORCING,1013.0,0.0,73.779,0.0,SYNTHETIC,11.824,2026-03-09T00:00:00+00:00,180.0,2.315
SIMULATION_FORCING,1013.0,0.0,72.553,0.0,SYNTHETIC,11.324,2026-03-09T01:00:00+00:00,180.0,2.088
SIMULATION_FORCING,1013.0,0.0,71.272,0.0,SYNTHETIC,11.154,2026-03-09T02:00:00+00:00,180.0,1.903
SIMULATION_FORCING,1013.0,0.0,70.937,0.0,SYNTHETIC,11.324,2026-03-09T03:00:00+00:00,180.0,1.72
SIMULATION_FORCING,1013.0,0.0,72.796,0.0,SYNTHETIC,11.824,2026-03-09T04:00:00+00:00,180.0,2.402
SIMULATION_FORCING,1013.0,0.0,71.912,0.0,SYNTHETIC,12.619,2026-03-09T05:00:00+00:00,180.0,1.735
SIMULATION_FORCING,1013.0,0.0,73.643,0.0,SYNTHETIC,13.654,2026-03-09T06:00:00+00:00,180.0,1.741
SIMULATION_FORCING,1013.0,0.0,65.686,219.996,SYNTHETIC,14.86,2026-03-09T07:00:00+00:00,180.0,2.282
SIMULATION_FORCING,1013.0,0.0,63.155,425.0,SYNTHETIC,16.154,2026-03-09T08:00:00+00:00,180.0,1.933
SIMULATION_FORCING,1013.0,0.0,60.493,601.041,SYNTHETIC,17.448,2026-03-09T09:00:00+00:00,180.0,2.379
SIMULATION_FORCING,1013.0,0.0,56.994,736.122,SYNTHETIC,18.654,2026-03-09T10:00:00+00:00,180.0,1.929
SIMULATION_FORCING,1013.0,0.0,55.088,821.037,SYNTHETIC,19.69,2026-03-09T11:00:00+00:00,180.0,1.577
SIMULATION_FORCING,1013.0,0.0,54.817,850.0,SYNTHETIC,20.484,2026-03-09T12:00:00+00:00,180.0,1.876
SIMULATION_FORCING,1013.0,0.0,55.711,821.037,SYNTHETIC,20.984,2026-03-09T13:00:00+00:00,180.0,1.81
SIMULATION_FORCING,1013.0,0.0,58.242,736.122,SYNTHETIC,21.154,2026-03-09T14:00:00+00:00,180.0,2.054
SIMULATION_FORCING,1013.0,0.0,58.412,601.041,SYNTHETIC,20.984,2026-03-09T15:00:00+00:00,180.0,1.899
SIMULATION_FORCING,1013.0,0.0,63.495,425.0,SYNTHETIC,20.484,2026-03-09T16:00:00+00:00,180.0,1.815
SIMULATION_FORCING,1013.0,0.0,68.93,219.996,SYNTHETIC,19.69,2026-03-09T17:00:00+00:00,180.0,2.053
SIMULATION_FORCING,1013.0,0.0,70.995,0.0,SYNTHETIC,18.654,2026-03-09T18:00:00+00:00,180.0,1.721
SIMULATION_FORCING,1013.0,0.0,70.524,0.0,SYNTHETIC,17.448,2026-03-09T19:00:00+00:00,180.0,2.064
SIMULATION_FORCING,1013.0,0.0,72.701,0.0,SYNTHETIC,16.154,2026-03-09T20:00:00+00:00,180.0,1.667
SIMULATION_FORCING,1013.0,0.0,72.373,0.0,SYNTHETIC,14.86,2026-03-09T21:00:00+00:00,180.0,1.823
SIMULATION_FORCING,1013.0,0.0,73.767,0.0,SYNTHETIC,13.654,2026-03-09T22:00:00+00:00,180.0,2.449
SIMULATION_FORCING,1013.0,0.0,72.138,0.0,SYNTHETIC,12.619,2026-03-09T23:00:00+00:00,180.0,2.451
SIMULATION_FORCING,1013.0,0.0,73.714,0.0,SYNTHETIC,11.976,2026-03-10T00:00:00+00:00,180.0,2.326
SIMULATION_FORCING,1013.0,0.0,70.568,0.0,SYNTHETIC,11.476,2026-03-10T01:00:00+00:00,180.0,1.683
SIMULATION_FORCING,1013.0,0.0,73.485,0.0,SYNTHETIC,11.306,2026-03-10T02:00:00+00:00,180.0,2.224
SIMULATION_FORCING,1013.0,0.0,72.634,0.0,SYNTHETIC,11.476,2026-03-10T03:00:00+00:00,180.0,2.352
SIMULATION_FORCING,1013.0,0.0,73.829,0.0,SYNTHETIC,11.976,2026-03-10T04:00:00+00:00,180.0,1.989
SIMULATION_FORCING,1013.0,0.0,73.268,0.0,SYNTHETIC,12.77,2026-03-10T05:00:00+00:00,180.0,2.314
SIMULATION_FORCING,1013.0,0.0,70.833,0.0,SYNTHETIC,13.806,2026-03-10T06:00:00+00:00,180.0,2.222
SIMULATION_FORCING,1013.0,0.0,66.923,219.996,SYNTHETIC,15.012,2026-03-10T07:00:00+00:00,180.0,1.946
SIMULATION_FORCING,1013.0,0.0,63.759,425.0,SYNTHETIC,16.306,2026-03-10T08:00:00+00:00,180.0,2.495
SIMULATION_FORCING,1013.0,0.0,61.267,601.041,SYNTHETIC,17.6,2026-03-10T09:00:00+00:00,180.0,1.577
SIMULATION_FORCING,1013.0,0.0,54.639,736.122,SYNTHETIC,18.806,2026-03-10T10:00:00+00:00,180.0,1.658
SIMULATION_FORCING,1013.0,0.0,55.882,821.037,SYNTHETIC,19.841,2026-03-10T11:00:00+00:00,180.0,2.428
SIMULATION_FORCING,1013.0,0.0,53.44,850.0,SYNTHETIC,20.636,2026-03-10T12:00:00+00:00,180.0,2.233
SIMULATION_FORCING,1013.0,0.0,55.296,821.037,SYNTHETIC,21.136,2026-03-10T13:00:00+00:00,180.0,1.869
SIMULATION_FORCING,1013.0,0.0,58.098,736.122,SYNTHETIC,21.306,2026-03-10T14:00:00+00:00,180.0,2.299
SIMULATION_FORCING,1013.0,0.0,57.439,601.041,SYNTHETIC,21.136,2026-03-10T15:00:00+00:00,180.0,1.617
SIMULATION_FORCING,1013.0,0.0,61.066,425.0,SYNTHETIC,20.636,2026-03-10T16:00:00+00:00,180.0,1.665
SIMULATION_FORCING,1013.0,0.0,68.726,219.996,SYNTHETIC,19.841,2026-03-10T17:00:00+00:00,180.0,2.319
SIMULATION_FORCING,1013.0,0.0,71.06,0.0,SYNTHETIC,18.806,2026-03-10T18:00:00+00:00,180.0,1.951
SIMULATION_FORCING,1013.0,0.0,72.271,0.0,SYNTHETIC,17.6,2026-03-10T19:00:00+00:00,180.0,2.023
SIMULATION_FORCING,1013.0,0.0,73.487,0.0,SYNTHETIC,16.306,2026-03-10T20:00:00+00:00,180.0,1.656
SIMULATION_FORCING,1013.0,0.0,70.306,0.0,SYNTHETIC,15.012,2026-03-10T21:00:00+00:00,180.0,2.446
SIMULATION_FORCING,1013.0,0.0,70.607,0.0,SYNTHETIC,13.806,2026-03-10T22:00:00+00:00,180.0,1.501
SIMULATION_FORCING,1013.0,0.0,71.277,0.0,SYNTHETIC,12.77,2026-03-10T23:00:00+00:00,180.0,2.369
SIMULATION_FORCING,1013.0,0.0,72.678,0.0,SYNTHETIC,12.128,2026-03-11T00:00:00+00:00,180.0,2.06
SIMULATION_FORCING,1013.0,0.0,70.162,0.0,SYNTHETIC,11.629,2026-03-11T01:00:00+00:00,180.0,2.061
SIMULATION_FORCING,1013.0,0.0,70.995,0.0,SYNTHETIC,11.458,2026-03-11T02:00:00+00:00,180.0,1.647
SIMULATION_FORCING,1013.0,0.0,70.249,0.0,SYNTHETIC,11.629,2026-03-11T03:00:00+00:00,180.0,2.351
SIMULATION_FORCING,1013.0,0.0,72.127,0.0,SYNTHETIC,12.128,2026-03-11T04:00:00+00:00,180.0,1.943
SIMULATION_FORCING,1013.0,0.0,72.402,0.0,SYNTHETIC,12.923,2026-03-11T05:00:00+00:00,180.0,1.758
SIMULATION_FORCING,1013.0,0.0,72.449,0.0,SYNTHETIC,13.958,2026-03-11T06:00:00+00:00,180.0,2.332
SIMULATION_FORCING,1013.0,0.0,68.993,219.996,SYNTHETIC,15.164,2026-03-11T07:00:00+00:00,180.0,1.899
SIMULATION_FORCING,1013.0,0.0,63.763,425.0,SYNTHETIC,16.458,2026-03-11T08:00:00+00:00,180.0,2.125
SIMULATION_FORCING,1013.0,0.0,59.675,601.041,SYNTHETIC,17.752,2026-03-11T09:00:00+00:00,180.0,1.595
SIMULATION_FORCING,1013.0,0.0,56.709,736.122,SYNTHETIC,18.958,2026-03-11T10:00:00+00:00,180.0,1.533
SIMULATION_FORCING,1013.0,0.0,52.907,821.037,SYNTHETIC,19.994,2026-03-11T11:00:00+00:00,180.0,2.272
SIMULATION_FORCING,1013.0,0.0,52.412,850.0,SYNTHETIC,20.788,2026-03-11T12:00:00+00:00,180.0,2.098
SIMULATION_FORCING,1013.0,0.0,55.039,821.037,SYNTHETIC,21.288,2026-03-11T13:00:00+00:00,180.0,1.723
SIMULATION_FORCING,1013.0,0.0,54.954,736.122,SYNTHETIC,21.458,2026-03-11T14:00:00+00:00,180.0,2.064
SIMULATION_FORCING,1013.0,0.0,58.968,601.041,SYNTHETIC,21.288,2026-03-11T15:00:00+00:00,180.0,2.368
SIMULATION_FORCING,1013.0,0.0,61.483,425.0,SYNTHETIC,20.788,2026-03-11T16:00:00+00:00,180.0,1.733
SIMULATION_FORCING,1013.0,0.0,67.548,219.996,SYNTHETIC,19.994,2026-03-11T17:00:00+00:00,180.0,1.513
SIMULATION_FORCING,1013.0,0.0,70.043,0.0,SYNTHETIC,18.958,2026-03-11T18:00:00+00:00,180.0,2.057
SIMULATION_FORCING,1013.0,0.0,72.873,0.0,SYNTHETIC,17.752,2026-03-11T19:00:00+00:00,180.0,1.939
SIMULATION_FORCING,1013.0,0.0,72.149,0.0,SYNTHETIC,16.458,2026-03-11T20:00:00+00:00,180.0,1.543
SIMULATION_FORCING,1013.0,0.0,71.585,0.0,SYNTHETIC,15.164,2026-03-11T21:00:00+00:00,180.0,1.505
SIMULATION_FORCING,1013.0,0.0,70.009,0.0,SYNTHETIC,13.958,2026-03-11T22:00:00+00:00,180.0,2.198
SIMULATION_FORCING,1013.0,0.0,73.121,0.0,SYNTHETIC,12.923,2026-03-11T23:00:00+00:00,180.0,1.811
SIMULATION_FORCING,1013.0,0.0,72.455,0.0,SYNTHETIC,12.281,2026-03-12T00:00:00+00:00,180.0,2.046
SIMULATION_FORCING,1013.0,0.0,72.835,0.0,SYNTHETIC,11.782,2026-03-12T01:00:00+00:00,180.0,1.942
SIMULATION_FORCING,1013.0,0.0,71.839,0.0,SYNTHETIC,11.611,2026-03-12T02:00:00+00:00,180.0,2.295
SIMULATION_FORCING,1013.0,0.0,71.622,0.0,SYNTHETIC,11.782,2026-03-12T03:00:00+00:00,180.0,2.395
SIMULATION_FORCING,1013.0,0.0,72.845,0.0,SYNTHETIC,12.281,2026-03-12T04:00:00+00:00,180.0,1.587
SIMULATION_FORCING,1013.0,0.0,72.505,0.0,SYNTHETIC,13.076,2026-03-12T05:00:00+00:00,180.0,1.773
SIMULATION_FORCING,1013.0,0.0,72.059,0.0,SYNTHETIC,14.111,2026-03-12T06:00:00+00:00,180.0,1.663
SIMULATION_FORCING,1013.0,0.0,69.109,219.996,SYNTHETIC,15.317,2026-03-12T07:00:00+00:00,180.0,1.584
SIMULATION_FORCING,1013.0,0.0,64.199,425.0,SYNTHETIC,16.611,2026-03-12T08:00:00+00:00,180.0,2.03
SIMULATION_FORCING,1013.0,0.0,60.358,601.041,SYNTHETIC,17.905,2026-03-12T09:00:00+00:00,180.0,2.491
SIMULATION_FORCING,1013.0,0.0,55.063,736.122,SYNTHETIC,19.111,2026-03-12T10:00:00+00:00,180.0,2.196
SIMULATION_FORCING,1013.0,0.0,55.401,821.037,SYNTHETIC,20.147,2026-03-12T11:00:00+00:00,180.0,1.661
SIMULATION_FORCING,1013.0,0.0,55.25,850.0,SYNTHETIC,20.941,2026-03-12T12:00:00+00:00,180.0,1.817
SIMULATION_FORCING,1013.0,0.0,55.746,821.037,SYNTHETIC,21.441,2026-03-12T13:00:00+00:00,180.0,2.257
SIMULATION_FORCING,1013.0,0.0,54.732,736.122,SYNTHETIC,21.611,2026-03-12T14:00:00+00:00,180.0,1.664
SIMULATION_FORCING,1013.0,0.0,58.943,601.041,SYNTHETIC,21.441,2026-03-12T15:00:00+00:00,180.0,1.781
SIMULATION_FORCING,1013.0,0.0,63.168,425.0,SYNTHETIC,20.941,2026-03-12T16:00:00+00:00,180.0,2.447
SIMULATION_FORCING,1013.0,0.0,68.14,219.996,SYNTHETIC,20.147,2026-03-12T17:00:00+00:00,180.0,1.871
SIMULATION_FORCING,1013.0,0.0,71.875,0.0,SYNTHETIC,19.111,2026-03-12T18:00:00+00:00,180.0,1.875
SIMULATION_FORCING,1013.0,0.0,70.627,0.0,SYNTHETIC,17.905,2026-03-12T19:00:00+00:00,180.0,2.093
SIMULATION_FORCING,1013.0,0.0,70.877,0.0,SYNTHETIC,16.611,2026-03-12T20:00:00+00:00,180.0,2.354
SIMULATION_FORCING,1013.0,0.0,72.728,0.0,SYNTHETIC,15.317,2026-03-12T21:00:00+00:00,180.0,1.81
SIMULATION_FORCING,1013.0,0.0,73.515,0.0,SYNTHETIC,14.111,2026-03-12T22:00:00+00:00,180.0,1.659
SIMULATION_FORCING,1013.0,0.0,70.595,0.0,SYNTHETIC,13.076,2026-03-12T23:00:00+00:00,180.0,2.433
SIMULATION_FORCING,1013.0,0.0,71.073,0.0,SYNTHETIC,12.434,2026-03-13T00:00:00+00:00,180.0,2.112
SIMULATION_FORCING,1013.0,0.0,71.633,0.0,SYNTHETIC,11.935,2026-03-13T01:00:00+00:00,180.0,2.105
SIMULATION_FORCING,1013.0,0.0,71.927,0.0,SYNTHETIC,11.764,2026-03-13T02:00:00+00:00,180.0,2.39
SIMULATION_FORCING,1013.0,0.0,73.853,0.0,SYNTHETIC,11.935,2026-03-13T03:00:00+00:00,180.0,1.868
SIMULATION_FORCING,1013.0,0.0,71.574,0.0,SYNTHETIC,12.434,2026-03-13T04:00:00+00:00,180.0,1.709
SIMULATION_FORCING,1013.0,0.0,70.535,0.0,SYNTHETIC,13.229,2026-03-13T05:00:00+00:00,180.0,2.167
SIMULATION_FORCING,1013.0,0.0,70.868,0.0,SYNTHETIC,14.264,2026-03-13T06:00:00+00:00,180.0,2.355
SIMULATION_FORCING,1013.0,0.0,69.295,219.996,SYNTHETIC,15.47,2026-03-13T07:00:00+00:00,180.0,2.161
SIMULATION_FORCING,1013.0,0.0,64.827,425.0,SYNTHETIC,16.764,2026-03-13T08:00:00+00:00,180.0,1.512
SIMULATION_FORCING,1013.0,0.0,58.445,601.041,SYNTHETIC,18.059,2026-03-13T09:00:00+00:00,180.0,1.852
SIMULATION_FORCING,1013.0,0.0,57.653,736.122,SYNTHETIC,19.264,2026-03-13T10:00:00+00:00,180.0,2.304
SIMULATION_FORCING,1013.0,0.0,54.978,821.037,SYNTHETIC,20.3,2026-03-13T11:00:00+00:00,180.0,1.725
SIMULATION_FORCING,1013.0,0.0,53.559,850.0,SYNTHETIC,21.095,2026-03-13T12:00:00+00:00,180.0,2.309
SIMULATION_FORCING,1013.0,0.0,53.642,821.037,SYNTHETIC,21.594,2026-03-13T13:00:00+00:00,180.0,1.624
SIMULATION_FORCING,1013.0,0.0,58.288,736.122,SYNTHETIC,21.764,2026-03-13T14:00:00+00:00,180.0,2.107
SIMULATION_FORCING,1013.0,0.0,59.171,601.041,SYNTHETIC,21.594,2026-03-13T15:00:00+00:00,180.0,2.073
SIMULATION_FORCING,1013.0,0.0,62.165,425.0,SYNTHETIC,21.095,2026-03-13T16:00:00+00:00,180.0,2.264
SIMULATION_FORCING,1013.0,0.0,66.874,219.996,SYNTHETIC,20.3,2026-03-13T17:00:00+00:00,180.0,2.336
SIMULATION_FORCING,1013.0,0.0,72.193,0.0,SYNTHETIC,19.264,2026-03-13T18:00:00+00:00,180.0,2.296
SIMULATION_FORCING,1013.0,0.0,71.246,0.0,SYNTHETIC,18.059,2026-03-13T19:00:00+00:00,180.0,1.595
SIMULATION_FORCING,1013.0,0.0,71.324,0.0,SYNTHETIC,16.764,2026-03-13T20:00:00+00:00,180.0,2.023
SIMULATION_FORCING,1013.0,0.0,71.88,0.0,SYNTHETIC,15.47,2026-03-13T21:00:00+00:00,180.0,1.621
SIMULATION_FORCING,1013.0,0.0,72.613,0.0,SYNTHETIC,14.264,2026-03-13T22:00:00+00:00,180.0,1.604
SIMULATION_FORCING,1013.0,0.0,72.916,0.0,SYNTHETIC,13.229,2026-03-13T23:00:00+00:00,180.0,2.274
SIMULATION_FORCING,1013.0,0.0,72.705,0.0,SYNTHETIC,12.588,2026-03-14T00:00:00+00:00,180.0,1.763
SIMULATION_FORCING,1013.0,0.0,70.123,0.0,SYNTHETIC,12.088,2026-03-14T01:00:00+00:00,180.0,2.46
SIMULATION_FORCING,1013.0,0.0,70.536,0.0,SYNTHETIC,11.918,2026-03-14T02:00:00+00:00,180.0,1.772
SIMULATION_FORCING,1013.0,0.0,71.37,0.0,SYNTHETIC,12.088,2026-03-14T03:00:00+00:00,180.0,1.737
SIMULATION_FORCING,1013.0,0.0,72.271,0.0,SYNTHETIC,12.588,2026-03-14T04:00:00+00:00,180.0,1.574
SIMULATION_FORCING,1013.0,0.0,72.554,0.0,SYNTHETIC,13.383,2026-03-14T05:00:00+00:00,180.0,1.672
SIMULATION_FORCING,1013.0,0.0,71.915,0.0,SYNTHETIC,14.418,2026-03-14T06:00:00+00:00,180.0,2.118
SIMULATION_FORCING,1013.0,0.0,68.175,219.996,SYNTHETIC,15.624,2026-03-14T07:00:00+00:00,180.0,1.735
SIMULATION_FORCING,1013.0,0.0,64.075,425.0,SYNTHETIC,16.918,2026-03-14T08:00:00+00:00,180.0,1.547
SIMULATION_FORCING,1013.0,0.0,60.321,601.041,SYNTHETIC,18.212,2026-03-14T09:00:00+00:00,180.0,1.911
SIMULATION_FORCING,1013.0,0.0,55.731,736.122,SYNTHETIC,19.418,2026-03-14T10:00:00+00:00,180.0,1.911
SIMULATION_FORCING,1013.0,0.0,53.744,821.037,SYNTHETIC,20.454,2026-03-14T11:00:00+00:00,180.0,1.803
SIMULATION_FORCING,1013.0,0.0,54.94,850.0,SYNTHETIC,21.248,2026-03-14T12:00:00+00:00,180.0,1.979
SIMULATION_FORCING,1013.0,0.0,52.994,821.037,SYNTHETIC,21.748,2026-03-14T13:00:00+00:00,180.0,2.239
SIMULATION_FORCING,1013.0,0.0,57.916,736.122,SYNTHETIC,21.918,2026-03-14T14:00:00+00:00,180.0,1.583
SIMULATION_FORCING,1013.0,0.0,60.137,601.041,SYNTHETIC,21.748,2026-03-14T15:00:00+00:00,180.0,1.738
SIMULATION_FORCING,1013.0,0.0,61.551,425.0,SYNTHETIC,21.248,2026-03-14T16:00:00+00:00,180.0,1.771
SIMULATION_FORCING,1013.0,0.0,65.405,219.996,SYNTHETIC,20.454,2026-03-14T17:00:00+00:00,180.0,2.414
SIMULATION_FORCING,1013.0,0.0,73.536,0.0,SYNTHETIC,19.418,2026-03-14T18:00:00+00:00,180.0,1.63
SIMULATION_FORCING,1013.0,0.0,72.405,0.0,SYNTHETIC,18.212,2026-03-14T19:00:00+00:00,180.0,2.102
SIMULATION_FORCING,1013.0,0.0,71.374,0.0,SYNTHETIC,16.918,2026-03-14T20:00:00+00:00,180.0,1.521
SIMULATION_FORCING,1013.0,0.0,73.728,0.0,SYNTHETIC,15.624,2026-03-14T21:00:00+00:00,180.0,1.689
SIMULATION_FORCING,1013.0,0.0,73.083,0.0,SYNTHETIC,14.418,2026-03-14T22:00:00+00:00,180.0,1.541
SIMULATION_FORCING,1013.0,0.0,73.418,0.0,SYNTHETIC,13.383,2026-03-14T23:00:00+00:00,180.0,2.083
SIMULATION_FORCING,1013.0,0.0,73.429,0.0,SYNTHETIC,12.742,2026-03-15T00:00:00+00:00,180.0,2.237
SIMULATION_FORCING,1013.0,0.0,71.62,0.0,SYNTHETIC,12.242,2026-03-15T01:00:00+00:00,180.0,2.337
SIMULATION_FORCING,1013.0,0.0,72.376,0.0,SYNTHETIC,12.072,2026-03-15T02:00:00+00:00,180.0,1.554
SIMULATION_FORCING,1013.0,0.0,70.574,0.0,SYNTHETIC,12.242,2026-03-15T03:00:00+00:00,180.0,1.78
SIMULATION_FORCING,1013.0,0.0,70.906,0.0,SYNTHETIC,12.742,2026-03-15T04:00:00+00:00,180.0,1.794
SIMULATION_FORCING,1013.0,0.0,73.853,0.0,SYNTHETIC,13.537,2026-03-15T05:00:00+00:00,180.0,1.845
SIMULATION_FORCING,1013.0,0.0,71.511,0.0,SYNTHETIC,14.572,2026-03-15T06:00:00+00:00,180.0,2.07
SIMULATION_FORCING,1013.0,0.0,67.462,219.996,SYNTHETIC,15.778,2026-03-15T07:00:00+00:00,180.0,2.021
SIMULATION_FORCING,1013.0,0.0,62.724,425.0,SYNTHETIC,17.072,2026-03-15T08:00:00+00:00,180.0,1.936
SIMULATION_FORCING,1013.0,0.0,58.757,601.041,SYNTHETIC,18.366,2026-03-15T09:00:00+00:00,180.0,1.905
SIMULATION_FORCING,1013.0,0.0,55.145,736.122,SYNTHETIC,19.572,2026-03-15T10:00:00+00:00,180.0,1.924
SIMULATION_FORCING,1013.0,0.0,53.871,821.037,SYNTHETIC,20.608,2026-03-15T11:00:00+00:00,180.0,1.601
SIMULATION_FORCING,1013.0,0.0,55.583,850.0,SYNTHETIC,21.402,2026-03-15T12:00:00+00:00,180.0,2.283
SIMULATION_FORCING,1013.0,0.0,55.105,821.037,SYNTHETIC,21.902,2026-03-15T13:00:00+00:00,180.0,1.5
SIMULATION_FORCING,1013.0,0.0,54.77,736.122,SYNTHETIC,22.072,2026-03-15T14:00:00+00:00,180.0,1.645
SIMULATION_FORCING,1013.0,0.0,60.666,601.041,SYNTHETIC,21.902,2026-03-15T15:00:00+00:00,180.0,1.849
SIMULATION_FORCING,1013.0,0.0,64.004,425.0,SYNTHETIC,21.402,2026-03-15T16:00:00+00:00,180.0,2.49
SIMULATION_FORCING,1013.0,0.0,68.154,219.996,SYNTHETIC,20.608,2026-03-15T17:00:00+00:00,180.0,1.944
SIMULATION_FORCING,1013.0,0.0,70.194,0.0,SYNTHETIC,19.572,2026-03-15T18:00:00+00:00,180.0,2.369
SIMULATION_FORCING,1013.0,0.0,72.81,0.0,SYNTHETIC,18.366,2026-03-15T19:00:00+00:00,180.0,2.402
SIMULATION_FORCING,1013.0,0.0,73.491,0.0,SYNTHETIC,17.072,2026-03-15T20:00:00+00:00,180.0,1.861
SIMULATION_FORCING,1013.0,0.0,71.566,0.0,SYNTHETIC,15.778,2026-03-15T21:00:00+00:00,180.0,2.139
SIMULATION_FORCING,1013.0,0.0,70.764,0.0,SYNTHETIC,14.572,2026-03-15T22:00:00+00:00,180.0,1.728
SIMULATION_FORCING,1013.0,0.0,71.647,0.0,SYNTHETIC,13.537,2026-03-15T23:00:00+00:00,180.0,2.368
SIMULATION_FORCING,1013.0,0.0,73.843,0.0,SYNTHETIC,12.896,2026-03-16T00:00:00+00:00,180.0,2.003
SIMULATION_FORCING,1013.0,0.0,71.57,0.0,SYNTHETIC,12.397,2026-03-16T01:00:00+00:00,180.0,2.075
SIMULATION_FORCING,1013.0,0.0,73.135,0.0,SYNTHETIC,12.226,2026-03-16T02:00:00+00:00,180.0,2.483
SIMULATION_FORCING,1013.0,0.0,70.234,0.0,SYNTHETIC,12.397,2026-03-16T03:00:00+00:00,180.0,2.005
SIMULATION_FORCING,1013.0,0.0,73.167,0.0,SYNTHETIC,12.896,2026-03-16T04:00:00+00:00,180.0,2.136
SIMULATION_FORCING,1013.0,0.0,71.205,0.0,SYNTHETIC,13.691,2026-03-16T05:00:00+00:00,180.0,1.861
SIMULATION_FORCING,1013.0,0.0,73.629,0.0,SYNTHETIC,14.726,2026-03-16T06:00:00+00:00,180.0,2.429
SIMULATION_FORCING,1013.0,0.0,67.341,219.996,SYNTHETIC,15.932,2026-03-16T07:00:00+00:00,180.0,2.356
SIMULATION_FORCING,1013.0,0.0,62.376,425.0,SYNTHETIC,17.226,2026-03-16T08:00:00+00:00,180.0,1.945
SIMULATION_FORCING,1013.0,0.0,58.472,601.041,SYNTHETIC,18.52,2026-03-16T09:00:00+00:00,180.0,1.768
SIMULATION_FORCING,1013.0,0.0,55.183,736.122,SYNTHETIC,19.726,2026-03-16T10:00:00+00:00,180.0,2.448
SIMULATION_FORCING,1013.0,0.0,53.025,821.037,SYNTHETIC,20.762,2026-03-16T11:00:00+00:00,180.0,1.904
SIMULATION_FORCING,1013.0,0.0,53.994,850.0,SYNTHETIC,21.556,2026-03-16T12:00:00+00:00,180.0,2.461
SIMULATION_FORCING,1013.0,0.0,53.32,821.037,SYNTHETIC,22.056,2026-03-16T13:00:00+00:00,180.0,2.333
SIMULATION_FORCING,1013.0,0.0,55.753,736.122,SYNTHETIC,22.226,2026-03-16T14:00:00+00:00,180.0,2.156
SIMULATION_FORCING,1013.0,0.0,57.352,601.041,SYNTHETIC,22.056,2026-03-16T15:00:00+00:00,180.0,1.614
SIMULATION_FORCING,1013.0,0.0,64.431,425.0,SYNTHETIC,21.556,2026-03-16T16:00:00+00:00,180.0,2.141
SIMULATION_FORCING,1013.0,0.0,66.599,219.996,SYNTHETIC,20.762,2026-03-16T17:00:00+00:00,180.0,1.799
SIMULATION_FORCING,1013.0,0.0,71.826,0.0,SYNTHETIC,19.726,2026-03-16T18:00:00+00:00,180.0,2.267
SIMULATION_FORCING,1013.0,0.0,71.966,0.0,SYNTHETIC,18.52,2026-03-16T19:00:00+00:00,180.0,2.298
SIMULATION_FORCING,1013.0,0.0,73.277,0.0,SYNTHETIC,17.226,2026-03-16T20:00:00+00:00,180.0,2.288
SIMULATION_FORCING,1013.0,0.0,70.778,0.0,SYNTHETIC,15.932,2026-03-16T21:00:00+00:00,180.0,2.282
SIMULATION_FORCING,1013.0,0.0,72.134,0.0,SYNTHETIC,14.726,2026-03-16T22:00:00+00:00,180.0,2.195
SIMULATION_FORCING,1013.0,0.0,71.389,0.0,SYNTHETIC,13.691,2026-03-16T23:00:00+00:00,180.0,1.898
SIMULATION_FORCING,1013.0,0.0,73.623,0.0,SYNTHETIC,13.051,2026-03-17T00:00:00+00:00,180.0,1.562
SIMULATION_FORCING,1013.0,0.0,70.561,0.0,SYNTHETIC,12.551,2026-03-17T01:00:00+00:00,180.0,2.2
SIMULATION_FORCING,1013.0,0.0,70.702,0.0,SYNTHETIC,12.381,2026-03-17T02:00:00+00:00,180.0,2.247
SIMULATION_FORCING,1013.0,0.0,73.695,0.0,SYNTHETIC,12.551,2026-03-17T03:00:00+00:00,180.0,2.48
SIMULATION_FORCING,1013.0,0.0,73.452,0.0,SYNTHETIC,13.051,2026-03-17T04:00:00+00:00,180.0,1.672
SIMULATION_FORCING,1013.0,0.0,73.768,0.0,SYNTHETIC,13.845,2026-03-17T05:00:00+00:00,180.0,1.572
SIMULATION_FORCING,1013.0,0.0,72.787,0.0,SYNTHETIC,14.881,2026-03-17T06:00:00+00:00,180.0,2.455
SIMULATION_FORCING,1013.0,0.0,67.295,219.996,SYNTHETIC,16.087,2026-03-17T07:00:00+00:00,180.0,2.157
SIMULATION_FORCING,1013.0,0.0,63.675,425.0,SYNTHETIC,17.381,2026-03-17T08:00:00+00:00,180.0,1.959
SIMULATION_FORCING,1013.0,0.0,58.387,601.041,SYNTHETIC,18.675,2026-03-17T09:00:00+00:00,180.0,1.853
SIMULATION_FORCING,1013.0,0.0,55.688,736.122,SYNTHETIC,19.881,2026-03-17T10:00:00+00:00,180.0,1.651
SIMULATION_FORCING,1013.0,0.0,55.018,821.037,SYNTHETIC,20.916,2026-03-17T11:00:00+00:00,180.0,1.921
SIMULATION_FORCING,1013.0,0.0,55.437,850.0,SYNTHETIC,21.711,2026-03-17T12:00:00+00:00,180.0,1.936
SIMULATION_FORCING,1013.0,0.0,56.097,821.037,SYNTHETIC,22.21,2026-03-17T13:00:00+00:00,180.0,1.927
SIMULATION_FORCING,1013.0,0.0,57.412,736.122,SYNTHETIC,22.381,2026-03-17T14:00:00+00:00,180.0,1.72
SIMULATION_FORCING,1013.0,0.0,60.444,601.041,SYNTHETIC,22.21,2026-03-17T15:00:00+00:00,180.0,2.014
SIMULATION_FORCING,1013.0,0.0,61.459,425.0,SYNTHETIC,21.711,2026-03-17T16:00:00+00:00,180.0,1.804
SIMULATION_FORCING,1013.0,0.0,69.014,219.996,SYNTHETIC,20.916,2026-03-17T17:00:00+00:00,180.0,2.087
SIMULATION_FORCING,1013.0,0.0,73.715,0.0,SYNTHETIC,19.881,2026-03-17T18:00:00+00:00,180.0,2.102
SIMULATION_FORCING,1013.0,0.0,71.836,0.0,SYNTHETIC,18.675,2026-03-17T19:00:00+00:00,180.0,1.996
SIMULATION_FORCING,1013.0,0.0,72.137,0.0,SYNTHETIC,17.381,2026-03-17T20:00:00+00:00,180.0,2.042
SIMULATION_FORCING,1013.0,0.0,70.329,0.0,SYNTHETIC,16.087,2026-03-17T21:00:00+00:00,180.0,1.649
SIMULATION_FORCING,1013.0,0.0,73.952,0.0,SYNTHETIC,14.881,2026-03-17T22:00:00+00:00,180.0,1.997
SIMULATION_FORCING,1013.0,0.0,71.595,0.0,SYNTHETIC,13.845,2026-03-17T23:00:00+00:00,180.0,1.98
SIMULATION_FORCING,1013.0,0.0,73.273,0.0,SYNTHETIC,13.205,2026-03-18T00:00:00+00:00,180.0,2.097
SIMULATION_FORCING,1013.0,0.0,71.292,0.0,SYNTHETIC,12.706,2026-03-18T01:00:00+00:00,180.0,2.06
SIMULATION_FORCING,1013.0,0.0,73.391,0.0,SYNTHETIC,12.535,2026-03-18T02:00:00+00:00,180.0,1.945
SIMULATION_FORCING,1013.0,0.0,70.508,0.0,SYNTHETIC,12.706,2026-03-18T03:00:00+00:00,180.0,1.809
SIMULATION_FORCING,1013.0,0.0,72.836,0.0,SYNTHETIC,13.205,2026-03-18T04:00:00+00:00,180.0,2.049
SIMULATION_FORCING,1013.0,0.0,73.723,0.0,SYNTHETIC,14.0,2026-03-18T05:00:00+00:00,180.0,1.912
SIMULATION_FORCING,1013.0,0.0,71.749,0.0,SYNTHETIC,15.035,2026-03-18T06:00:00+00:00,180.0,1.684
SIMULATION_FORCING,1013.0,0.0,65.557,219.996,SYNTHETIC,16.241,2026-03-18T07:00:00+00:00,180.0,2.035
SIMULATION_FORCING,1013.0,0.0,61.464,425.0,SYNTHETIC,17.535,2026-03-18T08:00:00+00:00,180.0,1.606
SIMULATION_FORCING,1013.0,0.0,61.259,601.041,SYNTHETIC,18.83,2026-03-18T09:00:00+00:00,180.0,1.891
SIMULATION_FORCING,1013.0,0.0,58.28,736.122,SYNTHETIC,20.035,2026-03-18T10:00:00+00:00,180.0,1.602
SIMULATION_FORCING,1013.0,0.0,54.696,821.037,SYNTHETIC,21.071,2026-03-18T11:00:00+00:00,180.0,1.612
SIMULATION_FORCING,1013.0,0.0,55.743,850.0,SYNTHETIC,21.866,2026-03-18T12:00:00+00:00,180.0,2.381
SIMULATION_FORCING,1013.0,0.0,53.937,821.037,SYNTHETIC,22.365,2026-03-18T13:00:00+00:00,180.0,1.527
SIMULATION_FORCING,1013.0,0.0,57.094,736.122,SYNTHETIC,22.535,2026-03-18T14:00:00+00:00,180.0,1.781
SIMULATION_FORCING,1013.0,0.0,57.473,601.041,SYNTHETIC,22.365,2026-03-18T15:00:00+00:00,180.0,1.833
SIMULATION_FORCING,1013.0,0.0,64.424,425.0,SYNTHETIC,21.866,2026-03-18T16:00:00+00:00,180.0,2.207
SIMULATION_FORCING,1013.0,0.0,65.989,219.996,SYNTHETIC,21.071,2026-03-18T17:00:00+00:00,180.0,1.594
SIMULATION_FORCING,1013.0,0.0,72.626,0.0,SYNTHETIC,20.035,2026-03-18T18:00:00+00:00,180.0,2.432
SIMULATION_FORCING,1013.0,0.0,72.1,0.0,SYNTHETIC,18.83,2026-03-18T19:00:00+00:00,180.0,1.89
SIMULATION_FORCING,1013.0,0.0,70.945,0.0,SYNTHETIC,17.535,2026-03-18T20:00:00+00:00,180.0,1.943
SIMULATION_FORCING,1013.0,0.0,70.935,0.0,SYNTHETIC,16.241,2026-03-18T21:00:00+00:00,180.0,1.588
SIMULATION_FORCING,1013.0,0.0,73.374,0.0,SYNTHETIC,15.035,2026-03-18T22:00:00+00:00,180.0,1.985
SIMULATION_FORCING,1013.0,0.0,72.314,0.0,SYNTHETIC,14.0,2026-03-18T23:00:00+00:00,180.0,2.271
SIMULATION_FORCING,1013.0,0.0,70.607,0.0,SYNTHETIC,13.36,2026-03-19T00:00:00+00:00,180.0,1.648
SIMULATION_FORCING,1013.0,0.0,70.015,0.0,SYNTHETIC,12.861,2026-03-19T01:00:00+00:00,180.0,2.147
SIMULATION_FORCING,1013.0,0.0,73.685,0.0,SYNTHETIC,12.69,2026-03-19T02:00:00+00:00,180.0,2.247
SIMULATION_FORCING,1013.0,0.0,72.816,0.0,SYNTHETIC,12.861,2026-03-19T03:00:00+00:00,180.0,2.093
SIMULATION_FORCING,1013.0,0.0,71.351,0.0,SYNTHETIC,13.36,2026-03-19T04:00:00+00:00,180.0,1.514
SIMULATION_FORCING,1013.0,0.0,70.971,0.0,SYNTHETIC,14.155,2026-03-19T05:00:00+00:00,180.0,1.955
SIMULATION_FORCING,1013.0,0.0,73.862,0.0,SYNTHETIC,15.19,2026-03-19T06:00:00+00:00,180.0,1.862
SIMULATION_FORCING,1013.0,0.0,67.199,219.996,SYNTHETIC,16.396,2026-03-19T07:00:00+00:00,180.0,2.116
SIMULATION_FORCING,1013.0,0.0,62.749,425.0,SYNTHETIC,17.69,2026-03-19T08:00:00+00:00,180.0,2.392
SIMULATION_FORCING,1013.0,0.0,58.418,601.041,SYNTHETIC,18.984,2026-03-19T09:00:00+00:00,180.0,1.893
SIMULATION_FORCING,1013.0,0.0,55.706,736.122,SYNTHETIC,20.19,2026-03-19T10:00:00+00:00,180.0,1.751
SIMULATION_FORCING,1013.0,0.0,54.857,821.037,SYNTHETIC,21.226,2026-03-19T11:00:00+00:00,180.0,1.858
SIMULATION_FORCING,1013.0,0.0,53.028,850.0,SYNTHETIC,22.02,2026-03-19T12:00:00+00:00,180.0,1.572
SIMULATION_FORCING,1013.0,0.0,54.39,821.037,SYNTHETIC,22.52,2026-03-19T13:00:00+00:00,180.0,2.295
SIMULATION_FORCING,1013.0,0.0,56.507,736.122,SYNTHETIC,22.69,2026-03-19T14:00:00+00:00,180.0,2.136
SIMULATION_FORCING,1013.0,0.0,59.215,601.041,SYNTHETIC,22.52,2026-03-19T15:00:00+00:00,180.0,1.593
SIMULATION_FORCING,1013.0,0.0,61.987,425.0,SYNTHETIC,22.02,2026-03-19T16:00:00+00:00,180.0,2.211
SIMULATION_FORCING,1013.0,0.0,68.766,219.996,SYNTHETIC,21.226,2026-03-19T17:00:00+00:00,180.0,2.03
SIMULATION_FORCING,1013.0,0.0,70.901,0.0,SYNTHETIC,20.19,2026-03-19T18:00:00+00:00,180.0,1.936
SIMULATION_FORCING,1013.0,0.0,71.741,0.0,SYNTHETIC,18.984,2026-03-19T19:00:00+00:00,180.0,2.273
SIMULATION_FORCING,1013.0,0.0,72.826,0.0,SYNTHETIC,17.69,2026-03-19T20:00:00+00:00,180.0,2.485
SIMULATION_FORCING,1013.0,0.0,73.872,0.0,SYNTHETIC,16.396,2026-03-19T21:00:00+00:00,180.0,1.552
SIMULATION_FORCING,1013.0,0.0,72.295,0.0,SYNTHETIC,15.19,2026-03-19T22:00:00+00:00,180.0,2.435
SIMULATION_FORCING,1013.0,0.0,71.44,0.0,SYNTHETIC,14.155,2026-03-19T23:00:00+00:00,180.0,2.497
SIMULATION_FORCING,1013.0,0.0,70.411,0.0,SYNTHETIC,13.515,2026-03-20T00:00:00+00:00,180.0,1.925
SIMULATION_FORCING,1013.0,0.0,73.462,0.0,SYNTHETIC,13.015,2026-03-20T01:00:00+00:00,180.0,2.235
SIMULATION_FORCING,1013.0,0.0,73.819,0.0,SYNTHETIC,12.845,2026-03-20T02:00:00+00:00,180.0,1.556
SIMULATION_FORCING,1013.0,0.0,72.868,0.0,SYNTHETIC,13.015,2026-03-20T03:00:00+00:00,180.0,1.838
SIMULATION_FORCING,1013.0,0.0,72.386,0.0,SYNTHETIC,13.515,2026-03-20T04:00:00+00:00,180.0,2.27
SIMULATION_FORCING,1013.0,0.0,72.945,0.0,SYNTHETIC,14.31,2026-03-20T05:00:00+00:00,180.0,2.412
SIMULATION_FORCING,1013.0,0.0,73.182,0.0,SYNTHETIC,15.345,2026-03-20T06:00:00+00:00,180.0,2.194
SIMULATION_FORCING,1013.0,0.0,66.286,219.996,SYNTHETIC,16.551,2026-03-20T07:00:00+00:00,180.0,2.109
SIMULATION_FORCING,1013.0,0.0,63.201,425.0,SYNTHETIC,17.845,2026-03-20T08:00:00+00:00,180.0,2.486
SIMULATION_FORCING,1013.0,0.0,59.095,601.041,SYNTHETIC,19.139,2026-03-20T09:00:00+00:00,180.0,1.983
SIMULATION_FORCING,1013.0,0.0,56.433,736.122,SYNTHETIC,20.345,2026-03-20T10:00:00+00:00,180.0,2.244
SIMULATION_FORCING,1013.0,0.0,54.953,821.037,SYNTHETIC,21.381,2026-03-20T11:00:00+00:00,180.0,2.0
SIMULATION_FORCING,1013.0,0.0,55.253,850.0,SYNTHETIC,22.175,2026-03-20T12:00:00+00:00,180.0,1.504
SIMULATION_FORCING,1013.0,0.0,56.187,821.037,SYNTHETIC,22.675,2026-03-20T13:00:00+00:00,180.0,1.723
SIMULATION_FORCING,1013.0,0.0,57.065,736.122,SYNTHETIC,22.845,2026-03-20T14:00:00+00:00,180.0,1.649
SIMULATION_FORCING,1013.0,0.0,58.42,601.041,SYNTHETIC,22.675,2026-03-20T15:00:00+00:00,180.0,2.017
SIMULATION_FORCING,1013.0,0.0,61.434,425.0,SYNTHETIC,22.175,2026-03-20T16:00:00+00:00,180.0,2.151
SIMULATION_FORCING,1013.0,0.0,65.848,219.996,SYNTHETIC,21.381,2026-03-20T17:00:00+00:00,180.0,1.962
SIMULATION_FORCING,1013.0,0.0,71.782,0.0,SYNTHETIC,20.345,2026-03-20T18:00:00+00:00,180.0,2.361
SIMULATION_FORCING,1013.0,0.0,70.667,0.0,SYNTHETIC,19.139,2026-03-20T19:00:00+00:00,180.0,1.898
SIMULATION_FORCING,1013.0,0.0,71.777,0.0,SYNTHETIC,17.845,2026-03-20T20:00:00+00:00,180.0,1.704
SIMULATION_FORCING,1013.0,0.0,72.9,0.0,SYNTHETIC,16.551,2026-03-20T21:00:00+00:00,180.0,2.302
SIMULATION_FORCING,1013.0,0.0,71.268,0.0,SYNTHETIC,15.345,2026-03-20T22:00:00+00:00,180.0,1.617
SIMULATION_FORCING,1013.0,0.0,70.24,0.0,SYNTHETIC,14.31,2026-03-20T23:00:00+00:00,180.0,1.726
SIMULATION_FORCING,1013.0,0.0,70.061,0.0,SYNTHETIC,13.67,2026-03-21T00:00:00+00:00,180.0,1.52
SIMULATION_FORCING,1013.0,0.0,72.167,0.0,SYNTHETIC,13.17,2026-03-21T01:00:00+00:00,180.0,1.95
SIMULATION_FORCING,1013.0,0.0,70.199,0.0,SYNTHETIC,13.0,2026-03-21T02:00:00+00:00,180.0,2.384
SIMULATION_FORCING,1013.0,0.0,72.979,0.0,SYNTHETIC,13.17,2026-03-21T03:00:00+00:00,180.0,2.323
SIMULATION_FORCING,1013.0,0.0,71.387,0.0,SYNTHETIC,13.67,2026-03-21T04:00:00+00:00,180.0,2.368
SIMULATION_FORCING,1013.0,0.0,70.441,0.0,SYNTHETIC,14.464,2026-03-21T05:00:00+00:00,180.0,1.665
SIMULATION_FORCING,1013.0,0.0,73.573,0.0,SYNTHETIC,15.5,2026-03-21T06:00:00+00:00,180.0,1.53
SIMULATION_FORCING,1013.0,0.0,68.323,219.996,SYNTHETIC,16.706,2026-03-21T07:00:00+00:00,180.0,1.582
SIMULATION_FORCING,1013.0,0.0,63.676,425.0,SYNTHETIC,18.0,2026-03-21T08:00:00+00:00,180.0,2.076
SIMULATION_FORCING,1013.0,0.0,60.191,601.041,SYNTHETIC,19.294,2026-03-21T09:00:00+00:00,180.0,1.578
SIMULATION_FORCING,1013.0,0.0,54.887,736.122,SYNTHETIC,20.5,2026-03-21T10:00:00+00:00,180.0,2.468
SIMULATION_FORCING,1013.0,0.0,53.682,821.037,SYNTHETIC,21.536,2026-03-21T11:00:00+00:00,180.0,1.71
SIMULATION_FORCING,1013.0,0.0,52.222,850.0,SYNTHETIC,22.33,2026-03-21T12:00:00+00:00,180.0,1.941
SIMULATION_FORCING,1013.0,0.0,54.89,821.037,SYNTHETIC,22.83,2026-03-21T13:00:00+00:00,180.0,2.154
SIMULATION_FORCING,1013.0,0.0,55.301,736.122,SYNTHETIC,23.0,2026-03-21T14:00:00+00:00,180.0,2.146
SIMULATION_FORCING,1013.0,0.0,58.219,601.041,SYNTHETIC,22.83,2026-03-21T15:00:00+00:00,180.0,1.542
SIMULATION_FORCING,1013.0,0.0,62.375,425.0,SYNTHETIC,22.33,2026-03-21T16:00:00+00:00,180.0,2.286
SIMULATION_FORCING,1013.0,0.0,65.812,219.996,SYNTHETIC,21.536,2026-03-21T17:00:00+00:00,180.0,2.454
SIMULATION_FORCING,1013.0,0.0,71.858,0.0,SYNTHETIC,20.5,2026-03-21T18:00:00+00:00,180.0,2.377
SIMULATION_FORCING,1013.0,0.0,71.442,0.0,SYNTHETIC,19.294,2026-03-21T19:00:00+00:00,180.0,1.623
SIMULATION_FORCING,1013.0,0.0,72.918,0.0,SYNTHETIC,18.0,2026-03-21T20:00:00+00:00,180.0,2.453
SIMULATION_FORCING,1013.0,0.0,72.985,0.0,SYNTHETIC,16.706,2026-03-21T21:00:00+00:00,180.0,2.247
SIMULATION_FORCING,1013.0,0.0,71.303,0.0,SYNTHETIC,15.5,2026-03-21T22:00:00+00:00,180.0,1.553
SIMULATION_FORCING,1013.0,0.0,70.954,0.0,SYNTHETIC,14.464,2026-03-21T23:00:00+00:00,180.0,2.009
SIMULATION_FORCING,1013.0,0.0,71.673,0.0,SYNTHETIC,13.825,2026-03-22T00:00:00+00:00,180.0,2.017
SIMULATION_FORCING,1013.0,0.0,73.691,0.0,SYNTHETIC,13.325,2026-03-22T01:00:00+00:00,180.0,1.792
SIMULATION_FORCING,1013.0,0.0,73.329,0.0,SYNTHETIC,13.155,2026-03-22T02:00:00+00:00,180.0,1.642
SIMULATION_FORCING,1013.0,0.0,72.17,0.0,SYNTHETIC,13.325,2026-03-22T03:00:00+00:00,180.0,1.928
SIMULATION_FORCING,1013.0,0.0,71.629,0.0,SYNTHETIC,13.825,2026-03-22T04:00:00+00:00,180.0,2.343
SIMULATION_FORCING,1013.0,0.0,73.102,0.0,SYNTHETIC,14.619,2026-03-22T05:00:00+00:00,180.0,1.66
SIMULATION_FORCING,1013.0,0.0,70.402,0.0,SYNTHETIC,15.655,2026-03-22T06:00:00+00:00,180.0,1.699
SIMULATION_FORCING,1013.0,0.0,67.307,219.996,SYNTHETIC,16.861,2026-03-22T07:00:00+00:00,180.0,2.127
SIMULATION_FORCING,1013.0,0.0,64.041,425.0,SYNTHETIC,18.155,2026-03-22T08:00:00+00:00,180.0,1.738
SIMULATION_FORCING,1013.0,0.0,59.423,601.041,SYNTHETIC,19.449,2026-03-22T09:00:00+00:00,180.0,1.545
SIMULATION_FORCING,1013.0,0.0,57.399,736.122,SYNTHETIC,20.655,2026-03-22T10:00:00+00:00,180.0,2.252
SIMULATION_FORCING,1013.0,0.0,53.04,821.037,SYNTHETIC,21.69,2026-03-22T11:00:00+00:00,180.0,1.883
SIMULATION_FORCING,1013.0,0.0,53.194,850.0,SYNTHETIC,22.485,2026-03-22T12:00:00+00:00,180.0,2.485
SIMULATION_FORCING,1013.0,0.0,53.489,821.037,SYNTHETIC,22.985,2026-03-22T13:00:00+00:00,180.0,2.353
SIMULATION_FORCING,1013.0,0.0,57.9,736.122,SYNTHETIC,23.155,2026-03-22T14:00:00+00:00,180.0,2.271
SIMULATION_FORCING,1013.0,0.0,58.863,601.041,SYNTHETIC,22.985,2026-03-22T15:00:00+00:00,180.0,2.471
SIMULATION_FORCING,1013.0,0.0,61.265,425.0,SYNTHETIC,22.485,2026-03-22T16:00:00+00:00,180.0,2.216
SIMULATION_FORCING,1013.0,0.0,66.433,219.996,SYNTHETIC,21.69,2026-03-22T17:00:00+00:00,180.0,2.129
SIMULATION_FORCING,1013.0,0.0,71.748,0.0,SYNTHETIC,20.655,2026-03-22T18:00:00+00:00,180.0,1.903
SIMULATION_FORCING,1013.0,0.0,70.5,0.0,SYNTHETIC,19.449,2026-03-22T19:00:00+00:00,180.0,2.372
SIMULATION_FORCING,1013.0,0.0,72.467,0.0,SYNTHETIC,18.155,2026-03-22T20:00:00+00:00,180.0,2.388
SIMULATION_FORCING,1013.0,0.0,73.482,0.0,SYNTHETIC,16.861,2026-03-22T21:00:00+00:00,180.0,2.431
SIMULATION_FORCING,1013.0,0.0,73.687,0.0,SYNTHETIC,15.655,2026-03-22T22:00:00+00:00,180.0,2.203
SIMULATION_FORCING,1013.0,0.0,70.703,0.0,SYNTHETIC,14.619,2026-03-22T23:00:00+00:00,180.0,1.563
SIMULATION_FORCING,1013.0,0.0,71.719,0.0,SYNTHETIC,13.98,2026-03-23T00:00:00+00:00,180.0,2.359
SIMULATION_FORCING,1013.0,0.0,71.032,0.0,SYNTHETIC,13.48,2026-03-23T01:00:00+00:00,180.0,2.187
SIMULATION_FORCING,1013.0,0.0,73.939,0.0,SYNTHETIC,13.31,2026-03-23T02:00:00+00:00,180.0,2.098
SIMULATION_FORCING,1013.0,0.0,72.102,0.0,SYNTHETIC,13.48,2026-03-23T03:00:00+00:00,180.0,2.168
SIMULATION_FORCING,1013.0,0.0,70.834,0.0,SYNTHETIC,13.98,2026-03-23T04:00:00+00:00,180.0,2.439
SIMULATION_FORCING,1013.0,0.0,73.475,0.0,SYNTHETIC,14.774,2026-03-23T05:00:00+00:00,180.0,1.697
SIMULATION_FORCING,1013.0,0.0,72.508,0.0,SYNTHETIC,15.81,2026-03-23T06:00:00+00:00,180.0,2.206
SIMULATION_FORCING,1013.0,0.0,68.354,219.996,SYNTHETIC,17.016,2026-03-23T07:00:00+00:00,180.0,2.014
SIMULATION_FORCING,1013.0,0.0,63.869,425.0,SYNTHETIC,18.31,2026-03-23T08:00:00+00:00,180.0,2.363
SIMULATION_FORCING,1013.0,0.0,61.039,601.041,SYNTHETIC,19.604,2026-03-23T09:00:00+00:00,180.0,1.598
SIMULATION_FORCING,1013.0,0.0,56.187,736.122,SYNTHETIC,20.81,2026-03-23T10:00:00+00:00,180.0,2.401
SIMULATION_FORCING,1013.0,0.0,52.946,821.037,SYNTHETIC,21.845,2026-03-23T11:00:00+00:00,180.0,1.727
SIMULATION_FORCING,1013.0,0.0,54.968,850.0,SYNTHETIC,22.64,2026-03-23T12:00:00+00:00,180.0,1.769
SIMULATION_FORCING,1013.0,0.0,54.817,821.037,SYNTHETIC,23.139,2026-03-23T13:00:00+00:00,180.0,2.435
SIMULATION_FORCING,1013.0,0.0,54.521,736.122,SYNTHETIC,23.31,2026-03-23T14:00:00+00:00,180.0,1.71
SIMULATION_FORCING,1013.0,0.0,59.845,601.041,SYNTHETIC,23.139,2026-03-23T15:00:00+00:00,180.0,1.927
SIMULATION_FORCING,1013.0,0.0,62.485,425.0,SYNTHETIC,22.64,2026-03-23T16:00:00+00:00,180.0,2.118
SIMULATION_FORCING,1013.0,0.0,68.752,219.996,SYNTHETIC,21.845,2026-03-23T17:00:00+00:00,180.0,1.775
SIMULATION_FORCING,1013.0,0.0,73.839,0.0,SYNTHETIC,20.81,2026-03-23T18:00:00+00:00,180.0,2.355
SIMULATION_FORCING,1013.0,0.0,73.536,0.0,SYNTHETIC,19.604,2026-03-23T19:00:00+00:00,180.0,1.872
SIMULATION_FORCING,1013.0,0.0,72.996,0.0,SYNTHETIC,18.31,2026-03-23T20:00:00+00:00,180.0,2.062
SIMULATION_FORCING,1013.0,0.0,73.973,0.0,SYNTHETIC,17.016,2026-03-23T21:00:00+00:00,180.0,2.137
SIMULATION_FORCING,1013.0,0.0,72.915,0.0,SYNTHETIC,15.81,2026-03-23T22:00:00+00:00,180.0,1.892
SIMULATION_FORCING,1013.0,0.0,71.984,0.0,SYNTHETIC,14.774,2026-03-23T23:00:00+00:00,180.0,1.879
SIMULATION_FORCING,1013.0,0.0,70.913,0.0,SYNTHETIC,14.134,2026-03-24T00:00:00+00:00,180.0,1.784
SIMULATION_FORCING,1013.0,0.0,70.516,0.0,SYNTHETIC,13.635,2026-03-24T01:00:00+00:00,180.0,2.494
SIMULATION_FORCING,1013.0,0.0,71.68,0.0,SYNTHETIC,13.465,2026-03-24T02:00:00+00:00,180.0,1.65
SIMULATION_FORCING,1013.0,0.0,70.957,0.0,SYNTHETIC,13.635,2026-03-24T03:00:00+00:00,180.0,1.985
SIMULATION_FORCING,1013.0,0.0,71.963,0.0,SYNTHETIC,14.134,2026-03-24T04:00:00+00:00,180.0,1.544
SIMULATION_FORCING,1013.0,0.0,73.293,0.0,SYNTHETIC,14.929,2026-03-24T05:00:00+00:00,180.0,1.523
SIMULATION_FORCING,1013.0,0.0,71.919,0.0,SYNTHETIC,15.965,2026-03-24T06:00:00+00:00,180.0,1.585
SIMULATION_FORCING,1013.0,0.0,65.587,219.996,SYNTHETIC,17.17,2026-03-24T07:00:00+00:00,180.0,2.171
SIMULATION_FORCING,1013.0,0.0,63.7,425.0,SYNTHETIC,18.465,2026-03-24T08:00:00+00:00,180.0,1.997
SIMULATION_FORCING,1013.0,0.0,58.943,601.041,SYNTHETIC,19.759,2026-03-24T09:00:00+00:00,180.0,2.379
SIMULATION_FORCING,1013.0,0.0,58.229,736.122,SYNTHETIC,20.965,2026-03-24T10:00:00+00:00,180.0,2.083
SIMULATION_FORCING,1013.0,0.0,55.585,821.037,SYNTHETIC,22.0,2026-03-24T11:00:00+00:00,180.0,1.776
SIMULATION_FORCING,1013.0,0.0,54.393,850.0,SYNTHETIC,22.795,2026-03-24T12:00:00+00:00,180.0,2.489
SIMULATION_FORCING,1013.0,0.0,54.094,821.037,SYNTHETIC,23.294,2026-03-24T13:00:00+00:00,180.0,2.476
SIMULATION_FORCING,1013.0,0.0,56.576,736.122,SYNTHETIC,23.465,2026-03-24T14:00:00+00:00,180.0,2.025
SIMULATION_FORCING,1013.0,0.0,58.584,601.041,SYNTHETIC,23.294,2026-03-24T15:00:00+00:00,180.0,1.878
SIMULATION_FORCING,1013.0,0.0,62.458,425.0,SYNTHETIC,22.795,2026-03-24T16:00:00+00:00,180.0,2.468
SIMULATION_FORCING,1013.0,0.0,66.774,219.996,SYNTHETIC,22.0,2026-03-24T17:00:00+00:00,180.0,1.554
SIMULATION_FORCING,1013.0,0.0,73.834,0.0,SYNTHETIC,20.965,2026-03-24T18:00:00+00:00,180.0,1.993
SIMULATION_FORCING,1013.0,0.0,73.822,0.0,SYNTHETIC,19.759,2026-03-24T19:00:00+00:00,180.0,2.203
SIMULATION_FORCING,1013.0,0.0,71.672,0.0,SYNTHETIC,18.465,2026-03-24T20:00:00+00:00,180.0,1.661
SIMULATION_FORCING,1013.0,0.0,73.922,0.0,SYNTHETIC,17.17,2026-03-24T21:00:00+00:00,180.0,2.093
SIMULATION_FORCING,1013.0,0.0,71.132,0.0,SYNTHETIC,15.965,2026-03-24T22:00:00+00:00,180.0,1.982
SIMULATION_FORCING,1013.0,0.0,71.895,0.0,SYNTHETIC,14.929,2026-03-24T23:00:00+00:00,180.0,2.427
SIMULATION_FORCING,1013.0,0.0,71.198,0.0,SYNTHETIC,14.289,2026-03-25T00:00:00+00:00,180.0,1.985
SIMULATION_FORCING,1013.0,0.0,70.085,0.0,SYNTHETIC,13.79,2026-03-25T01:00:00+00:00,180.0,2.408
SIMULATION_FORCING,1013.0,0.0,71.326,0.0,SYNTHETIC,13.619,2026-03-25T02:00:00+00:00,180.0,1.766
SIMULATION_FORCING,1013.0,0.0,73.4,0.0,SYNTHETIC,13.79,2026-03-25T03:00:00+00:00,180.0,1.721
SIMULATION_FORCING,1013.0,0.0,73.789,0.0,SYNTHETIC,14.289,2026-03-25T04:00:00+00:00,180.0,1.612
SIMULATION_FORCING,1013.0,0.0,70.969,0.0,SYNTHETIC,15.084,2026-03-25T05:00:00+00:00,180.0,1.538
SIMULATION_FORCING,1013.0,0.0,72.067,0.0,SYNTHETIC,16.119,2026-03-25T06:00:00+00:00,180.0,2.267
SIMULATION_FORCING,1013.0,0.0,67.168,219.996,SYNTHETIC,17.325,2026-03-25T07:00:00+00:00,180.0,2.412
SIMULATION_FORCING,1013.0,0.0,64.942,425.0,SYNTHETIC,18.619,2026-03-25T08:00:00+00:00,180.0,1.929
SIMULATION_FORCING,1013.0,0.0,58.346,601.041,SYNTHETIC,19.913,2026-03-25T09:00:00+00:00,180.0,2.033
SIMULATION_FORCING,1013.0,0.0,55.324,736.122,SYNTHETIC,21.119,2026-03-25T10:00:00+00:00,180.0,2.029
SIMULATION_FORCING,1013.0,0.0,53.325,821.037,SYNTHETIC,22.155,2026-03-25T11:00:00+00:00,180.0,2.055
SIMULATION_FORCING,1013.0,0.0,55.866,850.0,SYNTHETIC,22.949,2026-03-25T12:00:00+00:00,180.0,2.153
SIMULATION_FORCING,1013.0,0.0,53.302,821.037,SYNTHETIC,23.449,2026-03-25T13:00:00+00:00,180.0,2.301
SIMULATION_FORCING,1013.0,0.0,54.526,736.122,SYNTHETIC,23.619,2026-03-25T14:00:00+00:00,180.0,2.091
SIMULATION_FORCING,1013.0,0.0,57.892,601.041,SYNTHETIC,23.449,2026-03-25T15:00:00+00:00,180.0,2.356
SIMULATION_FORCING,1013.0,0.0,64.499,425.0,SYNTHETIC,22.949,2026-03-25T16:00:00+00:00,180.0,1.605
SIMULATION_FORCING,1013.0,0.0,68.688,219.996,SYNTHETIC,22.155,2026-03-25T17:00:00+00:00,180.0,1.556
SIMULATION_FORCING,1013.0,0.0,71.867,0.0,SYNTHETIC,21.119,2026-03-25T18:00:00+00:00,180.0,2.429
SIMULATION_FORCING,1013.0,0.0,70.014,0.0,SYNTHETIC,19.913,2026-03-25T19:00:00+00:00,180.0,2.168
SIMULATION_FORCING,1013.0,0.0,73.29,0.0,SYNTHETIC,18.619,2026-03-25T20:00:00+00:00,180.0,1.916
SIMULATION_FORCING,1013.0,0.0,72.598,0.0,SYNTHETIC,17.325,2026-03-25T21:00:00+00:00,180.0,1.948
SIMULATION_FORCING,1013.0,0.0,70.044,0.0,SYNTHETIC,16.119,2026-03-25T22:00:00+00:00,180.0,2.262
SIMULATION_FORCING,1013.0,0.0,71.275,0.0,SYNTHETIC,15.084,2026-03-25T23:00:00+00:00,180.0,1.869
SIMULATION_FORCING,1013.0,0.0,73.633,0.0,SYNTHETIC,14.444,2026-03-26T00:00:00+00:00,180.0,2.116
SIMULATION_FORCING,1013.0,0.0,71.073,0.0,SYNTHETIC,13.944,2026-03-26T01:00:00+00:00,180.0,1.853
SIMULATION_FORCING,1013.0,0.0,70.153,0.0,SYNTHETIC,13.774,2026-03-26T02:00:00+00:00,180.0,2.092
SIMULATION_FORCING,1013.0,0.0,71.094,0.0,SYNTHETIC,13.944,2026-03-26T03:00:00+00:00,180.0,1.952
SIMULATION_FORCING,1013.0,0.0,72.877,0.0,SYNTHETIC,14.444,2026-03-26T04:00:00+00:00,180.0,2.15
SIMULATION_FORCING,1013.0,0.0,73.368,0.0,SYNTHETIC,15.238,2026-03-26T05:00:00+00:00,180.0,2.41
SIMULATION_FORCING,1013.0,0.0,73.715,0.0,SYNTHETIC,16.274,2026-03-26T06:00:00+00:00,180.0,2.441
SIMULATION_FORCING,1013.0,0.0,65.417,219.996,SYNTHETIC,17.48,2026-03-26T07:00:00+00:00,180.0,1.963
SIMULATION_FORCING,1013.0,0.0,63.569,425.0,SYNTHETIC,18.774,2026-03-26T08:00:00+00:00,180.0,1.581
SIMULATION_FORCING,1013.0,0.0,60.492,601.041,SYNTHETIC,20.068,2026-03-26T09:00:00+00:00,180.0,2.373
SIMULATION_FORCING,1013.0,0.0,55.656,736.122,SYNTHETIC,21.274,2026-03-26T10:00:00+00:00,180.0,1.59
SIMULATION_FORCING,1013.0,0.0,53.333,821.037,SYNTHETIC,22.309,2026-03-26T11:00:00+00:00,180.0,2.395
SIMULATION_FORCING,1013.0,0.0,53.307,850.0,SYNTHETIC,23.104,2026-03-26T12:00:00+00:00,180.0,1.929
SIMULATION_FORCING,1013.0,0.0,56.487,821.037,SYNTHETIC,23.603,2026-03-26T13:00:00+00:00,180.0,2.484
SIMULATION_FORCING,1013.0,0.0,57.852,736.122,SYNTHETIC,23.774,2026-03-26T14:00:00+00:00,180.0,1.897
SIMULATION_FORCING,1013.0,0.0,58.121,601.041,SYNTHETIC,23.603,2026-03-26T15:00:00+00:00,180.0,1.694
SIMULATION_FORCING,1013.0,0.0,61.317,425.0,SYNTHETIC,23.104,2026-03-26T16:00:00+00:00,180.0,1.892
SIMULATION_FORCING,1013.0,0.0,67.662,219.996,SYNTHETIC,22.309,2026-03-26T17:00:00+00:00,180.0,1.881
SIMULATION_FORCING,1013.0,0.0,71.104,0.0,SYNTHETIC,21.274,2026-03-26T18:00:00+00:00,180.0,2.06
SIMULATION_FORCING,1013.0,0.0,72.733,0.0,SYNTHETIC,20.068,2026-03-26T19:00:00+00:00,180.0,1.526
SIMULATION_FORCING,1013.0,0.0,70.361,0.0,SYNTHETIC,18.774,2026-03-26T20:00:00+00:00,180.0,2.208
SIMULATION_FORCING,1013.0,0.0,70.665,0.0,SYNTHETIC,17.48,2026-03-26T21:00:00+00:00,180.0,2.19
SIMULATION_FORCING,1013.0,0.0,73.976,0.0,SYNTHETIC,16.274,2026-03-26T22:00:00+00:00,180.0,1.935
SIMULATION_FORCING,1013.0,0.0,73.32,0.0,SYNTHETIC,15.238,2026-03-26T23:00:00+00:00,180.0,1.927
SIMULATION_FORCING,1013.0,0.0,70.538,0.0,SYNTHETIC,14.598,2026-03-27T00:00:00+00:00,180.0,2.084
SIMULATION_FORCING,1013.0,0.0,73.135,0.0,SYNTHETIC,14.098,2026-03-27T01:00:00+00:00,180.0,2.244
SIMULATION_FORCING,1013.0,0.0,73.499,0.0,SYNTHETIC,13.928,2026-03-27T02:00:00+00:00,180.0,1.611
SIMULATION_FORCING,1013.0,0.0,71.358,0.0,SYNTHETIC,14.098,2026-03-27T03:00:00+00:00,180.0,1.783
SIMULATION_FORCING,1013.0,0.0,72.279,0.0,SYNTHETIC,14.598,2026-03-27T04:00:00+00:00,180.0,1.627
SIMULATION_FORCING,1013.0,0.0,72.852,0.0,SYNTHETIC,15.392,2026-03-27T05:00:00+00:00,180.0,2.403
SIMULATION_FORCING,1013.0,0.0,73.816,0.0,SYNTHETIC,16.428,2026-03-27T06:00:00+00:00,180.0,1.515
SIMULATION_FORCING,1013.0,0.0,66.466,219.996,SYNTHETIC,17.634,2026-03-27T07:00:00+00:00,180.0,1.589
SIMULATION_FORCING,1013.0,0.0,64.763,425.0,SYNTHETIC,18.928,2026-03-27T08:00:00+00:00,180.0,2.049
SIMULATION_FORCING,1013.0,0.0,60.799,601.041,SYNTHETIC,20.222,2026-03-27T09:00:00+00:00,180.0,2.203
SIMULATION_FORCING,1013.0,0.0,55.955,736.122,SYNTHETIC,21.428,2026-03-27T10:00:00+00:00,180.0,2.42
SIMULATION_FORCING,1013.0,0.0,55.283,821.037,SYNTHETIC,22.463,2026-03-27T11:00:00+00:00,180.0,1.672
SIMULATION_FORCING,1013.0,0.0,55.508,850.0,SYNTHETIC,23.258,2026-03-27T12:00:00+00:00,180.0,1.694
SIMULATION_FORCING,1013.0,0.0,53.038,821.037,SYNTHETIC,23.758,2026-03-27T13:00:00+00:00,180.0,1.532
SIMULATION_FORCING,1013.0,0.0,55.141,736.122,SYNTHETIC,23.928,2026-03-27T14:00:00+00:00,180.0,2.483
SIMULATION_FORCING,1013.0,0.0,57.662,601.041,SYNTHETIC,23.758,2026-03-27T15:00:00+00:00,180.0,2.005
SIMULATION_FORCING,1013.0,0.0,62.113,425.0,SYNTHETIC,23.258,2026-03-27T16:00:00+00:00,180.0,2.305
SIMULATION_FORCING,1013.0,0.0,67.504,219.996,SYNTHETIC,22.463,2026-03-27T17:00:00+00:00,180.0,1.645
SIMULATION_FORCING,1013.0,0.0,72.107,0.0,SYNTHETIC,21.428,2026-03-27T18:00:00+00:00,180.0,2.272
SIMULATION_FORCING,1013.0,0.0,71.397,0.0,SYNTHETIC,20.222,2026-03-27T19:00:00+00:00,180.0,1.933
SIMULATION_FORCING,1013.0,0.0,72.266,0.0,SYNTHETIC,18.928,2026-03-27T20:00:00+00:00,180.0,2.103
SIMULATION_FORCING,1013.0,0.0,70.697,0.0,SYNTHETIC,17.634,2026-03-27T21:00:00+00:00,180.0,2.092
SIMULATION_FORCING,1013.0,0.0,70.614,0.0,SYNTHETIC,16.428,2026-03-27T22:00:00+00:00,180.0,1.568
SIMULATION_FORCING,1013.0,0.0,73.757,0.0,SYNTHETIC,15.392,2026-03-27T23:00:00+00:00,180.0,2.325
SIMULATION_FORCING,1013.0,0.0,73.839,0.0,SYNTHETIC,14.752,2026-03-28T00:00:00+00:00,180.0,1.981
SIMULATION_FORCING,1013.0,0.0,73.193,0.0,SYNTHETIC,14.252,2026-03-28T01:00:00+00:00,180.0,2.23
SIMULATION_FORCING,1013.0,0.0,73.834,0.0,SYNTHETIC,14.082,2026-03-28T02:00:00+00:00,180.0,1.699
SIMULATION_FORCING,1013.0,0.0,72.021,0.0,SYNTHETIC,14.252,2026-03-28T03:00:00+00:00,180.0,1.764
SIMULATION_FORCING,1013.0,0.0,71.645,0.0,SYNTHETIC,14.752,2026-03-28T04:00:00+00:00,180.0,2.066
SIMULATION_FORCING,1013.0,0.0,73.715,0.0,SYNTHETIC,15.546,2026-03-28T05:00:00+00:00,180.0,1.697
SIMULATION_FORCING,1013.0,0.0,72.255,0.0,SYNTHETIC,16.582,2026-03-28T06:00:00+00:00,180.0,1.869
SIMULATION_FORCING,1013.0,0.0,65.657,219.996,SYNTHETIC,17.788,2026-03-28T07:00:00+00:00,180.0,1.564
SIMULATION_FORCING,1013.0,0.0,64.706,425.0,SYNTHETIC,19.082,2026-03-28T08:00:00+00:00,180.0,1.823
SIMULATION_FORCING,1013.0,0.0,58.067,601.041,SYNTHETIC,20.376,2026-03-28T09:00:00+00:00,180.0,1.916
SIMULATION_FORCING,1013.0,0.0,56.004,736.122,SYNTHETIC,21.582,2026-03-28T10:00:00+00:00,180.0,1.837
SIMULATION_FORCING,1013.0,0.0,53.716,821.037,SYNTHETIC,22.617,2026-03-28T11:00:00+00:00,180.0,2.028
SIMULATION_FORCING,1013.0,0.0,55.625,850.0,SYNTHETIC,23.412,2026-03-28T12:00:00+00:00,180.0,2.442
SIMULATION_FORCING,1013.0,0.0,55.75,821.037,SYNTHETIC,23.912,2026-03-28T13:00:00+00:00,180.0,2.183
SIMULATION_FORCING,1013.0,0.0,55.788,736.122,SYNTHETIC,24.082,2026-03-28T14:00:00+00:00,180.0,2.359
SIMULATION_FORCING,1013.0,0.0,58.531,601.041,SYNTHETIC,23.912,2026-03-28T15:00:00+00:00,180.0,1.9
SIMULATION_FORCING,1013.0,0.0,64.002,425.0,SYNTHETIC,23.412,2026-03-28T16:00:00+00:00,180.0,1.713
SIMULATION_FORCING,1013.0,0.0,67.651,219.996,SYNTHETIC,22.617,2026-03-28T17:00:00+00:00,180.0,2.428
SIMULATION_FORCING,1013.0,0.0,72.805,0.0,SYNTHETIC,21.582,2026-03-28T18:00:00+00:00,180.0,1.789
SIMULATION_FORCING,1013.0,0.0,73.564,0.0,SYNTHETIC,20.376,2026-03-28T19:00:00+00:00,180.0,1.648
SIMULATION_FORCING,1013.0,0.0,73.369,0.0,SYNTHETIC,19.082,2026-03-28T20:00:00+00:00,180.0,2.387
SIMULATION_FORCING,1013.0,0.0,71.681,0.0,SYNTHETIC,17.788,2026-03-28T21:00:00+00:00,180.0,1.567
SIMULATION_FORCING,1013.0,0.0,72.125,0.0,SYNTHETIC,16.582,2026-03-28T22:00:00+00:00,180.0,1.727
SIMULATION_FORCING,1013.0,0.0,70.08,0.0,SYNTHETIC,15.546,2026-03-28T23:00:00+00:00,180.0,1.543
SIMULATION_FORCING,1013.0,0.0,73.703,0.0,SYNTHETIC,14.905,2026-03-29T00:00:00+00:00,180.0,1.866
SIMULATION_FORCING,1013.0,0.0,73.079,0.0,SYNTHETIC,14.406,2026-03-29T01:00:00+00:00,180.0,2.419
SIMULATION_FORCING,1013.0,0.0,71.296,0.0,SYNTHETIC,14.236,2026-03-29T02:00:00+00:00,180.0,2.272
SIMULATION_FORCING,1013.0,0.0,70.45,0.0,SYNTHETIC,14.406,2026-03-29T03:00:00+00:00,180.0,2.407
SIMULATION_FORCING,1013.0,0.0,71.729,0.0,SYNTHETIC,14.905,2026-03-29T04:00:00+00:00,180.0,2.15
SIMULATION_FORCING,1013.0,0.0,73.613,0.0,SYNTHETIC,15.7,2026-03-29T05:00:00+00:00,180.0,2.361
SIMULATION_FORCING,1013.0,0.0,73.213,0.0,SYNTHETIC,16.736,2026-03-29T06:00:00+00:00,180.0,2.382
SIMULATION_FORCING,1013.0,0.0,68.636,219.996,SYNTHETIC,17.941,2026-03-29T07:00:00+00:00,180.0,1.909
SIMULATION_FORCING,1013.0,0.0,61.774,425.0,SYNTHETIC,19.236,2026-03-29T08:00:00+00:00,180.0,1.879
SIMULATION_FORCING,1013.0,0.0,59.389,601.041,SYNTHETIC,20.53,2026-03-29T09:00:00+00:00,180.0,2.105
SIMULATION_FORCING,1013.0,0.0,57.965,736.122,SYNTHETIC,21.736,2026-03-29T10:00:00+00:00,180.0,1.835
SIMULATION_FORCING,1013.0,0.0,54.034,821.037,SYNTHETIC,22.771,2026-03-29T11:00:00+00:00,180.0,1.532
SIMULATION_FORCING,1013.0,0.0,52.147,850.0,SYNTHETIC,23.566,2026-03-29T12:00:00+00:00,180.0,2.289
SIMULATION_FORCING,1013.0,0.0,54.127,821.037,SYNTHETIC,24.065,2026-03-29T13:00:00+00:00,180.0,1.566
SIMULATION_FORCING,1013.0,0.0,54.527,736.122,SYNTHETIC,24.236,2026-03-29T14:00:00+00:00,180.0,2.013
SIMULATION_FORCING,1013.0,0.0,59.156,601.041,SYNTHETIC,24.065,2026-03-29T15:00:00+00:00,180.0,2.473
SIMULATION_FORCING,1013.0,0.0,64.646,425.0,SYNTHETIC,23.566,2026-03-29T16:00:00+00:00,180.0,2.057
SIMULATION_FORCING,1013.0,0.0,65.706,219.996,SYNTHETIC,22.771,2026-03-29T17:00:00+00:00,180.0,1.922
SIMULATION_FORCING,1013.0,0.0,70.473,0.0,SYNTHETIC,21.736,2026-03-29T18:00:00+00:00,180.0,2.324
SIMULATION_FORCING,1013.0,0.0,71.172,0.0,SYNTHETIC,20.53,2026-03-29T19:00:00+00:00,180.0,1.976
SIMULATION_FORCING,1013.0,0.0,72.737,0.0,SYNTHETIC,19.236,2026-03-29T20:00:00+00:00,180.0,2.046
SIMULATION_FORCING,1013.0,0.0,71.378,0.0,SYNTHETIC,17.941,2026-03-29T21:00:00+00:00,180.0,2.38
SIMULATION_FORCING,1013.0,0.0,72.625,0.0,SYNTHETIC,16.736,2026-03-29T22:00:00+00:00,180.0,2.442
SIMULATION_FORCING,1013.0,0.0,71.098,0.0,SYNTHETIC,15.7,2026-03-29T23:00:00+00:00,180.0,1.616
SIMULATION_FORCING,1013.0,0.0,70.724,0.0,SYNTHETIC,15.059,2026-03-30T00:00:00+00:00,180.0,2.496
SIMULATION_FORCING,1013.0,0.0,72.355,0.0,SYNTHETIC,14.559,2026-03-30T01:00:00+00:00,180.0,1.973
SIMULATION_FORCING,1013.0,0.0,71.945,0.0,SYNTHETIC,14.389,2026-03-30T02:00:00+00:00,180.0,2.383
SIMULATION_FORCING,1013.0,0.0,71.328,0.0,SYNTHETIC,14.559,2026-03-30T03:00:00+00:00,180.0,1.932
SIMULATION_FORCING,1013.0,0.0,70.968,0.0,SYNTHETIC,15.059,2026-03-30T04:00:00+00:00,180.0,2.49
SIMULATION_FORCING,1013.0,0.0,72.72,0.0,SYNTHETIC,15.853,2026-03-30T05:00:00+00:00,180.0,1.554
SIMULATION_FORCING,1013.0,0.0,71.074,0.0,SYNTHETIC,16.889,2026-03-30T06:00:00+00:00,180.0,2.217
SIMULATION_FORCING,1013.0,0.0,67.414,219.996,SYNTHETIC,18.095,2026-03-30T07:00:00+00:00,180.0,2.019
SIMULATION_FORCING,1013.0,0.0,61.051,425.0,SYNTHETIC,19.389,2026-03-30T08:00:00+00:00,180.0,2.474
SIMULATION_FORCING,1013.0,0.0,58.93,601.041,SYNTHETIC,20.683,2026-03-30T09:00:00+00:00,180.0,1.669
SIMULATION_FORCING,1013.0,0.0,55.637,736.122,SYNTHETIC,21.889,2026-03-30T10:00:00+00:00,180.0,2.262
SIMULATION_FORCING,1013.0,0.0,54.104,821.037,SYNTHETIC,22.924,2026-03-30T11:00:00+00:00,180.0,2.455
SIMULATION_FORCING,1013.0,0.0,52.593,850.0,SYNTHETIC,23.719,2026-03-30T12:00:00+00:00,180.0,1.778
SIMULATION_FORCING,1013.0,0.0,55.837,821.037,SYNTHETIC,24.218,2026-03-30T13:00:00+00:00,180.0,1.912
SIMULATION_FORCING,1013.0,0.0,57.311,736.122,SYNTHETIC,24.389,2026-03-30T14:00:00+00:00,180.0,1.653
SIMULATION_FORCING,1013.0,0.0,59.713,601.041,SYNTHETIC,24.218,2026-03-30T15:00:00+00:00,180.0,1.699
SIMULATION_FORCING,1013.0,0.0,61.859,425.0,SYNTHETIC,23.719,2026-03-30T16:00:00+00:00,180.0,2.462
SIMULATION_FORCING,1013.0,0.0,69.091,219.996,SYNTHETIC,22.924,2026-03-30T17:00:00+00:00,180.0,1.971
SIMULATION_FORCING,1013.0,0.0,72.275,0.0,SYNTHETIC,21.889,2026-03-30T18:00:00+00:00,180.0,1.903
SIMULATION_FORCING,1013.0,0.0,71.617,0.0,SYNTHETIC,20.683,2026-03-30T19:00:00+00:00,180.0,1.95
SIMULATION_FORCING,1013.0,0.0,72.447,0.0,SYNTHETIC,19.389,2026-03-30T20:00:00+00:00,180.0,2.159
SIMULATION_FORCING,1013.0,0.0,70.125,0.0,SYNTHETIC,18.095,2026-03-30T21:00:00+00:00,180.0,1.535
SIMULATION_FORCING,1013.0,0.0,71.78,0.0,SYNTHETIC,16.889,2026-03-30T22:00:00+00:00,180.0,2.249
SIMULATION_FORCING,1013.0,0.0,71.801,0.0,SYNTHETIC,15.853,2026-03-30T23:00:00+00:00,180.0,1.975
SIMULATION_FORCING,1013.0,0.0,71.441,0.0,SYNTHETIC,15.212,2026-03-31T00:00:00+00:00,180.0,1.959
SIMULATION_FORCING,1013.0,0.0,71.249,0.0,SYNTHETIC,14.712,2026-03-31T01:00:00+00:00,180.0,2.214
SIMULATION_FORCING,1013.0,0.0,70.899,0.0,SYNTHETIC,14.542,2026-03-31T02:00:00+00:00,180.0,1.743
SIMULATION_FORCING,1013.0,0.0,72.519,0.0,SYNTHETIC,14.712,2026-03-31T03:00:00+00:00,180.0,1.597
SIMULATION_FORCING,1013.0,0.0,73.617,0.0,SYNTHETIC,15.212,2026-03-31T04:00:00+00:00,180.0,1.722
SIMULATION_FORCING,1013.0,0.0,72.104,0.0,SYNTHETIC,16.006,2026-03-31T05:00:00+00:00,180.0,1.815
SIMULATION_FORCING,1013.0,0.0,70.437,0.0,SYNTHETIC,17.042,2026-03-31T06:00:00+00:00,180.0,1.842
SIMULATION_FORCING,1013.0,0.0,69.075,219.996,SYNTHETIC,18.248,2026-03-31T07:00:00+00:00,180.0,1.662
SIMULATION_FORCING,1013.0,0.0,61.717,425.0,SYNTHETIC,19.542,2026-03-31T08:00:00+00:00,180.0,1.868
SIMULATION_FORCING,1013.0,0.0,59.619,601.041,SYNTHETIC,20.836,2026-03-31T09:00:00+00:00,180.0,2.453
SIMULATION_FORCING,1013.0,0.0,56.872,736.122,SYNTHETIC,22.042,2026-03-31T10:00:00+00:00,180.0,2.298
SIMULATION_FORCING,1013.0,0.0,54.509,821.037,SYNTHETIC,23.077,2026-03-31T11:00:00+00:00,180.0,1.573
SIMULATION_FORCING,1013.0,0.0,55.197,850.0,SYNTHETIC,23.872,2026-03-31T12:00:00+00:00,180.0,2.492
SIMULATION_FORCING,1013.0,0.0,53.302,821.037,SYNTHETIC,24.371,2026-03-31T13:00:00+00:00,180.0,1.962
SIMULATION_FORCING,1013.0,0.0,58.041,736.122,SYNTHETIC,24.542,2026-03-31T14:00:00+00:00,180.0,1.751
SIMULATION_FORCING,1013.0,0.0,57.34,601.041,SYNTHETIC,24.371,2026-03-31T15:00:00+00:00,180.0,1.68
SIMULATION_FORCING,1013.0,0.0,63.341,425.0,SYNTHETIC,23.872,2026-03-31T16:00:00+00:00,180.0,2.01
SIMULATION_FORCING,1013.0,0.0,65.492,219.996,SYNTHETIC,23.077,2026-03-31T17:00:00+00:00,180.0,1.73
SIMULATION_FORCING,1013.0,0.0,72.906,0.0,SYNTHETIC,22.042,2026-03-31T18:00:00+00:00,180.0,1.75
SIMULATION_FORCING,1013.0,0.0,72.422,0.0,SYNTHETIC,20.836,2026-03-31T19:00:00+00:00,180.0,2.046
SIMULATION_FORCING,1013.0,0.0,72.676,0.0,SYNTHETIC,19.542,2026-03-31T20:00:00+00:00,180.0,1.738
SIMULATION_FORCING,1013.0,0.0,73.454,0.0,SYNTHETIC,18.248,2026-03-31T21:00:00+00:00,180.0,1.665
SIMULATION_FORCING,1013.0,0.0,72.716,0.0,SYNTHETIC,17.042,2026-03-31T22:00:00+00:00,180.0,1.569
SIMULATION_FORCING,1013.0,0.0,71.31,0.0,SYNTHETIC,16.006,2026-03-31T23:00:00+00:00,180.0,2.331
SIMULATION_FORCING,1013.0,0.0,72.054,0.0,SYNTHETIC,15.364,2026-04-01T00:00:00+00:00,180.0,1.828
SIMULATION_FORCING,1013.0,0.0,73.409,0.0,SYNTHETIC,14.864,2026-04-01T01:00:00+00:00,180.0,1.869
SIMULATION_FORCING,1013.0,0.0,71.158,0.0,SYNTHETIC,14.694,2026-04-01T02:00:00+00:00,180.0,2.457
SIMULATION_FORCING,1013.0,0.0,72.261,0.0,SYNTHETIC,14.864,2026-04-01T03:00:00+00:00,180.0,2.022
SIMULATION_FORCING,1013.0,0.0,70.13,0.0,SYNTHETIC,15.364,2026-04-01T04:00:00+00:00,180.0,1.895
SIMULATION_FORCING,1013.0,0.0,72.005,0.0,SYNTHETIC,16.159,2026-04-01T05:00:00+00:00,180.0,2.018
SIMULATION_FORCING,1013.0,0.0,73.499,0.0,SYNTHETIC,17.194,2026-04-01T06:00:00+00:00,180.0,2.342
SIMULATION_FORCING,1013.0,0.0,69.182,219.996,SYNTHETIC,18.4,2026-04-01T07:00:00+00:00,180.0,1.65
SIMULATION_FORCING,1013.0,0.0,61.906,425.0,SYNTHETIC,19.694,2026-04-01T08:00:00+00:00,180.0,2.343
SIMULATION_FORCING,1013.0,0.0,57.616,601.041,SYNTHETIC,20.988,2026-04-01T09:00:00+00:00,180.0,2.061
SIMULATION_FORCING,1013.0,0.0,58.122,736.122,SYNTHETIC,22.194,2026-04-01T10:00:00+00:00,180.0,1.669
SIMULATION_FORCING,1013.0,0.0,54.28,821.037,SYNTHETIC,23.23,2026-04-01T11:00:00+00:00,180.0,1.917
SIMULATION_FORCING,1013.0,0.0,53.979,850.0,SYNTHETIC,24.024,2026-04-01T12:00:00+00:00,180.0,2.412
SIMULATION_FORCING,1013.0,0.0,55.031,821.037,SYNTHETIC,24.524,2026-04-01T13:00:00+00:00,180.0,2.054
SIMULATION_FORCING,1013.0,0.0,55.027,736.122,SYNTHETIC,24.694,2026-04-01T14:00:00+00:00,180.0,1.962
SIMULATION_FORCING,1013.0,0.0,60.951,601.041,SYNTHETIC,24.524,2026-04-01T15:00:00+00:00,180.0,1.569
SIMULATION_FORCING,1013.0,0.0,63.408,425.0,SYNTHETIC,24.024,2026-04-01T16:00:00+00:00,180.0,2.277
SIMULATION_FORCING,1013.0,0.0,69.097,219.996,SYNTHETIC,23.23,2026-04-01T17:00:00+00:00,180.0,2.286
SIMULATION_FORCING,1013.0,0.0,70.326,0.0,SYNTHETIC,22.194,2026-04-01T18:00:00+00:00,180.0,2.259
SIMULATION_FORCING,1013.0,0.0,71.739,0.0,SYNTHETIC,20.988,2026-04-01T19:00:00+00:00,180.0,1.546
SIMULATION_FORCING,1013.0,0.0,70.529,0.0,SYNTHETIC,19.694,2026-04-01T20:00:00+00:00,180.0,2.021
SIMULATION_FORCING,1013.0,0.0,73.384,0.0,SYNTHETIC,18.4,2026-04-01T21:00:00+00:00,180.0,1.94
SIMULATION_FORCING,1013.0,0.0,72.108,0.0,SYNTHETIC,17.194,2026-04-01T22:00:00+00:00,180.0,1.608
SIMULATION_FORCING,1013.0,0.0,71.941,0.0,SYNTHETIC,16.159,2026-04-01T23:00:00+00:00,180.0,1.988
SIMULATION_FORCING,1013.0,0.0,71.636,0.0,SYNTHETIC,15.516,2026-04-02T00:00:00+00:00,180.0,2.185
SIMULATION_FORCING,1013.0,0.0,72.136,0.0,SYNTHETIC,15.016,2026-04-02T01:00:00+00:00,180.0,1.904
SIMULATION_FORCING,1013.0,0.0,73.384,0.0,SYNTHETIC,14.846,2026-04-02T02:00:00+00:00,180.0,1.519
SIMULATION_FORCING,1013.0,0.0,73.662,0.0,SYNTHETIC,15.016,2026-04-02T03:00:00+00:00,180.0,2.462
SIMULATION_FORCING,1013.0,0.0,70.529,0.0,SYNTHETIC,15.516,2026-04-02T04:00:00+00:00,180.0,2.361
SIMULATION_FORCING,1013.0,0.0,70.776,0.0,SYNTHETIC,16.31,2026-04-02T05:00:00+00:00,180.0,1.529
SIMULATION_FORCING,1013.0,0.0,71.29,0.0,SYNTHETIC,17.346,2026-04-02T06:00:00+00:00,180.0,1.893
SIMULATION_FORCING,1013.0,0.0,66.007,219.996,SYNTHETIC,18.552,2026-04-02T07:00:00+00:00,180.0,1.909
SIMULATION_FORCING,1013.0,0.0,63.746,425.0,SYNTHETIC,19.846,2026-04-02T08:00:00+00:00,180.0,1.986
SIMULATION_FORCING,1013.0,0.0,61.188,601.041,SYNTHETIC,21.14,2026-04-02T09:00:00+00:00,180.0,1.718
SIMULATION_FORCING,1013.0,0.0,56.711,736.122,SYNTHETIC,22.346,2026-04-02T10:00:00+00:00,180.0,1.526
SIMULATION_FORCING,1013.0,0.0,54.704,821.037,SYNTHETIC,23.381,2026-04-02T11:00:00+00:00,180.0,1.987
SIMULATION_FORCING,1013.0,0.0,54.897,850.0,SYNTHETIC,24.176,2026-04-02T12:00:00+00:00,180.0,1.824
SIMULATION_FORCING,1013.0,0.0,56.403,821.037,SYNTHETIC,24.676,2026-04-02T13:00:00+00:00,180.0,1.549
SIMULATION_FORCING,1013.0,0.0,54.465,736.122,SYNTHETIC,24.846,2026-04-02T14:00:00+00:00,180.0,1.723
SIMULATION_FORCING,1013.0,0.0,58.009,601.041,SYNTHETIC,24.676,2026-04-02T15:00:00+00:00,180.0,1.95
SIMULATION_FORCING,1013.0,0.0,62.395,425.0,SYNTHETIC,24.176,2026-04-02T16:00:00+00:00,180.0,1.858
SIMULATION_FORCING,1013.0,0.0,68.299,219.996,SYNTHETIC,23.381,2026-04-02T17:00:00+00:00,180.0,2.118
SIMULATION_FORCING,1013.0,0.0,70.863,0.0,SYNTHETIC,22.346,2026-04-02T18:00:00+00:00,180.0,1.817
SIMULATION_FORCING,1013.0,0.0,73.758,0.0,SYNTHETIC,21.14,2026-04-02T19:00:00+00:00,180.0,2.465
SIMULATION_FORCING,1013.0,0.0,71.103,0.0,SYNTHETIC,19.846,2026-04-02T20:00:00+00:00,180.0,1.769
SIMULATION_FORCING,1013.0,0.0,73.798,0.0,SYNTHETIC,18.552,2026-04-02T21:00:00+00:00,180.0,2.342
SIMULATION_FORCING,1013.0,0.0,70.842,0.0,SYNTHETIC,17.346,2026-04-02T22:00:00+00:00,180.0,1.976
SIMULATION_FORCING,1013.0,0.0,72.973,0.0,SYNTHETIC,16.31,2026-04-02T23:00:00+00:00,180.0,1.711
SIMULATION_FORCING,1013.0,0.0,71.578,0.0,SYNTHETIC,15.667,2026-04-03T00:00:00+00:00,180.0,2.452
SIMULATION_FORCING,1013.0,0.0,71.35,0.0,SYNTHETIC,15.168,2026-04-03T01:00:00+00:00,180.0,1.977
SIMULATION_FORCING,1013.0,0.0,73.427,0.0,SYNTHETIC,14.997,2026-04-03T02:00:00+00:00,180.0,2.109
SIMULATION_FORCING,1013.0,0.0,72.919,0.0,SYNTHETIC,15.168,2026-04-03T03:00:00+00:00,180.0,1.609
SIMULATION_FORCING,1013.0,0.0,72.652,0.0,SYNTHETIC,15.667,2026-04-03T04:00:00+00:00,180.0,1.544
SIMULATION_FORCING,1013.0,0.0,70.046,0.0,SYNTHETIC,16.462,2026-04-03T05:00:00+00:00,180.0,2.453
SIMULATION_FORCING,1013.0,0.0,70.665,0.0,SYNTHETIC,17.497,2026-04-03T06:00:00+00:00,180.0,2.224
SIMULATION_FORCING,1013.0,0.0,67.01,219.996,SYNTHETIC,18.703,2026-04-03T07:00:00+00:00,180.0,1.72
SIMULATION_FORCING,1013.0,0.0,64.577,425.0,SYNTHETIC,19.997,2026-04-03T08:00:00+00:00,180.0,1.613
SIMULATION_FORCING,1013.0,0.0,60.699,601.041,SYNTHETIC,21.291,2026-04-03T09:00:00+00:00,180.0,2.35
SIMULATION_FORCING,1013.0,0.0,54.668,736.122,SYNTHETIC,22.497,2026-04-03T10:00:00+00:00,180.0,2.271
SIMULATION_FORCING,1013.0,0.0,53.334,821.037,SYNTHETIC,23.533,2026-04-03T11:00:00+00:00,180.0,1.891
SIMULATION_FORCING,1013.0,0.0,53.684,850.0,SYNTHETIC,24.327,2026-04-03T12:00:00+00:00,180.0,2.43
SIMULATION_FORCING,1013.0,0.0,54.09,821.037,SYNTHETIC,24.827,2026-04-03T13:00:00+00:00,180.0,2.026
SIMULATION_FORCING,1013.0,0.0,56.798,736.122,SYNTHETIC,24.997,2026-04-03T14:00:00+00:00,180.0,1.903
SIMULATION_FORCING,1013.0,0.0,59.786,601.041,SYNTHETIC,24.827,2026-04-03T15:00:00+00:00,180.0,2.123
SIMULATION_FORCING,1013.0,0.0,61.075,425.0,SYNTHETIC,24.327,2026-04-03T16:00:00+00:00,180.0,2.123
SIMULATION_FORCING,1013.0,0.0,66.024,219.996,SYNTHETIC,23.533,2026-04-03T17:00:00+00:00,180.0,2.049
SIMULATION_FORCING,1013.0,0.0,71.774,0.0,SYNTHETIC,22.497,2026-04-03T18:00:00+00:00,180.0,1.899
SIMULATION_FORCING,1013.0,0.0,73.343,0.0,SYNTHETIC,21.291,2026-04-03T19:00:00+00:00,180.0,2.155
SIMULATION_FORCING,1013.0,0.0,71.985,0.0,SYNTHETIC,19.997,2026-04-03T20:00:00+00:00,180.0,1.798
SIMULATION_FORCING,1013.0,0.0,72.336,0.0,SYNTHETIC,18.703,2026-04-03T21:00:00+00:00,180.0,2.149
SIMULATION_FORCING,1013.0,0.0,71.565,0.0,SYNTHETIC,17.497,2026-04-03T22:00:00+00:00,180.0,1.715
SIMULATION_FORCING,1013.0,0.0,70.797,0.0,SYNTHETIC,16.462,2026-04-03T23:00:00+00:00,180.0,1.669
SIMULATION_FORCING,1013.0,0.0,72.847,0.0,SYNTHETIC,15.818,2026-04-04T00:00:00+00:00,180.0,2.374
SIMULATION_FORCING,1013.0,0.0,72.821,0.0,SYNTHETIC,15.318,2026-04-04T01:00:00+00:00,180.0,1.535
SIMULATION_FORCING,1013.0,0.0,72.93,0.0,SYNTHETIC,15.148,2026-04-04T02:00:00+00:00,180.0,2.264
SIMULATION_FORCING,1013.0,0.0,73.453,0.0,SYNTHETIC,15.318,2026-04-04T03:00:00+00:00,180.0,2.15
SIMULATION_FORCING,1013.0,0.0,70.423,0.0,SYNTHETIC,15.818,2026-04-04T04:00:00+00:00,180.0,1.919
SIMULATION_FORCING,1013.0,0.0,73.902,0.0,SYNTHETIC,16.613,2026-04-04T05:00:00+00:00,180.0,1.516
SIMULATION_FORCING,1013.0,0.0,73.186,0.0,SYNTHETIC,17.648,2026-04-04T06:00:00+00:00,180.0,2.279
SIMULATION_FORCING,1013.0,0.0,69.152,219.996,SYNTHETIC,18.854,2026-04-04T07:00:00+00:00,180.0,2.202
SIMULATION_FORCING,1013.0,0.0,62.322,425.0,SYNTHETIC,20.148,2026-04-04T08:00:00+00:00,180.0,2.188
SIMULATION_FORCING,1013.0,0.0,58.334,601.041,SYNTHETIC,21.442,2026-04-04T09:00:00+00:00,180.0,2.128
SIMULATION_FORCING,1013.0,0.0,55.329,736.122,SYNTHETIC,22.648,2026-04-04T10:00:00+00:00,180.0,2.299
SIMULATION_FORCING,1013.0,0.0,55.904,821.037,SYNTHETIC,23.684,2026-04-04T11:00:00+00:00,180.0,2.177
SIMULATION_FORCING,1013.0,0.0,52.326,850.0,SYNTHETIC,24.478,2026-04-04T12:00:00+00:00,180.0,1.573
SIMULATION_FORCING,1013.0,0.0,56.144,821.037,SYNTHETIC,24.978,2026-04-04T13:00:00+00:00,180.0,2.385
SIMULATION_FORCING,1013.0,0.0,57.266,736.122,SYNTHETIC,25.148,2026-04-04T14:00:00+00:00,180.0,1.677
SIMULATION_FORCING,1013.0,0.0,58.416,601.041,SYNTHETIC,24.978,2026-04-04T15:00:00+00:00,180.0,2.391
SIMULATION_FORCING,1013.0,0.0,61.594,425.0,SYNTHETIC,24.478,2026-04-04T16:00:00+00:00,180.0,2.398
SIMULATION_FORCING,1013.0,0.0,66.514,219.996,SYNTHETIC,23.684,2026-04-04T17:00:00+00:00,180.0,2.277
SIMULATION_FORCING,1013.0,0.0,73.663,0.0,SYNTHETIC,22.648,2026-04-04T18:00:00+00:00,180.0,2.01
SIMULATION_FORCING,1013.0,0.0,71.881,0.0,SYNTHETIC,21.442,2026-04-04T19:00:00+00:00,180.0,1.711
SIMULATION_FORCING,1013.0,0.0,70.309,0.0,SYNTHETIC,20.148,2026-04-04T20:00:00+00:00,180.0,1.716
SIMULATION_FORCING,1013.0,0.0,73.648,0.0,SYNTHETIC,18.854,2026-04-04T21:00:00+00:00,180.0,1.829
SIMULATION_FORCING,1013.0,0.0,73.059,0.0,SYNTHETIC,17.648,2026-04-04T22:00:00+00:00,180.0,2.314
SIMULATION_FORCING,1013.0,0.0,72.699,0.0,SYNTHETIC,16.613,2026-04-04T23:00:00+00:00,180.0,1.95
SIMULATION_FORCING,1013.0,0.0,73.711,0.0,SYNTHETIC,15.968,2026-04-05T00:00:00+00:00,180.0,1.768
SIMULATION_FORCING,1013.0,0.0,72.141,0.0,SYNTHETIC,15.469,2026-04-05T01:00:00+00:00,180.0,2.374
SIMULATION_FORCING,1013.0,0.0,73.266,0.0,SYNTHETIC,15.298,2026-04-05T02:00:00+00:00,180.0,1.922
SIMULATION_FORCING,1013.0,0.0,72.264,0.0,SYNTHETIC,15.469,2026-04-05T03:00:00+00:00,180.0,2.011
SIMULATION_FORCING,1013.0,0.0,70.893,0.0,SYNTHETIC,15.968,2026-04-05T04:00:00+00:00,180.0,1.664
SIMULATION_FORCING,1013.0,0.0,73.453,0.0,SYNTHETIC,16.763,2026-04-05T05:00:00+00:00,180.0,1.722
SIMULATION_FORCING,1013.0,0.0,73.474,0.0,SYNTHETIC,17.798,2026-04-05T06:00:00+00:00,180.0,2.207
SIMULATION_FORCING,1013.0,0.0,67.826,219.996,SYNTHETIC,19.004,2026-04-05T07:00:00+00:00,180.0,2.157
SIMULATION_FORCING,1013.0,0.0,61.799,425.0,SYNTHETIC,20.298,2026-04-05T08:00:00+00:00,180.0,2.26
SIMULATION_FORCING,1013.0,0.0,60.527,601.041,SYNTHETIC,21.592,2026-04-05T09:00:00+00:00,180.0,2.466
SIMULATION_FORCING,1013.0,0.0,56.153,736.122,SYNTHETIC,22.798,2026-04-05T10:00:00+00:00,180.0,2.237
SIMULATION_FORCING,1013.0,0.0,55.654,821.037,SYNTHETIC,23.834,2026-04-05T11:00:00+00:00,180.0,2.112
SIMULATION_FORCING,1013.0,0.0,52.68,850.0,SYNTHETIC,24.628,2026-04-05T12:00:00+00:00,180.0,1.661
SIMULATION_FORCING,1013.0,0.0,53.133,821.037,SYNTHETIC,25.128,2026-04-05T13:00:00+00:00,180.0,1.754
SIMULATION_FORCING,1013.0,0.0,58.366,736.122,SYNTHETIC,25.298,2026-04-05T14:00:00+00:00,180.0,2.067
SIMULATION_FORCING,1013.0,0.0,60.414,601.041,SYNTHETIC,25.128,2026-04-05T15:00:00+00:00,180.0,2.442
SIMULATION_FORCING,1013.0,0.0,63.592,425.0,SYNTHETIC,24.628,2026-04-05T16:00:00+00:00,180.0,2.094
SIMULATION_FORCING,1013.0,0.0,69.013,219.996,SYNTHETIC,23.834,2026-04-05T17:00:00+00:00,180.0,2.344
SIMULATION_FORCING,1013.0,0.0,73.735,0.0,SYNTHETIC,22.798,2026-04-05T18:00:00+00:00,180.0,1.514
SIMULATION_FORCING,1013.0,0.0,70.206,0.0,SYNTHETIC,21.592,2026-04-05T19:00:00+00:00,180.0,1.615
SIMULATION_FORCING,1013.0,0.0,73.178,0.0,SYNTHETIC,20.298,2026-04-05T20:00:00+00:00,180.0,2.407
SIMULATION_FORCING,1013.0,0.0,71.188,0.0,SYNTHETIC,19.004,2026-04-05T21:00:00+00:00,180.0,1.689
SIMULATION_FORCING,1013.0,0.0,71.962,0.0,SYNTHETIC,17.798,2026-04-05T22:00:00+00:00,180.0,1.88
SIMULATION_FORCING,1013.0,0.0,70.726,0.0,SYNTHETIC,16.763,2026-04-05T23:00:00+00:00,180.0,2.083
SIMULATION_FORCING,1013.0,0.0,72.687,0.0,SYNTHETIC,16.117,2026-04-06T00:00:00+00:00,180.0,1.668
SIMULATION_FORCING,1013.0,0.0,70.285,0.0,SYNTHETIC,15.618,2026-04-06T01:00:00+00:00,180.0,1.505
SIMULATION_FORCING,1013.0,0.0,73.765,0.0,SYNTHETIC,15.448,2026-04-06T02:00:00+00:00,180.0,1.888
SIMULATION_FORCING,1013.0,0.0,72.718,0.0,SYNTHETIC,15.618,2026-04-06T03:00:00+00:00,180.0,2.115
SIMULATION_FORCING,1013.0,0.0,70.16,0.0,SYNTHETIC,16.117,2026-04-06T04:00:00+00:00,180.0,2.385
SIMULATION_FORCING,1013.0,0.0,71.304,0.0,SYNTHETIC,16.912,2026-04-06T05:00:00+00:00,180.0,1.532
SIMULATION_FORCING,1013.0,0.0,72.124,0.0,SYNTHETIC,17.948,2026-04-06T06:00:00+00:00,180.0,1.615
SIMULATION_FORCING,1013.0,0.0,65.36,219.996,SYNTHETIC,19.154,2026-04-06T07:00:00+00:00,180.0,2.359
SIMULATION_FORCING,1013.0,0.0,61.555,425.0,SYNTHETIC,20.448,2026-04-06T08:00:00+00:00,180.0,1.707
SIMULATION_FORCING,1013.0,0.0,60.166,601.041,SYNTHETIC,21.742,2026-04-06T09:00:00+00:00,180.0,2.066
SIMULATION_FORCING,1013.0,0.0,54.522,736.122,SYNTHETIC,22.948,2026-04-06T10:00:00+00:00,180.0,2.381
SIMULATION_FORCING,1013.0,0.0,52.812,821.037,SYNTHETIC,23.983,2026-04-06T11:00:00+00:00,180.0,2.248
SIMULATION_FORCING,1013.0,0.0,53.947,850.0,SYNTHETIC,24.778,2026-04-06T12:00:00+00:00,180.0,1.777
SIMULATION_FORCING,1013.0,0.0,56.416,821.037,SYNTHETIC,25.277,2026-04-06T13:00:00+00:00,180.0,2.106
SIMULATION_FORCING,1013.0,0.0,57.893,736.122,SYNTHETIC,25.448,2026-04-06T14:00:00+00:00,180.0,2.324
SIMULATION_FORCING,1013.0,0.0,60.857,601.041,SYNTHETIC,25.277,2026-04-06T15:00:00+00:00,180.0,1.574
SIMULATION_FORCING,1013.0,0.0,63.327,425.0,SYNTHETIC,24.778,2026-04-06T16:00:00+00:00,180.0,1.563
SIMULATION_FORCING,1013.0,0.0,65.695,219.996,SYNTHETIC,23.983,2026-04-06T17:00:00+00:00,180.0,1.591
SIMULATION_FORCING,1013.0,0.0,70.908,0.0,SYNTHETIC,22.948,2026-04-06T18:00:00+00:00,180.0,1.64
SIMULATION_FORCING,1013.0,0.0,70.611,0.0,SYNTHETIC,21.742,2026-04-06T19:00:00+00:00,180.0,2.443
SIMULATION_FORCING,1013.0,0.0,72.721,0.0,SYNTHETIC,20.448,2026-04-06T20:00:00+00:00,180.0,1.638
SIMULATION_FORCING,1013.0,0.0,73.865,0.0,SYNTHETIC,19.154,2026-04-06T21:00:00+00:00,180.0,1.633
SIMULATION_FORCING,1013.0,0.0,71.2,0.0,SYNTHETIC,17.948,2026-04-06T22:00:00+00:00,180.0,1.991
SIMULATION_FORCING,1013.0,0.0,71.112,0.0,SYNTHETIC,16.912,2026-04-06T23:00:00+00:00,180.0,2.462
SIMULATION_FORCING,1013.0,0.0,70.555,0.0,SYNTHETIC,16.266,2026-04-07T00:00:00+00:00,180.0,1.611
SIMULATION_FORCING,1013.0,0.0,72.459,0.0,SYNTHETIC,15.767,2026-04-07T01:00:00+00:00,180.0,1.931
SIMULATION_FORCING,1013.0,0.0,73.141,0.0,SYNTHETIC,15.596,2026-04-07T02:00:00+00:00,180.0,1.909
SIMULATION_FORCING,1013.0,0.0,73.546,0.0,SYNTHETIC,15.767,2026-04-07T03:00:00+00:00,180.0,2.311
SIMULATION_FORCING,1013.0,0.0,71.035,0.0,SYNTHETIC,16.266,2026-04-07T04:00:00+00:00,180.0,2.054
SIMULATION_FORCING,1013.0,0.0,70.173,0.0,SYNTHETIC,17.061,2026-04-07T05:00:00+00:00,180.0,1.762
SIMULATION_FORCING,1013.0,0.0,73.098,0.0,SYNTHETIC,18.096,2026-04-07T06:00:00+00:00,180.0,2.03
SIMULATION_FORCING,1013.0,0.0,66.108,219.996,SYNTHETIC,19.302,2026-04-07T07:00:00+00:00,180.0,2.135
SIMULATION_FORCING,1013.0,0.0,63.57,425.0,SYNTHETIC,20.596,2026-04-07T08:00:00+00:00,180.0,1.789
SIMULATION_FORCING,1013.0,0.0,60.22,601.041,SYNTHETIC,21.89,2026-04-07T09:00:00+00:00,180.0,2.491
SIMULATION_FORCING,1013.0,0.0,56.584,736.122,SYNTHETIC,23.096,2026-04-07T10:00:00+00:00,180.0,1.706
SIMULATION_FORCING,1013.0,0.0,53.269,821.037,SYNTHETIC,24.132,2026-04-07T11:00:00+00:00,180.0,1.633
SIMULATION_FORCING,1013.0,0.0,53.591,850.0,SYNTHETIC,24.926,2026-04-07T12:00:00+00:00,180.0,2.051
SIMULATION_FORCING,1013.0,0.0,54.075,821.037,SYNTHETIC,25.426,2026-04-07T13:00:00+00:00,180.0,1.678
SIMULATION_FORCING,1013.0,0.0,57.616,736.122,SYNTHETIC,25.596,2026-04-07T14:00:00+00:00,180.0,2.232
SIMULATION_FORCING,1013.0,0.0,58.196,601.041,SYNTHETIC,25.426,2026-04-07T15:00:00+00:00,180.0,2.284
SIMULATION_FORCING,1013.0,0.0,64.149,425.0,SYNTHETIC,24.926,2026-04-07T16:00:00+00:00,180.0,2.008
SIMULATION_FORCING,1013.0,0.0,67.786,219.996,SYNTHETIC,24.132,2026-04-07T17:00:00+00:00,180.0,2.362
SIMULATION_FORCING,1013.0,0.0,71.122,0.0,SYNTHETIC,23.096,2026-04-07T18:00:00+00:00,180.0,2.246
SIMULATION_FORCING,1013.0,0.0,71.554,0.0,SYNTHETIC,21.89,2026-04-07T19:00:00+00:00,180.0,2.222
SIMULATION_FORCING,1013.0,0.0,72.911,0.0,SYNTHETIC,20.596,2026-04-07T20:00:00+00:00,180.0,1.978
SIMULATION_FORCING,1013.0,0.0,71.897,0.0,SYNTHETIC,19.302,2026-04-07T21:00:00+00:00,180.0,1.515
SIMULATION_FORCING,1013.0,0.0,71.602,0.0,SYNTHETIC,18.096,2026-04-07T22:00:00+00:00,180.0,2.423
SIMULATION_FORCING,1013.0,0.0,71.616,0.0,SYNTHETIC,17.061,2026-04-07T23:00:00+00:00,180.0,1.788
SIMULATION_FORCING,1013.0,0.0,72.596,0.0,SYNTHETIC,16.414,2026-04-08T00:00:00+00:00,180.0,1.564
SIMULATION_FORCING,1013.0,0.0,72.778,0.0,SYNTHETIC,15.915,2026-04-08T01:00:00+00:00,180.0,1.512
SIMULATION_FORCING,1013.0,0.0,72.556,0.0,SYNTHETIC,15.744,2026-04-08T02:00:00+00:00,180.0,1.69
SIMULATION_FORCING,1013.0,0.0,72.372,0.0,SYNTHETIC,15.915,2026-04-08T03:00:00+00:00,180.0,2.384
SIMULATION_FORCING,1013.0,0.0,72.348,0.0,SYNTHETIC,16.414,2026-04-08T04:00:00+00:00,180.0,2.346
SIMULATION_FORCING,1013.0,0.0,72.114,0.0,SYNTHETIC,17.209,2026-04-08T05:00:00+00:00,180.0,2.341
SIMULATION_FORCING,1013.0,0.0,73.498,0.0,SYNTHETIC,18.244,2026-04-08T06:00:00+00:00,180.0,1.652
SIMULATION_FORCING,1013.0,0.0,68.229,219.996,SYNTHETIC,19.45,2026-04-08T07:00:00+00:00,180.0,1.842
SIMULATION_FORCING,1013.0,0.0,61.387,425.0,SYNTHETIC,20.744,2026-04-08T08:00:00+00:00,180.0,2.184
SIMULATION_FORCING,1013.0,0.0,60.827,601.041,SYNTHETIC,22.038,2026-04-08T09:00:00+00:00,180.0,1.987
SIMULATION_FORCING,1013.0,0.0,57.775,736.122,SYNTHETIC,23.244,2026-04-08T10:00:00+00:00,180.0,2.396
SIMULATION_FORCING,1013.0,0.0,53.16,821.037,SYNTHETIC,24.28,2026-04-08T11:00:00+00:00,180.0,1.84
SIMULATION_FORCING,1013.0,0.0,53.868,850.0,SYNTHETIC,25.074,2026-04-08T12:00:00+00:00,180.0,1.564
SIMULATION_FORCING,1013.0,0.0,54.164,821.037,SYNTHETIC,25.574,2026-04-08T13:00:00+00:00,180.0,1.788
SIMULATION_FORCING,1013.0,0.0,58.229,736.122,SYNTHETIC,25.744,2026-04-08T14:00:00+00:00,180.0,1.829
SIMULATION_FORCING,1013.0,0.0,61.182,601.041,SYNTHETIC,25.574,2026-04-08T15:00:00+00:00,180.0,2.371
SIMULATION_FORCING,1013.0,0.0,62.583,425.0,SYNTHETIC,25.074,2026-04-08T16:00:00+00:00,180.0,1.663
SIMULATION_FORCING,1013.0,0.0,68.249,219.996,SYNTHETIC,24.28,2026-04-08T17:00:00+00:00,180.0,1.796
SIMULATION_FORCING,1013.0,0.0,73.473,0.0,SYNTHETIC,23.244,2026-04-08T18:00:00+00:00,180.0,2.227
SIMULATION_FORCING,1013.0,0.0,70.364,0.0,SYNTHETIC,22.038,2026-04-08T19:00:00+00:00,180.0,1.854
SIMULATION_FORCING,1013.0,0.0,72.766,0.0,SYNTHETIC,20.744,2026-04-08T20:00:00+00:00,180.0,2.31
SIMULATION_FORCING,1013.0,0.0,70.427,0.0,SYNTHETIC,19.45,2026-04-08T21:00:00+00:00,180.0,1.503
SIMULATION_FORCING,1013.0,0.0,73.795,0.0,SYNTHETIC,18.244,2026-04-08T22:00:00+00:00,180.0,2.481
SIMULATION_FORCING,1013.0,0.0,71.189,0.0,SYNTHETIC,17.209,2026-04-08T23:00:00+00:00,180.0,2.361
SIMULATION_FORCING,1013.0,0.0,71.31,0.0,SYNTHETIC,16.561,2026-04-09T00:00:00+00:00,180.0,1.744
SIMULATION_FORCING,1013.0,0.0,70.104,0.0,SYNTHETIC,16.062,2026-04-09T01:00:00+00:00,180.0,2.068
SIMULATION_FORCING,1013.0,0.0,72.23,0.0,SYNTHETIC,15.891,2026-04-09T02:00:00+00:00,180.0,1.842
SIMULATION_FORCING,1013.0,0.0,71.815,0.0,SYNTHETIC,16.062,2026-04-09T03:00:00+00:00,180.0,2.298
SIMULATION_FORCING,1013.0,0.0,72.097,0.0,SYNTHETIC,16.561,2026-04-09T04:00:00+00:00,180.0,2.358
SIMULATION_FORCING,1013.0,0.0,71.215,0.0,SYNTHETIC,17.356,2026-04-09T05:00:00+00:00,180.0,1.794
SIMULATION_FORCING,1013.0,0.0,70.478,0.0,SYNTHETIC,18.391,2026-04-09T06:00:00+00:00,180.0,1.548
SIMULATION_FORCING,1013.0,0.0,66.663,219.996,SYNTHETIC,19.597,2026-04-09T07:00:00+00:00,180.0,2.253
SIMULATION_FORCING,1013.0,0.0,63.013,425.0,SYNTHETIC,20.891,2026-04-09T08:00:00+00:00,180.0,1.55
SIMULATION_FORCING,1013.0,0.0,59.501,601.041,SYNTHETIC,22.186,2026-04-09T09:00:00+00:00,180.0,2.151
SIMULATION_FORCING,1013.0,0.0,56.134,736.122,SYNTHETIC,23.391,2026-04-09T10:00:00+00:00,180.0,2.427
SIMULATION_FORCING,1013.0,0.0,53.011,821.037,SYNTHETIC,24.427,2026-04-09T11:00:00+00:00,180.0,1.817
SIMULATION_FORCING,1013.0,0.0,52.748,850.0,SYNTHETIC,25.222,2026-04-09T12:00:00+00:00,180.0,2.173
SIMULATION_FORCING,1013.0,0.0,53.755,821.037,SYNTHETIC,25.721,2026-04-09T13:00:00+00:00,180.0,2.099
SIMULATION_FORCING,1013.0,0.0,58.356,736.122,SYNTHETIC,25.891,2026-04-09T14:00:00+00:00,180.0,2.08
SIMULATION_FORCING,1013.0,0.0,59.304,601.041,SYNTHETIC,25.721,2026-04-09T15:00:00+00:00,180.0,2.263
SIMULATION_FORCING,1013.0,0.0,63.754,425.0,SYNTHETIC,25.222,2026-04-09T16:00:00+00:00,180.0,1.622
SIMULATION_FORCING,1013.0,0.0,69.303,219.996,SYNTHETIC,24.427,2026-04-09T17:00:00+00:00,180.0,2.067
SIMULATION_FORCING,1013.0,0.0,73.218,0.0,SYNTHETIC,23.391,2026-04-09T18:00:00+00:00,180.0,1.517
SIMULATION_FORCING,1013.0,0.0,70.139,0.0,SYNTHETIC,22.186,2026-04-09T19:00:00+00:00,180.0,1.79
SIMULATION_FORCING,1013.0,0.0,71.692,0.0,SYNTHETIC,20.891,2026-04-09T20:00:00+00:00,180.0,2.246
SIMULATION_FORCING,1013.0,0.0,73.422,0.0,SYNTHETIC,19.597,2026-04-09T21:00:00+00:00,180.0,2.183
SIMULATION_FORCING,1013.0,0.0,71.73,0.0,SYNTHETIC,18.391,2026-04-09T22:00:00+00:00,180.0,2.162
SIMULATION_FORCING,1013.0,0.0,72.654,0.0,SYNTHETIC,17.356,2026-04-09T23:00:00+00:00,180.0,2.105
SIMULATION_FORCING,1013.0,0.0,71.151,0.0,SYNTHETIC,16.708,2026-04-10T00:00:00+00:00,180.0,2.011
SIMULATION_FORCING,1013.0,0.0,73.471,0.0,SYNTHETIC,16.208,2026-04-10T01:00:00+00:00,180.0,1.959
SIMULATION_FORCING,1013.0,0.0,73.019,0.0,SYNTHETIC,16.038,2026-04-10T02:00:00+00:00,180.0,2.215
SIMULATION_FORCING,1013.0,0.0,71.411,0.0,SYNTHETIC,16.208,2026-04-10T03:00:00+00:00,180.0,2.26
SIMULATION_FORCING,1013.0,0.0,71.615,0.0,SYNTHETIC,16.708,2026-04-10T04:00:00+00:00,180.0,2.452
SIMULATION_FORCING,1013.0,0.0,71.429,0.0,SYNTHETIC,17.502,2026-04-10T05:00:00+00:00,180.0,2.487
SIMULATION_FORCING,1013.0,0.0,71.553,0.0,SYNTHETIC,18.538,2026-04-10T06:00:00+00:00,180.0,2.167
SIMULATION_FORCING,1013.0,0.0,67.908,219.996,SYNTHETIC,19.744,2026-04-10T07:00:00+00:00,180.0,1.563
SIMULATION_FORCING,1013.0,0.0,63.587,425.0,SYNTHETIC,21.038,2026-04-10T08:00:00+00:00,180.0,2.47
SIMULATION_FORCING,1013.0,0.0,57.494,601.041,SYNTHETIC,22.332,2026-04-10T09:00:00+00:00,180.0,2.205
SIMULATION_FORCING,1013.0,0.0,58.245,736.122,SYNTHETIC,23.538,2026-04-10T10:00:00+00:00,180.0,2.188
SIMULATION_FORCING,1013.0,0.0,53.095,821.037,SYNTHETIC,24.573,2026-04-10T11:00:00+00:00,180.0,2.183
SIMULATION_FORCING,1013.0,0.0,52.633,850.0,SYNTHETIC,25.368,2026-04-10T12:00:00+00:00,180.0,1.975
SIMULATION_FORCING,1013.0,0.0,55.482,821.037,SYNTHETIC,25.867,2026-04-10T13:00:00+00:00,180.0,1.521
SIMULATION_FORCING,1013.0,0.0,54.424,736.122,SYNTHETIC,26.038,2026-04-10T14:00:00+00:00,180.0,1.922
SIMULATION_FORCING,1013.0,0.0,59.518,601.041,SYNTHETIC,25.867,2026-04-10T15:00:00+00:00,180.0,2.008
SIMULATION_FORCING,1013.0,0.0,61.178,425.0,SYNTHETIC,25.368,2026-04-10T16:00:00+00:00,180.0,2.363
SIMULATION_FORCING,1013.0,0.0,68.503,219.996,SYNTHETIC,24.573,2026-04-10T17:00:00+00:00,180.0,2.377
SIMULATION_FORCING,1013.0,0.0,72.558,0.0,SYNTHETIC,23.538,2026-04-10T18:00:00+00:00,180.0,2.483
SIMULATION_FORCING,1013.0,0.0,70.894,0.0,SYNTHETIC,22.332,2026-04-10T19:00:00+00:00,180.0,1.991
SIMULATION_FORCING,1013.0,0.0,71.072,0.0,SYNTHETIC,21.038,2026-04-10T20:00:00+00:00,180.0,1.913
SIMULATION_FORCING,1013.0,0.0,71.765,0.0,SYNTHETIC,19.744,2026-04-10T21:00:00+00:00,180.0,1.639
SIMULATION_FORCING,1013.0,0.0,70.683,0.0,SYNTHETIC,18.538,2026-04-10T22:00:00+00:00,180.0,1.762
SIMULATION_FORCING,1013.0,0.0,70.507,0.0,SYNTHETIC,17.502,2026-04-10T23:00:00+00:00,180.0,1.708
SIMULATION_FORCING,1013.0,0.0,73.669,0.0,SYNTHETIC,16.853,2026-04-11T00:00:00+00:00,180.0,2.329
SIMULATION_FORCING,1013.0,0.0,73.052,0.0,SYNTHETIC,16.353,2026-04-11T01:00:00+00:00,180.0,1.926
SIMULATION_FORCING,1013.0,0.0,70.462,0.0,SYNTHETIC,16.183,2026-04-11T02:00:00+00:00,180.0,1.565
SIMULATION_FORCING,1013.0,0.0,72.555,0.0,SYNTHETIC,16.353,2026-04-11T03:00:00+00:00,180.0,2.333
SIMULATION_FORCING,1013.0,0.0,71.547,0.0,SYNTHETIC,16.853,2026-04-11T04:00:00+00:00,180.0,2.195
SIMULATION_FORCING,1013.0,0.0,70.149,0.0,SYNTHETIC,17.648,2026-04-11T05:00:00+00:00,180.0,1.758
SIMULATION_FORCING,1013.0,0.0,70.07,0.0,SYNTHETIC,18.683,2026-04-11T06:00:00+00:00,180.0,1.781
SIMULATION_FORCING,1013.0,0.0,68.693,219.996,SYNTHETIC,19.889,2026-04-11T07:00:00+00:00,180.0,1.758
SIMULATION_FORCING,1013.0,0.0,63.077,425.0,SYNTHETIC,21.183,2026-04-11T08:00:00+00:00,180.0,1.76
SIMULATION_FORCING,1013.0,0.0,60.945,601.041,SYNTHETIC,22.477,2026-04-11T09:00:00+00:00,180.0,2.214
SIMULATION_FORCING,1013.0,0.0,57.18,736.122,SYNTHETIC,23.683,2026-04-11T10:00:00+00:00,180.0,2.45
SIMULATION_FORCING,1013.0,0.0,55.502,821.037,SYNTHETIC,24.719,2026-04-11T11:00:00+00:00,180.0,1.777
SIMULATION_FORCING,1013.0,0.0,54.866,850.0,SYNTHETIC,25.513,2026-04-11T12:00:00+00:00,180.0,1.796
SIMULATION_FORCING,1013.0,0.0,54.035,821.037,SYNTHETIC,26.013,2026-04-11T13:00:00+00:00,180.0,1.944
SIMULATION_FORCING,1013.0,0.0,55.359,736.122,SYNTHETIC,26.183,2026-04-11T14:00:00+00:00,180.0,1.946
SIMULATION_FORCING,1013.0,0.0,60.186,601.041,SYNTHETIC,26.013,2026-04-11T15:00:00+00:00,180.0,1.652
SIMULATION_FORCING,1013.0,0.0,62.048,425.0,SYNTHETIC,25.513,2026-04-11T16:00:00+00:00,180.0,2.01
SIMULATION_FORCING,1013.0,0.0,67.825,219.996,SYNTHETIC,24.719,2026-04-11T17:00:00+00:00,180.0,2.211
SIMULATION_FORCING,1013.0,0.0,72.645,0.0,SYNTHETIC,23.683,2026-04-11T18:00:00+00:00,180.0,1.504
SIMULATION_FORCING,1013.0,0.0,71.275,0.0,SYNTHETIC,22.477,2026-04-11T19:00:00+00:00,180.0,2.202
SIMULATION_FORCING,1013.0,0.0,70.548,0.0,SYNTHETIC,21.183,2026-04-11T20:00:00+00:00,180.0,1.969
SIMULATION_FORCING,1013.0,0.0,73.347,0.0,SYNTHETIC,19.889,2026-04-11T21:00:00+00:00,180.0,1.774
SIMULATION_FORCING,1013.0,0.0,72.86,0.0,SYNTHETIC,18.683,2026-04-11T22:00:00+00:00,180.0,1.664
SIMULATION_FORCING,1013.0,0.0,70.463,0.0,SYNTHETIC,17.648,2026-04-11T23:00:00+00:00,180.0,2.418
SIMULATION_FORCING,1013.0,0.0,70.842,0.0,SYNTHETIC,16.997,2026-04-12T00:00:00+00:00,180.0,1.611
SIMULATION_FORCING,1013.0,0.0,70.065,0.0,SYNTHETIC,16.498,2026-04-12T01:00:00+00:00,180.0,1.83
SIMULATION_FORCING,1013.0,0.0,70.167,0.0,SYNTHETIC,16.328,2026-04-12T02:00:00+00:00,180.0,2.458
SIMULATION_FORCING,1013.0,0.0,73.085,0.0,SYNTHETIC,16.498,2026-04-12T03:00:00+00:00,180.0,2.364
SIMULATION_FORCING,1013.0,0.0,72.715,0.0,SYNTHETIC,16.997,2026-04-12T04:00:00+00:00,180.0,1.848
SIMULATION_FORCING,1013.0,0.0,71.028,0.0,SYNTHETIC,17.792,2026-04-12T05:00:00+00:00,180.0,1.939
SIMULATION_FORCING,1013.0,0.0,70.718,0.0,SYNTHETIC,18.828,2026-04-12T06:00:00+00:00,180.0,1.516
SIMULATION_FORCING,1013.0,0.0,67.328,219.996,SYNTHETIC,20.033,2026-04-12T07:00:00+00:00,180.0,2.457
SIMULATION_FORCING,1013.0,0.0,63.521,425.0,SYNTHETIC,21.328,2026-04-12T08:00:00+00:00,180.0,1.944
SIMULATION_FORCING,1013.0,0.0,57.41,601.041,SYNTHETIC,22.622,2026-04-12T09:00:00+00:00,180.0,1.584
SIMULATION_FORCING,1013.0,0.0,55.27,736.122,SYNTHETIC,23.828,2026-04-12T10:00:00+00:00,180.0,1.573
SIMULATION_FORCING,1013.0,0.0,54.339,821.037,SYNTHETIC,24.863,2026-04-12T11:00:00+00:00,180.0,2.37
SIMULATION_FORCING,1013.0,0.0,53.51,850.0,SYNTHETIC,25.658,2026-04-12T12:00:00+00:00,180.0,2.16
SIMULATION_FORCING,1013.0,0.0,56.082,821.037,SYNTHETIC,26.157,2026-04-12T13:00:00+00:00,180.0,1.958
SIMULATION_FORCING,1013.0,0.0,57.591,736.122,SYNTHETIC,26.328,2026-04-12T14:00:00+00:00,180.0,1.77
SIMULATION_FORCING,1013.0,0.0,57.275,601.041,SYNTHETIC,26.157,2026-04-12T15:00:00+00:00,180.0,1.652
SIMULATION_FORCING,1013.0,0.0,62.455,425.0,SYNTHETIC,25.658,2026-04-12T16:00:00+00:00,180.0,1.764
SIMULATION_FORCING,1013.0,0.0,67.778,219.996,SYNTHETIC,24.863,2026-04-12T17:00:00+00:00,180.0,1.542
SIMULATION_FORCING,1013.0,0.0,71.439,0.0,SYNTHETIC,23.828,2026-04-12T18:00:00+00:00,180.0,1.853
SIMULATION_FORCING,1013.0,0.0,73.932,0.0,SYNTHETIC,22.622,2026-04-12T19:00:00+00:00,180.0,2.46
SIMULATION_FORCING,1013.0,0.0,70.993,0.0,SYNTHETIC,21.328,2026-04-12T20:00:00+00:00,180.0,1.665
SIMULATION_FORCING,1013.0,0.0,72.804,0.0,SYNTHETIC,20.033,2026-04-12T21:00:00+00:00,180.0,2.478
SIMULATION_FORCING,1013.0,0.0,71.397,0.0,SYNTHETIC,18.828,2026-04-12T22:00:00+00:00,180.0,2.262
SIMULATION_FORCING,1013.0,0.0,73.895,0.0,SYNTHETIC,17.792,2026-04-12T23:00:00+00:00,180.0,2.113
SIMULATION_FORCING,1013.0,0.0,72.254,0.0,SYNTHETIC,17.141,2026-04-13T00:00:00+00:00,180.0,1.688
SIMULATION_FORCING,1013.0,0.0,71.97,0.0,SYNTHETIC,16.641,2026-04-13T01:00:00+00:00,180.0,2.027
SIMULATION_FORCING,1013.0,0.0,73.566,0.0,SYNTHETIC,16.471,2026-04-13T02:00:00+00:00,180.0,2.031
SIMULATION_FORCING,1013.0,0.0,72.316,0.0,SYNTHETIC,16.641,2026-04-13T03:00:00+00:00,180.0,1.776
SIMULATION_FORCING,1013.0,0.0,71.659,0.0,SYNTHETIC,17.141,2026-04-13T04:00:00+00:00,180.0,2.341
SIMULATION_FORCING,1013.0,0.0,70.776,0.0,SYNTHETIC,17.935,2026-04-13T05:00:00+00:00,180.0,2.236
SIMULATION_FORCING,1013.0,0.0,70.519,0.0,SYNTHETIC,18.971,2026-04-13T06:00:00+00:00,180.0,1.792
SIMULATION_FORCING,1013.0,0.0,68.696,219.996,SYNTHETIC,20.177,2026-04-13T07:00:00+00:00,180.0,2.029
SIMULATION_FORCING,1013.0,0.0,61.46,425.0,SYNTHETIC,21.471,2026-04-13T08:00:00+00:00,180.0,1.538
SIMULATION_FORCING,1013.0,0.0,60.705,601.041,SYNTHETIC,22.765,2026-04-13T09:00:00+00:00,180.0,1.715
SIMULATION_FORCING,1013.0,0.0,55.974,736.122,SYNTHETIC,23.971,2026-04-13T10:00:00+00:00,180.0,1.82
SIMULATION_FORCING,1013.0,0.0,52.927,821.037,SYNTHETIC,25.007,2026-04-13T11:00:00+00:00,180.0,2.261
SIMULATION_FORCING,1013.0,0.0,54.849,850.0,SYNTHETIC,25.801,2026-04-13T12:00:00+00:00,180.0,2.124
SIMULATION_FORCING,1013.0,0.0,54.307,821.037,SYNTHETIC,26.301,2026-04-13T13:00:00+00:00,180.0,2.361
SIMULATION_FORCING,1013.0,0.0,58.099,736.122,SYNTHETIC,26.471,2026-04-13T14:00:00+00:00,180.0,1.535
SIMULATION_FORCING,1013.0,0.0,57.577,601.041,SYNTHETIC,26.301,2026-04-13T15:00:00+00:00,180.0,1.568
SIMULATION_FORCING,1013.0,0.0,63.56,425.0,SYNTHETIC,25.801,2026-04-13T16:00:00+00:00,180.0,2.037
SIMULATION_FORCING,1013.0,0.0,65.526,219.996,SYNTHETIC,25.007,2026-04-13T17:00:00+00:00,180.0,1.564
SIMULATION_FORCING,1013.0,0.0,71.143,0.0,SYNTHETIC,23.971,2026-04-13T18:00:00+00:00,180.0,1.952
SIMULATION_FORCING,1013.0,0.0,71.901,0.0,SYNTHETIC,22.765,2026-04-13T19:00:00+00:00,180.0,2.215
SIMULATION_FORCING,1013.0,0.0,72.414,0.0,SYNTHETIC,21.471,2026-04-13T20:00:00+00:00,180.0,2.416
SIMULATION_FORCING,1013.0,0.0,72.67,0.0,SYNTHETIC,20.177,2026-04-13T21:00:00+00:00,180.0,2.335
SIMULATION_FORCING,1013.0,0.0,70.325,0.0,SYNTHETIC,18.971,2026-04-13T22:00:00+00:00,180.0,2.376
SIMULATION_FORCING,1013.0,0.0,70.708,0.0,SYNTHETIC,17.935,2026-04-13T23:00:00+00:00,180.0,1.798
SIMULATION_FORCING,1013.0,0.0,72.283,0.0,SYNTHETIC,17.283,2026-04-14T00:00:00+00:00,180.0,1.848
SIMULATION_FORCING,1013.0,0.0,71.473,0.0,SYNTHETIC,16.784,2026-04-14T01:00:00+00:00,180.0,1.853
SIMULATION_FORCING,1013.0,0.0,72.181,0.0,SYNTHETIC,16.613,2026-04-14T02:00:00+00:00,180.0,1.982
SIMULATION_FORCING,1013.0,0.0,71.512,0.0,SYNTHETIC,16.784,2026-04-14T03:00:00+00:00,180.0,2.247
SIMULATION_FORCING,1013.0,0.0,70.988,0.0,SYNTHETIC,17.283,2026-04-14T04:00:00+00:00,180.0,2.154
SIMULATION_FORCING,1013.0,0.0,70.112,0.0,SYNTHETIC,18.078,2026-04-14T05:00:00+00:00,180.0,2.249
SIMULATION_FORCING,1013.0,0.0,71.464,0.0,SYNTHETIC,19.113,2026-04-14T06:00:00+00:00,180.0,1.568
SIMULATION_FORCING,1013.0,0.0,66.662,219.996,SYNTHETIC,20.319,2026-04-14T07:00:00+00:00,180.0,2.348
SIMULATION_FORCING,1013.0,0.0,63.378,425.0,SYNTHETIC,21.613,2026-04-14T08:00:00+00:00,180.0,2.074
SIMULATION_FORCING,1013.0,0.0,60.162,601.041,SYNTHETIC,22.907,2026-04-14T09:00:00+00:00,180.0,2.343
SIMULATION_FORCING,1013.0,0.0,57.288,736.122,SYNTHETIC,24.113,2026-04-14T10:00:00+00:00,180.0,1.752
SIMULATION_FORCING,1013.0,0.0,55.575,821.037,SYNTHETIC,25.149,2026-04-14T11:00:00+00:00,180.0,2.018
SIMULATION_FORCING,1013.0,0.0,55.152,850.0,SYNTHETIC,25.944,2026-04-14T12:00:00+00:00,180.0,2.287
SIMULATION_FORCING,1013.0,0.0,55.959,821.037,SYNTHETIC,26.443,2026-04-14T13:00:00+00:00,180.0,1.817
SIMULATION_FORCING,1013.0,0.0,55.896,736.122,SYNTHETIC,26.613,2026-04-14T14:00:00+00:00,180.0,2.292
SIMULATION_FORCING,1013.0,0.0,58.534,601.041,SYNTHETIC,26.443,2026-04-14T15:00:00+00:00,180.0,1.54
SIMULATION_FORCING,1013.0,0.0,61.683,425.0,SYNTHETIC,25.944,2026-04-14T16:00:00+00:00,180.0,1.517
SIMULATION_FORCING,1013.0,0.0,66.14,219.996,SYNTHETIC,25.149,2026-04-14T17:00:00+00:00,180.0,2.265
SIMULATION_FORCING,1013.0,0.0,71.309,0.0,SYNTHETIC,24.113,2026-04-14T18:00:00+00:00,180.0,1.709
SIMULATION_FORCING,1013.0,0.0,73.674,0.0,SYNTHETIC,22.907,2026-04-14T19:00:00+00:00,180.0,1.88
SIMULATION_FORCING,1013.0,0.0,70.876,0.0,SYNTHETIC,21.613,2026-04-14T20:00:00+00:00,180.0,2.147
SIMULATION_FORCING,1013.0,0.0,72.089,0.0,SYNTHETIC,20.319,2026-04-14T21:00:00+00:00,180.0,1.983
SIMULATION_FORCING,1013.0,0.0,70.033,0.0,SYNTHETIC,19.113,2026-04-14T22:00:00+00:00,180.0,1.728
SIMULATION_FORCING,1013.0,0.0,70.882,0.0,SYNTHETIC,18.078,2026-04-14T23:00:00+00:00,180.0,1.787
SIMULATION_FORCING,1013.0,0.0,73.515,0.0,SYNTHETIC,17.425,2026-04-15T00:00:00+00:00,180.0,2.474
SIMULATION_FORCING,1013.0,0.0,73.46,0.0,SYNTHETIC,16.925,2026-04-15T01:00:00+00:00,180.0,1.921
SIMULATION_FORCING,1013.0,0.0,72.967,0.0,SYNTHETIC,16.755,2026-04-15T02:00:00+00:00,180.0,1.869
SIMULATION_FORCING,1013.0,0.0,73.187,0.0,SYNTHETIC,16.925,2026-04-15T03:00:00+00:00,180.0,1.714
SIMULATION_FORCING,1013.0,0.0,72.632,0.0,SYNTHETIC,17.425,2026-04-15T04:00:00+00:00,180.0,2.305
SIMULATION_FORCING,1013.0,0.0,70.226,0.0,SYNTHETIC,18.219,2026-04-15T05:00:00+00:00,180.0,2.406
SIMULATION_FORCING,1013.0,0.0,70.261,0.0,SYNTHETIC,19.255,2026-04-15T06:00:00+00:00,180.0,1.895
SIMULATION_FORCING,1013.0,0.0,67.639,219.996,SYNTHETIC,20.461,2026-04-15T07:00:00+00:00,180.0,1.996
SIMULATION_FORCING,1013.0,0.0,64.906,425.0,SYNTHETIC,21.755,2026-04-15T08:00:00+00:00,180.0,2.078
SIMULATION_FORCING,1013.0,0.0,59.991,601.041,SYNTHETIC,23.049,2026-04-15T09:00:00+00:00,180.0,1.598
SIMULATION_FORCING,1013.0,0.0,56.14,736.122,SYNTHETIC,24.255,2026-04-15T10:00:00+00:00,180.0,2.034
SIMULATION_FORCING,1013.0,0.0,53.725,821.037,SYNTHETIC,25.29,2026-04-15T11:00:00+00:00,180.0,1.506
SIMULATION_FORCING,1013.0,0.0,55.019,850.0,SYNTHETIC,26.085,2026-04-15T12:00:00+00:00,180.0,1.66
SIMULATION_FORCING,1013.0,0.0,56.228,821.037,SYNTHETIC,26.584,2026-04-15T13:00:00+00:00,180.0,2.317
SIMULATION_FORCING,1013.0,0.0,57.081,736.122,SYNTHETIC,26.755,2026-04-15T14:00:00+00:00,180.0,2.432
SIMULATION_FORCING,1013.0,0.0,60.113,601.041,SYNTHETIC,26.584,2026-04-15T15:00:00+00:00,180.0,1.906
SIMULATION_FORCING,1013.0,0.0,61.735,425.0,SYNTHETIC,26.085,2026-04-15T16:00:00+00:00,180.0,1.636
SIMULATION_FORCING,1013.0,0.0,66.447,219.996,SYNTHETIC,25.29,2026-04-15T17:00:00+00:00,180.0,1.701
SIMULATION_FORCING,1013.0,0.0,72.747,0.0,SYNTHETIC,24.255,2026-04-15T18:00:00+00:00,180.0,1.864
SIMULATION_FORCING,1013.0,0.0,72.566,0.0,SYNTHETIC,23.049,2026-04-15T19:00:00+00:00,180.0,1.572
SIMULATION_FORCING,1013.0,0.0,73.862,0.0,SYNTHETIC,21.755,2026-04-15T20:00:00+00:00,180.0,2.22
SIMULATION_FORCING,1013.0,0.0,71.103,0.0,SYNTHETIC,20.461,2026-04-15T21:00:00+00:00,180.0,2.013
SIMULATION_FORCING,1013.0,0.0,70.53,0.0,SYNTHETIC,19.255,2026-04-15T22:00:00+00:00,180.0,1.859
SIMULATION_FORCING,1013.0,0.0,70.936,0.0,SYNTHETIC,18.219,2026-04-15T23:00:00+00:00,180.0,1.86
SIMULATION_FORCING,1013.0,0.0,70.088,0.0,SYNTHETIC,17.565,2026-04-16T00:00:00+00:00,180.0,2.246
SIMULATION_FORCING,1013.0,0.0,72.069,0.0,SYNTHETIC,17.065,2026-04-16T01:00:00+00:00,180.0,2.112
SIMULATION_FORCING,1013.0,0.0,72.386,0.0,SYNTHETIC,16.895,2026-04-16T02:00:00+00:00,180.0,2.309
SIMULATION_FORCING,1013.0,0.0,71.041,0.0,SYNTHETIC,17.065,2026-04-16T03:00:00+00:00,180.0,1.757
SIMULATION_FORCING,1013.0,0.0,72.609,0.0,SYNTHETIC,17.565,2026-04-16T04:00:00+00:00,180.0,2.034
SIMULATION_FORCING,1013.0,0.0,73.298,0.0,SYNTHETIC,18.359,2026-04-16T05:00:00+00:00,180.0,1.671
SIMULATION_FORCING,1013.0,0.0,70.799,0.0,SYNTHETIC,19.395,2026-04-16T06:00:00+00:00,180.0,1.69
SIMULATION_FORCING,1013.0,0.0,66.666,219.996,SYNTHETIC,20.601,2026-04-16T07:00:00+00:00,180.0,1.957
SIMULATION_FORCING,1013.0,0.0,61.025,425.0,SYNTHETIC,21.895,2026-04-16T08:00:00+00:00,180.0,1.779
SIMULATION_FORCING,1013.0,0.0,59.329,601.041,SYNTHETIC,23.189,2026-04-16T09:00:00+00:00,180.0,1.62
SIMULATION_FORCING,1013.0,0.0,55.533,736.122,SYNTHETIC,24.395,2026-04-16T10:00:00+00:00,180.0,2.329
SIMULATION_FORCING,1013.0,0.0,54.484,821.037,SYNTHETIC,25.431,2026-04-16T11:00:00+00:00,180.0,2.18
SIMULATION_FORCING,1013.0,0.0,52.614,850.0,SYNTHETIC,26.225,2026-04-16T12:00:00+00:00,180.0,2.495
SIMULATION_FORCING,1013.0,0.0,55.324,821.037,SYNTHETIC,26.725,2026-04-16T13:00:00+00:00,180.0,2.446
SIMULATION_FORCING,1013.0,0.0,57.576,736.122,SYNTHETIC,26.895,2026-04-16T14:00:00+00:00,180.0,2.476
SIMULATION_FORCING,1013.0,0.0,61.234,601.041,SYNTHETIC,26.725,2026-04-16T15:00:00+00:00,180.0,2.32
SIMULATION_FORCING,1013.0,0.0,61.16,425.0,SYNTHETIC,26.225,2026-04-16T16:00:00+00:00,180.0,1.786
SIMULATION_FORCING,1013.0,0.0,66.104,219.996,SYNTHETIC,25.431,2026-04-16T17:00:00+00:00,180.0,2.019
SIMULATION_FORCING,1013.0,0.0,73.319,0.0,SYNTHETIC,24.395,2026-04-16T18:00:00+00:00,180.0,2.187
SIMULATION_FORCING,1013.0,0.0,70.54,0.0,SYNTHETIC,23.189,2026-04-16T19:00:00+00:00,180.0,2.389
SIMULATION_FORCING,1013.0,0.0,73.089,0.0,SYNTHETIC,21.895,2026-04-16T20:00:00+00:00,180.0,2.067
SIMULATION_FORCING,1013.0,0.0,73.111,0.0,SYNTHETIC,20.601,2026-04-16T21:00:00+00:00,180.0,1.85
SIMULATION_FORCING,1013.0,0.0,71.026,0.0,SYNTHETIC,19.395,2026-04-16T22:00:00+00:00,180.0,2.268
SIMULATION_FORCING,1013.0,0.0,70.176,0.0,SYNTHETIC,18.359,2026-04-16T23:00:00+00:00,180.0,1.618
SIMULATION_FORCING,1013.0,0.0,71.456,0.0,SYNTHETIC,17.704,2026-04-17T00:00:00+00:00,180.0,2.395
SIMULATION_FORCING,1013.0,0.0,71.923,0.0,SYNTHETIC,17.204,2026-04-17T01:00:00+00:00,180.0,2.178
SIMULATION_FORCING,1013.0,0.0,71.288,0.0,SYNTHETIC,17.034,2026-04-17T02:00:00+00:00,180.0,1.743
SIMULATION_FORCING,1013.0,0.0,70.175,0.0,SYNTHETIC,17.204,2026-04-17T03:00:00+00:00,180.0,2.166
SIMULATION_FORCING,1013.0,0.0,70.423,0.0,SYNTHETIC,17.704,2026-04-17T04:00:00+00:00,180.0,1.996
SIMULATION_FORCING,1013.0,0.0,70.176,0.0,SYNTHETIC,18.499,2026-04-17T05:00:00+00:00,180.0,1.602
SIMULATION_FORCING,1013.0,0.0,71.035,0.0,SYNTHETIC,19.534,2026-04-17T06:00:00+00:00,180.0,2.371
SIMULATION_FORCING,1013.0,0.0,65.458,219.996,SYNTHETIC,20.74,2026-04-17T07:00:00+00:00,180.0,2.046
SIMULATION_FORCING,1013.0,0.0,61.208,425.0,SYNTHETIC,22.034,2026-04-17T08:00:00+00:00,180.0,2.182
SIMULATION_FORCING,1013.0,0.0,60.479,601.041,SYNTHETIC,23.328,2026-04-17T09:00:00+00:00,180.0,2.116
SIMULATION_FORCING,1013.0,0.0,56.444,736.122,SYNTHETIC,24.534,2026-04-17T10:00:00+00:00,180.0,1.765
SIMULATION_FORCING,1013.0,0.0,55.005,821.037,SYNTHETIC,25.57,2026-04-17T11:00:00+00:00,180.0,1.956
SIMULATION_FORCING,1013.0,0.0,52.857,850.0,SYNTHETIC,26.364,2026-04-17T12:00:00+00:00,180.0,2.171
SIMULATION_FORCING,1013.0,0.0,53.781,821.037,SYNTHETIC,26.864,2026-04-17T13:00:00+00:00,180.0,1.925
SIMULATION_FORCING,1013.0,0.0,55.236,736.122,SYNTHETIC,27.034,2026-04-17T14:00:00+00:00,180.0,2.389
SIMULATION_FORCING,1013.0,0.0,57.63,601.041,SYNTHETIC,26.864,2026-04-17T15:00:00+00:00,180.0,2.027
SIMULATION_FORCING,1013.0,0.0,61.016,425.0,SYNTHETIC,26.364,2026-04-17T16:00:00+00:00,180.0,2.151
SIMULATION_FORCING,1013.0,0.0,69.038,219.996,SYNTHETIC,25.57,2026-04-17T17:00:00+00:00,180.0,2.274
SIMULATION_FORCING,1013.0,0.0,72.204,0.0,SYNTHETIC,24.534,2026-04-17T18:00:00+00:00,180.0,2.079
SIMULATION_FORCING,1013.0,0.0,70.297,0.0,SYNTHETIC,23.328,2026-04-17T19:00:00+00:00,180.0,1.855
SIMULATION_FORCING,1013.0,0.0,70.383,0.0,SYNTHETIC,22.034,2026-04-17T20:00:00+00:00,180.0,1.546
SIMULATION_FORCING,1013.0,0.0,73.083,0.0,SYNTHETIC,20.74,2026-04-17T21:00:00+00:00,180.0,2.236
SIMULATION_FORCING,1013.0,0.0,70.76,0.0,SYNTHETIC,19.534,2026-04-17T22:00:00+00:00,180.0,2.106
SIMULATION_FORCING,1013.0,0.0,70.019,0.0,SYNTHETIC,18.499,2026-04-17T23:00:00+00:00,180.0,2.092
SIMULATION_FORCING,1013.0,0.0,73.661,0.0,SYNTHETIC,17.842,2026-04-18T00:00:00+00:00,180.0,2.386
SIMULATION_FORCING,1013.0,0.0,73.586,0.0,SYNTHETIC,17.342,2026-04-18T01:00:00+00:00,180.0,2.378
SIMULATION_FORCING,1013.0,0.0,70.497,0.0,SYNTHETIC,17.172,2026-04-18T02:00:00+00:00,180.0,2.071
SIMULATION_FORCING,1013.0,0.0,72.047,0.0,SYNTHETIC,17.342,2026-04-18T03:00:00+00:00,180.0,2.289
SIMULATION_FORCING,1013.0,0.0,71.989,0.0,SYNTHETIC,17.842,2026-04-18T04:00:00+00:00,180.0,2.15
SIMULATION_FORCING,1013.0,0.0,70.302,0.0,SYNTHETIC,18.636,2026-04-18T05:00:00+00:00,180.0,2.175
SIMULATION_FORCING,1013.0,0.0,72.462,0.0,SYNTHETIC,19.672,2026-04-18T06:00:00+00:00,180.0,2.054
SIMULATION_FORCING,1013.0,0.0,66.363,219.996,SYNTHETIC,20.878,2026-04-18T07:00:00+00:00,180.0,1.859
SIMULATION_FORCING,1013.0,0.0,62.88,425.0,SYNTHETIC,22.172,2026-04-18T08:00:00+00:00,180.0,2.052
SIMULATION_FORCING,1013.0,0.0,60.609,601.041,SYNTHETIC,23.466,2026-04-18T09:00:00+00:00,180.0,1.579
SIMULATION_FORCING,1013.0,0.0,57.804,736.122,SYNTHETIC,24.672,2026-04-18T10:00:00+00:00,180.0,1.943
SIMULATION_FORCING,1013.0,0.0,55.037,821.037,SYNTHETIC,25.707,2026-04-18T11:00:00+00:00,180.0,2.086
SIMULATION_FORCING,1013.0,0.0,52.749,850.0,SYNTHETIC,26.502,2026-04-18T12:00:00+00:00,180.0,2.312
SIMULATION_FORCING,1013.0,0.0,55.65,821.037,SYNTHETIC,27.002,2026-04-18T13:00:00+00:00,180.0,2.158
SIMULATION_FORCING,1013.0,0.0,58.327,736.122,SYNTHETIC,27.172,2026-04-18T14:00:00+00:00,180.0,1.904
SIMULATION_FORCING,1013.0,0.0,60.902,601.041,SYNTHETIC,27.002,2026-04-18T15:00:00+00:00,180.0,2.375
SIMULATION_FORCING,1013.0,0.0,63.106,425.0,SYNTHETIC,26.502,2026-04-18T16:00:00+00:00,180.0,2.001
SIMULATION_FORCING,1013.0,0.0,66.164,219.996,SYNTHETIC,25.707,2026-04-18T17:00:00+00:00,180.0,2.0
SIMULATION_FORCING,1013.0,0.0,70.695,0.0,SYNTHETIC,24.672,2026-04-18T18:00:00+00:00,180.0,2.391
SIMULATION_FORCING,1013.0,0.0,72.299,0.0,SYNTHETIC,23.466,2026-04-18T19:00:00+00:00,180.0,2.247
SIMULATION_FORCING,1013.0,0.0,72.162,0.0,SYNTHETIC,22.172,2026-04-18T20:00:00+00:00,180.0,1.986
SIMULATION_FORCING,1013.0,0.0,73.003,0.0,SYNTHETIC,20.878,2026-04-18T21:00:00+00:00,180.0,2.293
SIMULATION_FORCING,1013.0,0.0,70.176,0.0,SYNTHETIC,19.672,2026-04-18T22:00:00+00:00,180.0,1.559
SIMULATION_FORCING,1013.0,0.0,73.967,0.0,SYNTHETIC,18.636,2026-04-18T23:00:00+00:00,180.0,2.39
SIMULATION_FORCING,1013.0,0.0,70.92,0.0,SYNTHETIC,17.978,2026-04-19T00:00:00+00:00,180.0,1.97
SIMULATION_FORCING,1013.0,0.0,71.247,0.0,SYNTHETIC,17.479,2026-04-19T01:00:00+00:00,180.0,2.312
SIMULATION_FORCING,1013.0,0.0,73.536,0.0,SYNTHETIC,17.309,2026-04-19T02:00:00+00:00,180.0,1.519
SIMULATION_FORCING,1013.0,0.0,73.173,0.0,SYNTHETIC,17.479,2026-04-19T03:00:00+00:00,180.0,2.426
SIMULATION_FORCING,1013.0,0.0,72.596,0.0,SYNTHETIC,17.978,2026-04-19T04:00:00+00:00,180.0,2.22
SIMULATION_FORCING,1013.0,0.0,73.663,0.0,SYNTHETIC,18.773,2026-04-19T05:00:00+00:00,180.0,1.887
SIMULATION_FORCING,1013.0,0.0,70.361,0.0,SYNTHETIC,19.809,2026-04-19T06:00:00+00:00,180.0,2.409
SIMULATION_FORCING,1013.0,0.0,67.327,219.996,SYNTHETIC,21.015,2026-04-19T07:00:00+00:00,180.0,1.624
SIMULATION_FORCING,1013.0,0.0,62.878,425.0,SYNTHETIC,22.309,2026-04-19T08:00:00+00:00,180.0,2.467
SIMULATION_FORCING,1013.0,0.0,59.434,601.041,SYNTHETIC,23.603,2026-04-19T09:00:00+00:00,180.0,1.829
SIMULATION_FORCING,1013.0,0.0,56.726,736.122,SYNTHETIC,24.809,2026-04-19T10:00:00+00:00,180.0,1.572
SIMULATION_FORCING,1013.0,0.0,56.452,821.037,SYNTHETIC,25.844,2026-04-19T11:00:00+00:00,180.0,1.773
SIMULATION_FORCING,1013.0,0.0,52.673,850.0,SYNTHETIC,26.639,2026-04-19T12:00:00+00:00,180.0,2.014
SIMULATION_FORCING,1013.0,0.0,55.199,821.037,SYNTHETIC,27.138,2026-04-19T13:00:00+00:00,180.0,2.146
SIMULATION_FORCING,1013.0,0.0,58.344,736.122,SYNTHETIC,27.309,2026-04-19T14:00:00+00:00,180.0,1.906
SIMULATION_FORCING,1013.0,0.0,58.669,601.041,SYNTHETIC,27.138,2026-04-19T15:00:00+00:00,180.0,2.038
SIMULATION_FORCING,1013.0,0.0,63.147,425.0,SYNTHETIC,26.639,2026-04-19T16:00:00+00:00,180.0,1.708
SIMULATION_FORCING,1013.0,0.0,66.251,219.996,SYNTHETIC,25.844,2026-04-19T17:00:00+00:00,180.0,1.505
SIMULATION_FORCING,1013.0,0.0,73.296,0.0,SYNTHETIC,24.809,2026-04-19T18:00:00+00:00,180.0,2.102
SIMULATION_FORCING,1013.0,0.0,73.976,0.0,SYNTHETIC,23.603,2026-04-19T19:00:00+00:00,180.0,1.937
SIMULATION_FORCING,1013.0,0.0,71.236,0.0,SYNTHETIC,22.309,2026-04-19T20:00:00+00:00,180.0,2.495
SIMULATION_FORCING,1013.0,0.0,70.591,0.0,SYNTHETIC,21.015,2026-04-19T21:00:00+00:00,180.0,1.529
SIMULATION_FORCING,1013.0,0.0,70.476,0.0,SYNTHETIC,19.809,2026-04-19T22:00:00+00:00,180.0,2.117
SIMULATION_FORCING,1013.0,0.0,70.037,0.0,SYNTHETIC,18.773,2026-04-19T23:00:00+00:00,180.0,2.335
SIMULATION_FORCING,1013.0,0.0,71.945,0.0,SYNTHETIC,18.114,2026-04-20T00:00:00+00:00,180.0,1.878
SIMULATION_FORCING,1013.0,0.0,71.724,0.0,SYNTHETIC,17.614,2026-04-20T01:00:00+00:00,180.0,1.964
SIMULATION_FORCING,1013.0,0.0,73.927,0.0,SYNTHETIC,17.444,2026-04-20T02:00:00+00:00,180.0,2.215
SIMULATION_FORCING,1013.0,0.0,72.092,0.0,SYNTHETIC,17.614,2026-04-20T03:00:00+00:00,180.0,1.54
SIMULATION_FORCING,1013.0,0.0,73.704,0.0,SYNTHETIC,18.114,2026-04-20T04:00:00+00:00,180.0,2.222
SIMULATION_FORCING,1013.0,0.0,73.727,0.0,SYNTHETIC,18.908,2026-04-20T05:00:00+00:00,180.0,1.644
SIMULATION_FORCING,1013.0,0.0,71.839,0.0,SYNTHETIC,19.944,2026-04-20T06:00:00+00:00,180.0,2.316
SIMULATION_FORCING,1013.0,0.0,67.055,219.996,SYNTHETIC,21.15,2026-04-20T07:00:00+00:00,180.0,2.362
SIMULATION_FORCING,1013.0,0.0,63.646,425.0,SYNTHETIC,22.444,2026-04-20T08:00:00+00:00,180.0,2.088
SIMULATION_FORCING,1013.0,0.0,57.813,601.041,SYNTHETIC,23.738,2026-04-20T09:00:00+00:00,180.0,1.763
SIMULATION_FORCING,1013.0,0.0,55.521,736.122,SYNTHETIC,24.944,2026-04-20T10:00:00+00:00,180.0,2.136
SIMULATION_FORCING,1013.0,0.0,55.901,821.037,SYNTHETIC,25.98,2026-04-20T11:00:00+00:00,180.0,1.883
SIMULATION_FORCING,1013.0,0.0,52.196,850.0,SYNTHETIC,26.774,2026-04-20T12:00:00+00:00,180.0,1.985
SIMULATION_FORCING,1013.0,0.0,54.375,821.037,SYNTHETIC,27.274,2026-04-20T13:00:00+00:00,180.0,1.791
SIMULATION_FORCING,1013.0,0.0,56.267,736.122,SYNTHETIC,27.444,2026-04-20T14:00:00+00:00,180.0,1.825
SIMULATION_FORCING,1013.0,0.0,59.734,601.041,SYNTHETIC,27.274,2026-04-20T15:00:00+00:00,180.0,2.475
SIMULATION_FORCING,1013.0,0.0,63.959,425.0,SYNTHETIC,26.774,2026-04-20T16:00:00+00:00,180.0,2.382
SIMULATION_FORCING,1013.0,0.0,66.292,219.996,SYNTHETIC,25.98,2026-04-20T17:00:00+00:00,180.0,2.31
SIMULATION_FORCING,1013.0,0.0,70.743,0.0,SYNTHETIC,24.944,2026-04-20T18:00:00+00:00,180.0,1.946
SIMULATION_FORCING,1013.0,0.0,73.533,0.0,SYNTHETIC,23.738,2026-04-20T19:00:00+00:00,180.0,1.559
SIMULATION_FORCING,1013.0,0.0,70.756,0.0,SYNTHETIC,22.444,2026-04-20T20:00:00+00:00,180.0,2.392
SIMULATION_FORCING,1013.0,0.0,72.039,0.0,SYNTHETIC,21.15,2026-04-20T21:00:00+00:00,180.0,2.5
SIMULATION_FORCING,1013.0,0.0,70.339,0.0,SYNTHETIC,19.944,2026-04-20T22:00:00+00:00,180.0,1.79
SIMULATION_FORCING,1013.0,0.0,73.486,0.0,SYNTHETIC,18.908,2026-04-20T23:00:00+00:00,180.0,1.585
SIMULATION_FORCING,1013.0,0.0,70.586,0.0,SYNTHETIC,18.248,2026-04-21T00:00:00+00:00,180.0,2.461
SIMULATION_FORCING,1013.0,0.0,71.016,0.0,SYNTHETIC,17.748,2026-04-21T01:00:00+00:00,180.0,2.018
SIMULATION_FORCING,1013.0,0.0,71.487,0.0,SYNTHETIC,17.578,2026-04-21T02:00:00+00:00,180.0,1.704
SIMULATION_FORCING,1013.0,0.0,73.133,0.0,SYNTHETIC,17.748,2026-04-21T03:00:00+00:00,180.0,1.625
SIMULATION_FORCING,1013.0,0.0,70.332,0.0,SYNTHETIC,18.248,2026-04-21T04:00:00+00:00,180.0,2.108
SIMULATION_FORCING,1013.0,0.0,71.933,0.0,SYNTHETIC,19.043,2026-04-21T05:00:00+00:00,180.0,2.183
SIMULATION_FORCING,1013.0,0.0,70.012,0.0,SYNTHETIC,20.078,2026-04-21T06:00:00+00:00,180.0,2.019
SIMULATION_FORCING,1013.0,0.0,66.989,219.996,SYNTHETIC,21.284,2026-04-21T07:00:00+00:00,180.0,1.597
SIMULATION_FORCING,1013.0,0.0,61.02,425.0,SYNTHETIC,22.578,2026-04-21T08:00:00+00:00,180.0,1.505
SIMULATION_FORCING,1013.0,0.0,57.578,601.041,SYNTHETIC,23.872,2026-04-21T09:00:00+00:00,180.0,1.661
SIMULATION_FORCING,1013.0,0.0,57.743,736.122,SYNTHETIC,25.078,2026-04-21T10:00:00+00:00,180.0,1.944
SIMULATION_FORCING,1013.0,0.0,56.249,821.037,SYNTHETIC,26.114,2026-04-21T11:00:00+00:00,180.0,1.592
SIMULATION_FORCING,1013.0,0.0,54.382,850.0,SYNTHETIC,26.908,2026-04-21T12:00:00+00:00,180.0,1.974
SIMULATION_FORCING,1013.0,0.0,55.693,821.037,SYNTHETIC,27.408,2026-04-21T13:00:00+00:00,180.0,1.644
SIMULATION_FORCING,1013.0,0.0,57.446,736.122,SYNTHETIC,27.578,2026-04-21T14:00:00+00:00,180.0,1.642
SIMULATION_FORCING,1013.0,0.0,60.285,601.041,SYNTHETIC,27.408,2026-04-21T15:00:00+00:00,180.0,1.974
SIMULATION_FORCING,1013.0,0.0,64.128,425.0,SYNTHETIC,26.908,2026-04-21T16:00:00+00:00,180.0,1.798
SIMULATION_FORCING,1013.0,0.0,67.32,219.996,SYNTHETIC,26.114,2026-04-21T17:00:00+00:00,180.0,1.89
SIMULATION_FORCING,1013.0,0.0,73.049,0.0,SYNTHETIC,25.078,2026-04-21T18:00:00+00:00,180.0,1.883
SIMULATION_FORCING,1013.0,0.0,73.58,0.0,SYNTHETIC,23.872,2026-04-21T19:00:00+00:00,180.0,2.497
SIMULATION_FORCING,1013.0,0.0,72.5,0.0,SYNTHETIC,22.578,2026-04-21T20:00:00+00:00,180.0,1.845
SIMULATION_FORCING,1013.0,0.0,71.333,0.0,SYNTHETIC,21.284,2026-04-21T21:00:00+00:00,180.0,1.593
SIMULATION_FORCING,1013.0,0.0,73.19,0.0,SYNTHETIC,20.078,2026-04-21T22:00:00+00:00,180.0,1.808
SIMULATION_FORCING,1013.0,0.0,73.75,0.0,SYNTHETIC,19.043,2026-04-21T23:00:00+00:00,180.0,2.371
SIMULATION_FORCING,1013.0,0.0,70.293,0.0,SYNTHETIC,18.381,2026-04-22T00:00:00+00:00,180.0,1.941
SIMULATION_FORCING,1013.0,0.0,73.042,0.0,SYNTHETIC,17.881,2026-04-22T01:00:00+00:00,180.0,1.987
SIMULATION_FORCING,1013.0,0.0,71.505,0.0,SYNTHETIC,17.711,2026-04-22T02:00:00+00:00,180.0,1.827
SIMULATION_FORCING,1013.0,0.0,71.377,0.0,SYNTHETIC,17.881,2026-04-22T03:00:00+00:00,180.0,2.419
SIMULATION_FORCING,1013.0,0.0,71.112,0.0,SYNTHETIC,18.381,2026-04-22T04:00:00+00:00,180.0,2.143
SIMULATION_FORCING,1013.0,0.0,70.58,0.0,SYNTHETIC,19.175,2026-04-22T05:00:00+00:00,180.0,1.992
SIMULATION_FORCING,1013.0,0.0,70.802,0.0,SYNTHETIC,20.211,2026-04-22T06:00:00+00:00,180.0,2.266
SIMULATION_FORCING,1013.0,0.0,65.446,219.996,SYNTHETIC,21.417,2026-04-22T07:00:00+00:00,180.0,1.964
SIMULATION_FORCING,1013.0,0.0,64.701,425.0,SYNTHETIC,22.711,2026-04-22T08:00:00+00:00,180.0,1.514
SIMULATION_FORCING,1013.0,0.0,61.165,601.041,SYNTHETIC,24.005,2026-04-22T09:00:00+00:00,180.0,2.4
SIMULATION_FORCING,1013.0,0.0,58.185,736.122,SYNTHETIC,25.211,2026-04-22T10:00:00+00:00,180.0,2.078
SIMULATION_FORCING,1013.0,0.0,54.099,821.037,SYNTHETIC,26.246,2026-04-22T11:00:00+00:00,180.0,2.455
SIMULATION_FORCING,1013.0,0.0,54.03,850.0,SYNTHETIC,27.041,2026-04-22T12:00:00+00:00,180.0,1.869
SIMULATION_FORCING,1013.0,0.0,54.723,821.037,SYNTHETIC,27.54,2026-04-22T13:00:00+00:00,180.0,2.35
SIMULATION_FORCING,1013.0,0.0,56.449,736.122,SYNTHETIC,27.711,2026-04-22T14:00:00+00:00,180.0,2.303
SIMULATION_FORCING,1013.0,0.0,59.272,601.041,SYNTHETIC,27.54,2026-04-22T15:00:00+00:00,180.0,2.444
SIMULATION_FORCING,1013.0,0.0,62.41,425.0,SYNTHETIC,27.041,2026-04-22T16:00:00+00:00,180.0,2.08
SIMULATION_FORCING,1013.0,0.0,66.117,219.996,SYNTHETIC,26.246,2026-04-22T17:00:00+00:00,180.0,2.092
SIMULATION_FORCING,1013.0,0.0,73.959,0.0,SYNTHETIC,25.211,2026-04-22T18:00:00+00:00,180.0,1.824
SIMULATION_FORCING,1013.0,0.0,72.763,0.0,SYNTHETIC,24.005,2026-04-22T19:00:00+00:00,180.0,2.122
SIMULATION_FORCING,1013.0,0.0,72.131,0.0,SYNTHETIC,22.711,2026-04-22T20:00:00+00:00,180.0,2.325
SIMULATION_FORCING,1013.0,0.0,71.494,0.0,SYNTHETIC,21.417,2026-04-22T21:00:00+00:00,180.0,1.549
SIMULATION_FORCING,1013.0,0.0,71.835,0.0,SYNTHETIC,20.211,2026-04-22T22:00:00+00:00,180.0,1.88
SIMULATION_FORCING,1013.0,0.0,73.015,0.0,SYNTHETIC,19.175,2026-04-22T23:00:00+00:00,180.0,1.836
SIMULATION_FORCING,1013.0,0.0,73.685,0.0,SYNTHETIC,18.512,2026-04-23T00:00:00+00:00,180.0,1.984
SIMULATION_FORCING,1013.0,0.0,71.492,0.0,SYNTHETIC,18.012,2026-04-23T01:00:00+00:00,180.0,2.204
SIMULATION_FORCING,1013.0,0.0,71.873,0.0,SYNTHETIC,17.842,2026-04-23T02:00:00+00:00,180.0,2.102
SIMULATION_FORCING,1013.0,0.0,71.045,0.0,SYNTHETIC,18.012,2026-04-23T03:00:00+00:00,180.0,2.303
SIMULATION_FORCING,1013.0,0.0,73.437,0.0,SYNTHETIC,18.512,2026-04-23T04:00:00+00:00,180.0,2.365
SIMULATION_FORCING,1013.0,0.0,71.791,0.0,SYNTHETIC,19.307,2026-04-23T05:00:00+00:00,180.0,1.856
SIMULATION_FORCING,1013.0,0.0,70.053,0.0,SYNTHETIC,20.342,2026-04-23T06:00:00+00:00,180.0,1.887
SIMULATION_FORCING,1013.0,0.0,65.868,219.996,SYNTHETIC,21.548,2026-04-23T07:00:00+00:00,180.0,1.859
SIMULATION_FORCING,1013.0,0.0,64.366,425.0,SYNTHETIC,22.842,2026-04-23T08:00:00+00:00,180.0,2.174
SIMULATION_FORCING,1013.0,0.0,58.061,601.041,SYNTHETIC,24.136,2026-04-23T09:00:00+00:00,180.0,1.531
SIMULATION_FORCING,1013.0,0.0,57.655,736.122,SYNTHETIC,25.342,2026-04-23T10:00:00+00:00,180.0,2.497
SIMULATION_FORCING,1013.0,0.0,53.338,821.037,SYNTHETIC,26.378,2026-04-23T11:00:00+00:00,180.0,1.746
SIMULATION_FORCING,1013.0,0.0,52.191,850.0,SYNTHETIC,27.172,2026-04-23T12:00:00+00:00,180.0,2.297
SIMULATION_FORCING,1013.0,0.0,53.643,821.037,SYNTHETIC,27.672,2026-04-23T13:00:00+00:00,180.0,2.182
SIMULATION_FORCING,1013.0,0.0,55.034,736.122,SYNTHETIC,27.842,2026-04-23T14:00:00+00:00,180.0,2.286
SIMULATION_FORCING,1013.0,0.0,59.789,601.041,SYNTHETIC,27.672,2026-04-23T15:00:00+00:00,180.0,2.099
SIMULATION_FORCING,1013.0,0.0,62.134,425.0,SYNTHETIC,27.172,2026-04-23T16:00:00+00:00,180.0,1.988
SIMULATION_FORCING,1013.0,0.0,66.034,219.996,SYNTHETIC,26.378,2026-04-23T17:00:00+00:00,180.0,2.31
SIMULATION_FORCING,1013.0,0.0,70.487,0.0,SYNTHETIC,25.342,2026-04-23T18:00:00+00:00,180.0,2.024
SIMULATION_FORCING,1013.0,0.0,73.621,0.0,SYNTHETIC,24.136,2026-04-23T19:00:00+00:00,180.0,1.93
SIMULATION_FORCING,1013.0,0.0,70.602,0.0,SYNTHETIC,22.842,2026-04-23T20:00:00+00:00,180.0,2.236
SIMULATION_FORCING,1013.0,0.0,70.757,0.0,SYNTHETIC,21.548,2026-04-23T21:00:00+00:00,180.0,2.344
SIMULATION_FORCING,1013.0,0.0,71.161,0.0,SYNTHETIC,20.342,2026-04-23T22:00:00+00:00,180.0,2.027
SIMULATION_FORCING,1013.0,0.0,70.828,0.0,SYNTHETIC,19.307,2026-04-23T23:00:00+00:00,180.0,1.635
SIMULATION_FORCING,1013.0,0.0,73.699,0.0,SYNTHETIC,18.642,2026-04-24T00:00:00+00:00,180.0,1.848
SIMULATION_FORCING,1013.0,0.0,71.679,0.0,SYNTHETIC,18.142,2026-04-24T01:00:00+00:00,180.0,2.394
SIMULATION_FORCING,1013.0,0.0,73.385,0.0,SYNTHETIC,17.972,2026-04-24T02:00:00+00:00,180.0,1.957
SIMULATION_FORCING,1013.0,0.0,70.859,0.0,SYNTHETIC,18.142,2026-04-24T03:00:00+00:00,180.0,2.206
SIMULATION_FORCING,1013.0,0.0,71.394,0.0,SYNTHETIC,18.642,2026-04-24T04:00:00+00:00,180.0,2.287
SIMULATION_FORCING,1013.0,0.0,72.138,0.0,SYNTHETIC,19.436,2026-04-24T05:00:00+00:00,180.0,1.58
SIMULATION_FORCING,1013.0,0.0,71.017,0.0,SYNTHETIC,20.472,2026-04-24T06:00:00+00:00,180.0,2.166
SIMULATION_FORCING,1013.0,0.0,69.073,219.996,SYNTHETIC,21.678,2026-04-24T07:00:00+00:00,180.0,1.754
SIMULATION_FORCING,1013.0,0.0,63.314,425.0,SYNTHETIC,22.972,2026-04-24T08:00:00+00:00,180.0,2.195
SIMULATION_FORCING,1013.0,0.0,60.328,601.041,SYNTHETIC,24.266,2026-04-24T09:00:00+00:00,180.0,1.7
SIMULATION_FORCING,1013.0,0.0,58.094,736.122,SYNTHETIC,25.472,2026-04-24T10:00:00+00:00,180.0,2.288
SIMULATION_FORCING,1013.0,0.0,56.177,821.037,SYNTHETIC,26.507,2026-04-24T11:00:00+00:00,180.0,1.91
SIMULATION_FORCING,1013.0,0.0,55.777,850.0,SYNTHETIC,27.302,2026-04-24T12:00:00+00:00,180.0,2.346
SIMULATION_FORCING,1013.0,0.0,56.282,821.037,SYNTHETIC,27.802,2026-04-24T13:00:00+00:00,180.0,2.337
SIMULATION_FORCING,1013.0,0.0,57.018,736.122,SYNTHETIC,27.972,2026-04-24T14:00:00+00:00,180.0,1.59
SIMULATION_FORCING,1013.0,0.0,59.785,601.041,SYNTHETIC,27.802,2026-04-24T15:00:00+00:00,180.0,2.058
SIMULATION_FORCING,1013.0,0.0,61.29,425.0,SYNTHETIC,27.302,2026-04-24T16:00:00+00:00,180.0,1.913
SIMULATION_FORCING,1013.0,0.0,68.167,219.996,SYNTHETIC,26.507,2026-04-24T17:00:00+00:00,180.0,2.071
SIMULATION_FORCING,1013.0,0.0,73.408,0.0,SYNTHETIC,25.472,2026-04-24T18:00:00+00:00,180.0,1.597
SIMULATION_FORCING,1013.0,0.0,70.448,0.0,SYNTHETIC,24.266,2026-04-24T19:00:00+00:00,180.0,1.829
SIMULATION_FORCING,1013.0,0.0,71.534,0.0,SYNTHETIC,22.972,2026-04-24T20:00:00+00:00,180.0,1.776
SIMULATION_FORCING,1013.0,0.0,73.437,0.0,SYNTHETIC,21.678,2026-04-24T21:00:00+00:00,180.0,1.9
SIMULATION_FORCING,1013.0,0.0,70.666,0.0,SYNTHETIC,20.472,2026-04-24T22:00:00+00:00,180.0,1.677
SIMULATION_FORCING,1013.0,0.0,72.389,0.0,SYNTHETIC,19.436,2026-04-24T23:00:00+00:00,180.0,1.74
SIMULATION_FORCING,1013.0,0.0,70.484,0.0,SYNTHETIC,18.77,2026-04-25T00:00:00+00:00,180.0,2.374
SIMULATION_FORCING,1013.0,0.0,70.653,0.0,SYNTHETIC,18.271,2026-04-25T01:00:00+00:00,180.0,1.913
SIMULATION_FORCING,1013.0,0.0,71.247,0.0,SYNTHETIC,18.1,2026-04-25T02:00:00+00:00,180.0,1.815
SIMULATION_FORCING,1013.0,0.0,71.019,0.0,SYNTHETIC,18.271,2026-04-25T03:00:00+00:00,180.0,1.516
SIMULATION_FORCING,1013.0,0.0,71.492,0.0,SYNTHETIC,18.77,2026-04-25T04:00:00+00:00,180.0,1.912
SIMULATION_FORCING,1013.0,0.0,70.005,0.0,SYNTHETIC,19.565,2026-04-25T05:00:00+00:00,180.0,2.095
SIMULATION_FORCING,1013.0,0.0,72.215,0.0,SYNTHETIC,20.6,2026-04-25T06:00:00+00:00,180.0,1.613
SIMULATION_FORCING,1013.0,0.0,65.659,219.996,SYNTHETIC,21.806,2026-04-25T07:00:00+00:00,180.0,2.156
SIMULATION_FORCING,1013.0,0.0,61.555,425.0,SYNTHETIC,23.1,2026-04-25T08:00:00+00:00,180.0,1.869
SIMULATION_FORCING,1013.0,0.0,59.769,601.041,SYNTHETIC,24.394,2026-04-25T09:00:00+00:00,180.0,2.377
SIMULATION_FORCING,1013.0,0.0,58.267,736.122,SYNTHETIC,25.6,2026-04-25T10:00:00+00:00,180.0,2.266
SIMULATION_FORCING,1013.0,0.0,52.665,821.037,SYNTHETIC,26.636,2026-04-25T11:00:00+00:00,180.0,2.201
SIMULATION_FORCING,1013.0,0.0,53.39,850.0,SYNTHETIC,27.43,2026-04-25T12:00:00+00:00,180.0,2.15
SIMULATION_FORCING,1013.0,0.0,56.376,821.037,SYNTHETIC,27.93,2026-04-25T13:00:00+00:00,180.0,2.29
SIMULATION_FORCING,1013.0,0.0,56.033,736.122,SYNTHETIC,28.1,2026-04-25T14:00:00+00:00,180.0,1.69
SIMULATION_FORCING,1013.0,0.0,58.039,601.041,SYNTHETIC,27.93,2026-04-25T15:00:00+00:00,180.0,2.172
SIMULATION_FORCING,1013.0,0.0,62.514,425.0,SYNTHETIC,27.43,2026-04-25T16:00:00+00:00,180.0,1.837
SIMULATION_FORCING,1013.0,0.0,65.788,219.996,SYNTHETIC,26.636,2026-04-25T17:00:00+00:00,180.0,1.713
SIMULATION_FORCING,1013.0,0.0,70.135,0.0,SYNTHETIC,25.6,2026-04-25T18:00:00+00:00,180.0,1.924
SIMULATION_FORCING,1013.0,0.0,71.863,0.0,SYNTHETIC,24.394,2026-04-25T19:00:00+00:00,180.0,2.357
SIMULATION_FORCING,1013.0,0.0,72.367,0.0,SYNTHETIC,23.1,2026-04-25T20:00:00+00:00,180.0,2.106
SIMULATION_FORCING,1013.0,0.0,71.679,0.0,SYNTHETIC,21.806,2026-04-25T21:00:00+00:00,180.0,1.99
SIMULATION_FORCING,1013.0,0.0,73.626,0.0,SYNTHETIC,20.6,2026-04-25T22:00:00+00:00,180.0,1.579
SIMULATION_FORCING,1013.0,0.0,72.55,0.0,SYNTHETIC,19.565,2026-04-25T23:00:00+00:00,180.0,2.5
SIMULATION_FORCING,1013.0,0.0,70.472,0.0,SYNTHETIC,18.897,2026-04-26T00:00:00+00:00,180.0,2.387
SIMULATION_FORCING,1013.0,0.0,72.833,0.0,SYNTHETIC,18.398,2026-04-26T01:00:00+00:00,180.0,1.996
SIMULATION_FORCING,1013.0,0.0,70.797,0.0,SYNTHETIC,18.227,2026-04-26T02:00:00+00:00,180.0,2.218
SIMULATION_FORCING,1013.0,0.0,71.935,0.0,SYNTHETIC,18.398,2026-04-26T03:00:00+00:00,180.0,2.218
SIMULATION_FORCING,1013.0,0.0,70.858,0.0,SYNTHETIC,18.897,2026-04-26T04:00:00+00:00,180.0,2.442
SIMULATION_FORCING,1013.0,0.0,72.449,0.0,SYNTHETIC,19.692,2026-04-26T05:00:00+00:00,180.0,2.135
SIMULATION_FORCING,1013.0,0.0,72.908,0.0,SYNTHETIC,20.727,2026-04-26T06:00:00+00:00,180.0,2.196
SIMULATION_FORCING,1013.0,0.0,66.347,219.996,SYNTHETIC,21.933,2026-04-26T07:00:00+00:00,180.0,1.698
SIMULATION_FORCING,1013.0,0.0,62.22,425.0,SYNTHETIC,23.227,2026-04-26T08:00:00+00:00,180.0,2.216
SIMULATION_FORCING,1013.0,0.0,60.067,601.041,SYNTHETIC,24.521,2026-04-26T09:00:00+00:00,180.0,1.942
SIMULATION_FORCING,1013.0,0.0,54.995,736.122,SYNTHETIC,25.727,2026-04-26T10:00:00+00:00,180.0,1.689
SIMULATION_FORCING,1013.0,0.0,54.946,821.037,SYNTHETIC,26.763,2026-04-26T11:00:00+00:00,180.0,1.79
SIMULATION_FORCING,1013.0,0.0,54.702,850.0,SYNTHETIC,27.557,2026-04-26T12:00:00+00:00,180.0,1.847
SIMULATION_FORCING,1013.0,0.0,52.881,821.037,SYNTHETIC,28.057,2026-04-26T13:00:00+00:00,180.0,2.063
SIMULATION_FORCING,1013.0,0.0,57.39,736.122,SYNTHETIC,28.227,2026-04-26T14:00:00+00:00,180.0,1.536
SIMULATION_FORCING,1013.0,0.0,60.963,601.041,SYNTHETIC,28.057,2026-04-26T15:00:00+00:00,180.0,2.138
SIMULATION_FORCING,1013.0,0.0,62.422,425.0,SYNTHETIC,27.557,2026-04-26T16:00:00+00:00,180.0,2.375
SIMULATION_FORCING,1013.0,0.0,66.362,219.996,SYNTHETIC,26.763,2026-04-26T17:00:00+00:00,180.0,2.398
SIMULATION_FORCING,1013.0,0.0,71.894,0.0,SYNTHETIC,25.727,2026-04-26T18:00:00+00:00,180.0,1.939
SIMULATION_FORCING,1013.0,0.0,70.799,0.0,SYNTHETIC,24.521,2026-04-26T19:00:00+00:00,180.0,2.467
SIMULATION_FORCING,1013.0,0.0,72.87,0.0,SYNTHETIC,23.227,2026-04-26T20:00:00+00:00,180.0,2.441
SIMULATION_FORCING,1013.0,0.0,70.653,0.0,SYNTHETIC,21.933,2026-04-26T21:00:00+00:00,180.0,2.22
SIMULATION_FORCING,1013.0,0.0,70.433,0.0,SYNTHETIC,20.727,2026-04-26T22:00:00+00:00,180.0,2.398
SIMULATION_FORCING,1013.0,0.0,71.169,0.0,SYNTHETIC,19.692,2026-04-26T23:00:00+00:00,180.0,2.384
SIMULATION_FORCING,1013.0,0.0,72.018,0.0,SYNTHETIC,19.022,2026-04-27T00:00:00+00:00,180.0,1.641
SIMULATION_FORCING,1013.0,0.0,71.633,0.0,SYNTHETIC,18.523,2026-04-27T01:00:00+00:00,180.0,1.578
SIMULATION_FORCING,1013.0,0.0,72.955,0.0,SYNTHETIC,18.353,2026-04-27T02:00:00+00:00,180.0,2.427
SIMULATION_FORCING,1013.0,0.0,70.3,0.0,SYNTHETIC,18.523,2026-04-27T03:00:00+00:00,180.0,2.27
SIMULATION_FORCING,1013.0,0.0,73.45,0.0,SYNTHETIC,19.022,2026-04-27T04:00:00+00:00,180.0,1.744
SIMULATION_FORCING,1013.0,0.0,73.918,0.0,SYNTHETIC,19.817,2026-04-27T05:00:00+00:00,180.0,1.588
SIMULATION_FORCING,1013.0,0.0,73.016,0.0,SYNTHETIC,20.853,2026-04-27T06:00:00+00:00,180.0,1.828
SIMULATION_FORCING,1013.0,0.0,69.273,219.996,SYNTHETIC,22.058,2026-04-27T07:00:00+00:00,180.0,2.312
SIMULATION_FORCING,1013.0,0.0,63.729,425.0,SYNTHETIC,23.353,2026-04-27T08:00:00+00:00,180.0,1.578
SIMULATION_FORCING,1013.0,0.0,60.957,601.041,SYNTHETIC,24.647,2026-04-27T09:00:00+00:00,180.0,2.318
SIMULATION_FORCING,1013.0,0.0,57.523,736.122,SYNTHETIC,25.853,2026-04-27T10:00:00+00:00,180.0,1.844
SIMULATION_FORCING,1013.0,0.0,54.75,821.037,SYNTHETIC,26.888,2026-04-27T11:00:00+00:00,180.0,2.393
SIMULATION_FORCING,1013.0,0.0,53.945,850.0,SYNTHETIC,27.683,2026-04-27T12:00:00+00:00,180.0,2.49
SIMULATION_FORCING,1013.0,0.0,53.712,821.037,SYNTHETIC,28.182,2026-04-27T13:00:00+00:00,180.0,2.021
SIMULATION_FORCING,1013.0,0.0,57.691,736.122,SYNTHETIC,28.353,2026-04-27T14:00:00+00:00,180.0,1.786
SIMULATION_FORCING,1013.0,0.0,58.174,601.041,SYNTHETIC,28.182,2026-04-27T15:00:00+00:00,180.0,1.715
SIMULATION_FORCING,1013.0,0.0,62.021,425.0,SYNTHETIC,27.683,2026-04-27T16:00:00+00:00,180.0,2.101
SIMULATION_FORCING,1013.0,0.0,66.517,219.996,SYNTHETIC,26.888,2026-04-27T17:00:00+00:00,180.0,2.486
SIMULATION_FORCING,1013.0,0.0,70.295,0.0,SYNTHETIC,25.853,2026-04-27T18:00:00+00:00,180.0,1.95
SIMULATION_FORCING,1013.0,0.0,70.331,0.0,SYNTHETIC,24.647,2026-04-27T19:00:00+00:00,180.0,1.979
SIMULATION_FORCING,1013.0,0.0,72.28,0.0,SYNTHETIC,23.353,2026-04-27T20:00:00+00:00,180.0,1.769
SIMULATION_FORCING,1013.0,0.0,72.681,0.0,SYNTHETIC,22.058,2026-04-27T21:00:00+00:00,180.0,2.087
SIMULATION_FORCING,1013.0,0.0,73.783,0.0,SYNTHETIC,20.853,2026-04-27T22:00:00+00:00,180.0,2.171
SIMULATION_FORCING,1013.0,0.0,73.776,0.0,SYNTHETIC,19.817,2026-04-27T23:00:00+00:00,180.0,1.517
SIMULATION_FORCING,1013.0,0.0,70.318,0.0,SYNTHETIC,19.146,2026-04-28T00:00:00+00:00,180.0,2.327
SIMULATION_FORCING,1013.0,0.0,71.618,0.0,SYNTHETIC,18.647,2026-04-28T01:00:00+00:00,180.0,1.802
SIMULATION_FORCING,1013.0,0.0,70.558,0.0,SYNTHETIC,18.476,2026-04-28T02:00:00+00:00,180.0,2.307
SIMULATION_FORCING,1013.0,0.0,70.026,0.0,SYNTHETIC,18.647,2026-04-28T03:00:00+00:00,180.0,2.256
SIMULATION_FORCING,1013.0,0.0,71.604,0.0,SYNTHETIC,19.146,2026-04-28T04:00:00+00:00,180.0,2.004
SIMULATION_FORCING,1013.0,0.0,71.453,0.0,SYNTHETIC,19.941,2026-04-28T05:00:00+00:00,180.0,2.307
SIMULATION_FORCING,1013.0,0.0,71.069,0.0,SYNTHETIC,20.976,2026-04-28T06:00:00+00:00,180.0,2.031
SIMULATION_FORCING,1013.0,0.0,68.767,219.996,SYNTHETIC,22.182,2026-04-28T07:00:00+00:00,180.0,1.603
SIMULATION_FORCING,1013.0,0.0,62.258,425.0,SYNTHETIC,23.476,2026-04-28T08:00:00+00:00,180.0,2.486
SIMULATION_FORCING,1013.0,0.0,58.434,601.041,SYNTHETIC,24.77,2026-04-28T09:00:00+00:00,180.0,2.28
SIMULATION_FORCING,1013.0,0.0,57.867,736.122,SYNTHETIC,25.976,2026-04-28T10:00:00+00:00,180.0,1.72
SIMULATION_FORCING,1013.0,0.0,55.319,821.037,SYNTHETIC,27.012,2026-04-28T11:00:00+00:00,180.0,2.269
SIMULATION_FORCING,1013.0,0.0,54.535,850.0,SYNTHETIC,27.806,2026-04-28T12:00:00+00:00,180.0,2.144
SIMULATION_FORCING,1013.0,0.0,54.988,821.037,SYNTHETIC,28.306,2026-04-28T13:00:00+00:00,180.0,1.704
SIMULATION_FORCING,1013.0,0.0,54.742,736.122,SYNTHETIC,28.476,2026-04-28T14:00:00+00:00,180.0,2.159
SIMULATION_FORCING,1013.0,0.0,61.162,601.041,SYNTHETIC,28.306,2026-04-28T15:00:00+00:00,180.0,1.545
SIMULATION_FORCING,1013.0,0.0,61.769,425.0,SYNTHETIC,27.806,2026-04-28T16:00:00+00:00,180.0,1.627
SIMULATION_FORCING,1013.0,0.0,66.238,219.996,SYNTHETIC,27.012,2026-04-28T17:00:00+00:00,180.0,1.959
SIMULATION_FORCING,1013.0,0.0,70.038,0.0,SYNTHETIC,25.976,2026-04-28T18:00:00+00:00,180.0,1.845
SIMULATION_FORCING,1013.0,0.0,73.502,0.0,SYNTHETIC,24.77,2026-04-28T19:00:00+00:00,180.0,1.908
SIMULATION_FORCING,1013.0,0.0,70.543,0.0,SYNTHETIC,23.476,2026-04-28T20:00:00+00:00,180.0,1.834
SIMULATION_FORCING,1013.0,0.0,73.926,0.0,SYNTHETIC,22.182,2026-04-28T21:00:00+00:00,180.0,2.481
SIMULATION_FORCING,1013.0,0.0,70.24,0.0,SYNTHETIC,20.976,2026-04-28T22:00:00+00:00,180.0,1.809
SIMULATION_FORCING,1013.0,0.0,70.822,0.0,SYNTHETIC,19.941,2026-04-28T23:00:00+00:00,180.0,2.255
SIMULATION_FORCING,1013.0,0.0,72.943,0.0,SYNTHETIC,19.268,2026-04-29T00:00:00+00:00,180.0,1.59
SIMULATION_FORCING,1013.0,0.0,71.107,0.0,SYNTHETIC,18.769,2026-04-29T01:00:00+00:00,180.0,1.901
SIMULATION_FORCING,1013.0,0.0,73.25,0.0,SYNTHETIC,18.598,2026-04-29T02:00:00+00:00,180.0,1.708
SIMULATION_FORCING,1013.0,0.0,70.85,0.0,SYNTHETIC,18.769,2026-04-29T03:00:00+00:00,180.0,2.499
SIMULATION_FORCING,1013.0,0.0,72.791,0.0,SYNTHETIC,19.268,2026-04-29T04:00:00+00:00,180.0,2.301
SIMULATION_FORCING,1013.0,0.0,71.087,0.0,SYNTHETIC,20.063,2026-04-29T05:00:00+00:00,180.0,1.578
SIMULATION_FORCING,1013.0,0.0,73.538,0.0,SYNTHETIC,21.098,2026-04-29T06:00:00+00:00,180.0,2.425
SIMULATION_FORCING,1013.0,0.0,66.922,219.996,SYNTHETIC,22.304,2026-04-29T07:00:00+00:00,180.0,1.786
SIMULATION_FORCING,1013.0,0.0,61.664,425.0,SYNTHETIC,23.598,2026-04-29T08:00:00+00:00,180.0,2.194
SIMULATION_FORCING,1013.0,0.0,58.209,601.041,SYNTHETIC,24.893,2026-04-29T09:00:00+00:00,180.0,1.557
SIMULATION_FORCING,1013.0,0.0,55.451,736.122,SYNTHETIC,26.098,2026-04-29T10:00:00+00:00,180.0,1.506
SIMULATION_FORCING,1013.0,0.0,53.356,821.037,SYNTHETIC,27.134,2026-04-29T11:00:00+00:00,180.0,2.261
SIMULATION_FORCING,1013.0,0.0,53.519,850.0,SYNTHETIC,27.929,2026-04-29T12:00:00+00:00,180.0,1.998
SIMULATION_FORCING,1013.0,0.0,55.816,821.037,SYNTHETIC,28.428,2026-04-29T13:00:00+00:00,180.0,1.817
SIMULATION_FORCING,1013.0,0.0,57.466,736.122,SYNTHETIC,28.598,2026-04-29T14:00:00+00:00,180.0,2.467
SIMULATION_FORCING,1013.0,0.0,58.619,601.041,SYNTHETIC,28.428,2026-04-29T15:00:00+00:00,180.0,1.646
SIMULATION_FORCING,1013.0,0.0,64.783,425.0,SYNTHETIC,27.929,2026-04-29T16:00:00+00:00,180.0,1.534
SIMULATION_FORCING,1013.0,0.0,66.879,219.996,SYNTHETIC,27.134,2026-04-29T17:00:00+00:00,180.0,1.926
SIMULATION_FORCING,1013.0,0.0,73.12,0.0,SYNTHETIC,26.098,2026-04-29T18:00:00+00:00,180.0,2.402
SIMULATION_FORCING,1013.0,0.0,72.332,0.0,SYNTHETIC,24.893,2026-04-29T19:00:00+00:00,180.0,2.38
SIMULATION_FORCING,1013.0,0.0,72.454,0.0,SYNTHETIC,23.598,2026-04-29T20:00:00+00:00,180.0,2.2
SIMULATION_FORCING,1013.0,0.0,71.805,0.0,SYNTHETIC,22.304,2026-04-29T21:00:00+00:00,180.0,2.454
SIMULATION_FORCING,1013.0,0.0,71.016,0.0,SYNTHETIC,21.098,2026-04-29T22:00:00+00:00,180.0,2.344
SIMULATION_FORCING,1013.0,0.0,70.272,0.0,SYNTHETIC,20.063,2026-04-29T23:00:00+00:00,180.0,1.69
SIMULATION_FORCING,1013.0,0.0,71.138,0.0,SYNTHETIC,19.389,2026-04-30T00:00:00+00:00,180.0,1.81
SIMULATION_FORCING,1013.0,0.0,71.64,0.0,SYNTHETIC,18.889,2026-04-30T01:00:00+00:00,180.0,1.916
SIMULATION_FORCING,1013.0,0.0,72.791,0.0,SYNTHETIC,18.719,2026-04-30T02:00:00+00:00,180.0,2.371
SIMULATION_FORCING,1013.0,0.0,71.018,0.0,SYNTHETIC,18.889,2026-04-30T03:00:00+00:00,180.0,2.446
SIMULATION_FORCING,1013.0,0.0,71.705,0.0,SYNTHETIC,19.389,2026-04-30T04:00:00+00:00,180.0,1.96
SIMULATION_FORCING,1013.0,0.0,73.441,0.0,SYNTHETIC,20.183,2026-04-30T05:00:00+00:00,180.0,2.261
SIMULATION_FORCING,1013.0,0.0,71.386,0.0,SYNTHETIC,21.219,2026-04-30T06:00:00+00:00,180.0,2.296
SIMULATION_FORCING,1013.0,0.0,66.329,219.996,SYNTHETIC,22.425,2026-04-30T07:00:00+00:00,180.0,2.144
SIMULATION_FORCING,1013.0,0.0,64.35,425.0,SYNTHETIC,23.719,2026-04-30T08:00:00+00:00,180.0,1.594
SIMULATION_FORCING,1013.0,0.0,61.232,601.041,SYNTHETIC,25.013,2026-04-30T09:00:00+00:00,180.0,1.875
SIMULATION_FORCING,1013.0,0.0,55.168,736.122,SYNTHETIC,26.219,2026-04-30T10:00:00+00:00,180.0,1.917
SIMULATION_FORCING,1013.0,0.0,53.455,821.037,SYNTHETIC,27.254,2026-04-30T11:00:00+00:00,180.0,2.035
SIMULATION_FORCING,1013.0,0.0,54.524,850.0,SYNTHETIC,28.049,2026-04-30T12:00:00+00:00,180.0,2.417
SIMULATION_FORCING,1013.0,0.0,55.32,821.037,SYNTHETIC,28.549,2026-04-30T13:00:00+00:00,180.0,2.413
SIMULATION_FORCING,1013.0,0.0,57.333,736.122,SYNTHETIC,28.719,2026-04-30T14:00:00+00:00,180.0,1.502
SIMULATION_FORCING,1013.0,0.0,60.744,601.041,SYNTHETIC,28.549,2026-04-30T15:00:00+00:00,180.0,2.499
SIMULATION_FORCING,1013.0,0.0,64.197,425.0,SYNTHETIC,28.049,2026-04-30T16:00:00+00:00,180.0,2.353
SIMULATION_FORCING,1013.0,0.0,68.67,219.996,SYNTHETIC,27.254,2026-04-30T17:00:00+00:00,180.0,1.55
SIMULATION_FORCING,1013.0,0.0,72.157,0.0,SYNTHETIC,26.219,2026-04-30T18:00:00+00:00,180.0,1.778
SIMULATION_FORCING,1013.0,0.0,73.137,0.0,SYNTHETIC,25.013,2026-04-30T19:00:00+00:00,180.0,2.288
SIMULATION_FORCING,1013.0,0.0,71.415,0.0,SYNTHETIC,23.719,2026-04-30T20:00:00+00:00,180.0,1.6
SIMULATION_FORCING,1013.0,0.0,71.089,0.0,SYNTHETIC,22.425,2026-04-30T21:00:00+00:00,180.0,1.503
SIMULATION_FORCING,1013.0,0.0,73.138,0.0,SYNTHETIC,21.219,2026-04-30T22:00:00+00:00,180.0,1.562
SIMULATION_FORCING,1013.0,0.0,73.966,0.0,SYNTHETIC,20.183,2026-04-30T23:00:00+00:00,180.0,2.077
SIMULATION_FORCING,1013.0,0.0,71.815,0.0,SYNTHETIC,19.508,2026-05-01T00:00:00+00:00,180.0,2.311
SIMULATION_FORCING,1013.0,0.0,71.158,0.0,SYNTHETIC,19.008,2026-05-01T01:00:00+00:00,180.0,1.82
SIMULATION_FORCING,1013.0,0.0,71.164,0.0,SYNTHETIC,18.838,2026-05-01T02:00:00+00:00,180.0,1.649
SIMULATION_FORCING,1013.0,0.0,70.037,0.0,SYNTHETIC,19.008,2026-05-01T03:00:00+00:00,180.0,2.446
SIMULATION_FORCING,1013.0,0.0,73.008,0.0,SYNTHETIC,19.508,2026-05-01T04:00:00+00:00,180.0,2.199
SIMULATION_FORCING,1013.0,0.0,72.021,0.0,SYNTHETIC,20.302,2026-05-01T05:00:00+00:00,180.0,1.765
SIMULATION_FORCING,1013.0,0.0,72.323,0.0,SYNTHETIC,21.338,2026-05-01T06:00:00+00:00,180.0,1.992
SIMULATION_FORCING,1013.0,0.0,67.714,219.996,SYNTHETIC,22.544,2026-05-01T07:00:00+00:00,180.0,2.382
SIMULATION_FORCING,1013.0,0.0,61.504,425.0,SYNTHETIC,23.838,2026-05-01T08:00:00+00:00,180.0,1.641
SIMULATION_FORCING,1013.0,0.0,58.645,601.041,SYNTHETIC,25.132,2026-05-01T09:00:00+00:00,180.0,2.481
SIMULATION_FORCING,1013.0,0.0,56.037,736.122,SYNTHETIC,26.338,2026-05-01T10:00:00+00:00,180.0,2.162
SIMULATION_FORCING,1013.0,0.0,53.179,821.037,SYNTHETIC,27.373,2026-05-01T11:00:00+00:00,180.0,2.271
SIMULATION_FORCING,1013.0,0.0,55.783,850.0,SYNTHETIC,28.168,2026-05-01T12:00:00+00:00,180.0,2.034
SIMULATION_FORCING,1013.0,0.0,53.227,821.037,SYNTHETIC,28.667,2026-05-01T13:00:00+00:00,180.0,1.599
SIMULATION_FORCING,1013.0,0.0,56.925,736.122,SYNTHETIC,28.838,2026-05-01T14:00:00+00:00,180.0,1.715
SIMULATION_FORCING,1013.0,0.0,59.36,601.041,SYNTHETIC,28.667,2026-05-01T15:00:00+00:00,180.0,2.054
SIMULATION_FORCING,1013.0,0.0,62.718,425.0,SYNTHETIC,28.168,2026-05-01T16:00:00+00:00,180.0,1.953
SIMULATION_FORCING,1013.0,0.0,66.79,219.996,SYNTHETIC,27.373,2026-05-01T17:00:00+00:00,180.0,2.01
SIMULATION_FORCING,1013.0,0.0,70.298,0.0,SYNTHETIC,26.338,2026-05-01T18:00:00+00:00,180.0,1.669
SIMULATION_FORCING,1013.0,0.0,70.193,0.0,SYNTHETIC,25.132,2026-05-01T19:00:00+00:00,180.0,2.255
SIMULATION_FORCING,1013.0,0.0,71.897,0.0,SYNTHETIC,23.838,2026-05-01T20:00:00+00:00,180.0,1.542
SIMULATION_FORCING,1013.0,0.0,73.328,0.0,SYNTHETIC,22.544,2026-05-01T21:00:00+00:00,180.0,2.186
SIMULATION_FORCING,1013.0,0.0,71.508,0.0,SYNTHETIC,21.338,2026-05-01T22:00:00+00:00,180.0,2.123
SIMULATION_FORCING,1013.0,0.0,73.001,0.0,SYNTHETIC,20.302,2026-05-01T23:00:00+00:00,180.0,2.202
SIMULATION_FORCING,1013.0,0.0,71.728,0.0,SYNTHETIC,19.625,2026-05-02T00:00:00+00:00,180.0,2.34
SIMULATION_FORCING,1013.0,0.0,73.478,0.0,SYNTHETIC,19.125,2026-05-02T01:00:00+00:00,180.0,2.335
SIMULATION_FORCING,1013.0,0.0,70.048,0.0,SYNTHETIC,18.955,2026-05-02T02:00:00+00:00,180.0,1.845
SIMULATION_FORCING,1013.0,0.0,73.129,0.0,SYNTHETIC,19.125,2026-05-02T03:00:00+00:00,180.0,2.062
SIMULATION_FORCING,1013.0,0.0,72.652,0.0,SYNTHETIC,19.625,2026-05-02T04:00:00+00:00,180.0,2.33
SIMULATION_FORCING,1013.0,0.0,71.46,0.0,SYNTHETIC,20.419,2026-05-02T05:00:00+00:00,180.0,1.601
SIMULATION_FORCING,1013.0,0.0,71.144,0.0,SYNTHETIC,21.455,2026-05-02T06:00:00+00:00,180.0,2.098
SIMULATION_FORCING,1013.0,0.0,67.888,219.996,SYNTHETIC,22.661,2026-05-02T07:00:00+00:00,180.0,2.474
SIMULATION_FORCING,1013.0,0.0,63.803,425.0,SYNTHETIC,23.955,2026-05-02T08:00:00+00:00,180.0,1.91
SIMULATION_FORCING,1013.0,0.0,58.697,601.041,SYNTHETIC,25.249,2026-05-02T09:00:00+00:00,180.0,1.661
SIMULATION_FORCING,1013.0,0.0,57.161,736.122,SYNTHETIC,26.455,2026-05-02T10:00:00+00:00,180.0,1.927
SIMULATION_FORCING,1013.0,0.0,53.447,821.037,SYNTHETIC,27.49,2026-05-02T11:00:00+00:00,180.0,2.392
SIMULATION_FORCING,1013.0,0.0,55.519,850.0,SYNTHETIC,28.285,2026-05-02T12:00:00+00:00,180.0,2.108
SIMULATION_FORCING,1013.0,0.0,53.865,821.037,SYNTHETIC,28.784,2026-05-02T13:00:00+00:00,180.0,2.205
SIMULATION_FORCING,1013.0,0.0,57.966,736.122,SYNTHETIC,28.955,2026-05-02T14:00:00+00:00,180.0,2.007
SIMULATION_FORCING,1013.0,0.0,58.577,601.041,SYNTHETIC,28.784,2026-05-02T15:00:00+00:00,180.0,2.263
SIMULATION_FORCING,1013.0,0.0,62.432,425.0,SYNTHETIC,28.285,2026-05-02T16:00:00+00:00,180.0,1.8
SIMULATION_FORCING,1013.0,0.0,68.585,219.996,SYNTHETIC,27.49,2026-05-02T17:00:00+00:00,180.0,2.091
SIMULATION_FORCING,1013.0,0.0,70.879,0.0,SYNTHETIC,26.455,2026-05-02T18:00:00+00:00,180.0,2.036
SIMULATION_FORCING,1013.0,0.0,71.78,0.0,SYNTHETIC,25.249,2026-05-02T19:00:00+00:00,180.0,2.312
SIMULATION_FORCING,1013.0,0.0,70.018,0.0,SYNTHETIC,23.955,2026-05-02T20:00:00+00:00,180.0,2.036
SIMULATION_FORCING,1013.0,0.0,73.409,0.0,SYNTHETIC,22.661,2026-05-02T21:00:00+00:00,180.0,2.306
SIMULATION_FORCING,1013.0,0.0,71.544,0.0,SYNTHETIC,21.455,2026-05-02T22:00:00+00:00,180.0,2.182
SIMULATION_FORCING,1013.0,0.0,72.522,0.0,SYNTHETIC,20.419,2026-05-02T23:00:00+00:00,180.0,2.036
SIMULATION_FORCING,1013.0,0.0,72.107,0.0,SYNTHETIC,19.74,2026-05-03T00:00:00+00:00,180.0,2.011
SIMULATION_FORCING,1013.0,0.0,72.924,0.0,SYNTHETIC,19.24,2026-05-03T01:00:00+00:00,180.0,1.557
SIMULATION_FORCING,1013.0,0.0,71.017,0.0,SYNTHETIC,19.07,2026-05-03T02:00:00+00:00,180.0,2.088
SIMULATION_FORCING,1013.0,0.0,71.298,0.0,SYNTHETIC,19.24,2026-05-03T03:00:00+00:00,180.0,1.723
SIMULATION_FORCING,1013.0,0.0,73.611,0.0,SYNTHETIC,19.74,2026-05-03T04:00:00+00:00,180.0,2.171
SIMULATION_FORCING,1013.0,0.0,70.869,0.0,SYNTHETIC,20.534,2026-05-03T05:00:00+00:00,180.0,1.974
SIMULATION_FORCING,1013.0,0.0,72.498,0.0,SYNTHETIC,21.57,2026-05-03T06:00:00+00:00,180.0,2.387
SIMULATION_FORCING,1013.0,0.0,66.561,219.996,SYNTHETIC,22.776,2026-05-03T07:00:00+00:00,180.0,1.659
SIMULATION_FORCING,1013.0,0.0,64.687,425.0,SYNTHETIC,24.07,2026-05-03T08:00:00+00:00,180.0,2.108
SIMULATION_FORCING,1013.0,0.0,60.197,601.041,SYNTHETIC,25.364,2026-05-03T09:00:00+00:00,180.0,1.919
SIMULATION_FORCING,1013.0,0.0,56.933,736.122,SYNTHETIC,26.57,2026-05-03T10:00:00+00:00,180.0,1.897
SIMULATION_FORCING,1013.0,0.0,54.556,821.037,SYNTHETIC,27.606,2026-05-03T11:00:00+00:00,180.0,1.791
SIMULATION_FORCING,1013.0,0.0,52.026,850.0,SYNTHETIC,28.4,2026-05-03T12:00:00+00:00,180.0,1.652
SIMULATION_FORCING,1013.0,0.0,55.285,821.037,SYNTHETIC,28.9,2026-05-03T13:00:00+00:00,180.0,2.469
SIMULATION_FORCING,1013.0,0.0,57.811,736.122,SYNTHETIC,29.07,2026-05-03T14:00:00+00:00,180.0,2.299
SIMULATION_FORCING,1013.0,0.0,61.139,601.041,SYNTHETIC,28.9,2026-05-03T15:00:00+00:00,180.0,2.134
SIMULATION_FORCING,1013.0,0.0,62.481,425.0,SYNTHETIC,28.4,2026-05-03T16:00:00+00:00,180.0,2.093
SIMULATION_FORCING,1013.0,0.0,66.966,219.996,SYNTHETIC,27.606,2026-05-03T17:00:00+00:00,180.0,1.978
SIMULATION_FORCING,1013.0,0.0,71.822,0.0,SYNTHETIC,26.57,2026-05-03T18:00:00+00:00,180.0,1.817
SIMULATION_FORCING,1013.0,0.0,72.288,0.0,SYNTHETIC,25.364,2026-05-03T19:00:00+00:00,180.0,2.057
SIMULATION_FORCING,1013.0,0.0,73.688,0.0,SYNTHETIC,24.07,2026-05-03T20:00:00+00:00,180.0,2.133
SIMULATION_FORCING,1013.0,0.0,73.657,0.0,SYNTHETIC,22.776,2026-05-03T21:00:00+00:00,180.0,1.761
SIMULATION_FORCING,1013.0,0.0,71.022,0.0,SYNTHETIC,21.57,2026-05-03T22:00:00+00:00,180.0,1.613
SIMULATION_FORCING,1013.0,0.0,72.811,0.0,SYNTHETIC,20.534,2026-05-03T23:00:00+00:00,180.0,1.986
SIMULATION_FORCING,1013.0,0.0,70.997,0.0,SYNTHETIC,19.853,2026-05-04T00:00:00+00:00,180.0,1.862
SIMULATION_FORCING,1013.0,0.0,72.439,0.0,SYNTHETIC,19.354,2026-05-04T01:00:00+00:00,180.0,2.054
SIMULATION_FORCING,1013.0,0.0,71.728,0.0,SYNTHETIC,19.183,2026-05-04T02:00:00+00:00,180.0,2.408
SIMULATION_FORCING,1013.0,0.0,73.032,0.0,SYNTHETIC,19.354,2026-05-04T03:00:00+00:00,180.0,2.158
SIMULATION_FORCING,1013.0,0.0,72.089,0.0,SYNTHETIC,19.853,2026-05-04T04:00:00+00:00,180.0,2.216
SIMULATION_FORCING,1013.0,0.0,70.771,0.0,SYNTHETIC,20.648,2026-05-04T05:00:00+00:00,180.0,2.002
SIMULATION_FORCING,1013.0,0.0,73.789,0.0,SYNTHETIC,21.683,2026-05-04T06:00:00+00:00,180.0,1.546
SIMULATION_FORCING,1013.0,0.0,67.482,219.996,SYNTHETIC,22.889,2026-05-04T07:00:00+00:00,180.0,1.894
SIMULATION_FORCING,1013.0,0.0,63.647,425.0,SYNTHETIC,24.183,2026-05-04T08:00:00+00:00,180.0,2.46
SIMULATION_FORCING,1013.0,0.0,60.666,601.041,SYNTHETIC,25.478,2026-05-04T09:00:00+00:00,180.0,1.526
SIMULATION_FORCING,1013.0,0.0,58.225,736.122,SYNTHETIC,26.683,2026-05-04T10:00:00+00:00,180.0,1.816
SIMULATION_FORCING,1013.0,0.0,55.798,821.037,SYNTHETIC,27.719,2026-05-04T11:00:00+00:00,180.0,1.698
SIMULATION_FORCING,1013.0,0.0,55.716,850.0,SYNTHETIC,28.514,2026-05-04T12:00:00+00:00,180.0,1.814
SIMULATION_FORCING,1013.0,0.0,53.356,821.037,SYNTHETIC,29.013,2026-05-04T13:00:00+00:00,180.0,1.878
SIMULATION_FORCING,1013.0,0.0,58.35,736.122,SYNTHETIC,29.183,2026-05-04T14:00:00+00:00,180.0,2.389
SIMULATION_FORCING,1013.0,0.0,59.363,601.041,SYNTHETIC,29.013,2026-05-04T15:00:00+00:00,180.0,2.325
SIMULATION_FORCING,1013.0,0.0,64.688,425.0,SYNTHETIC,28.514,2026-05-04T16:00:00+00:00,180.0,2.448
SIMULATION_FORCING,1013.0,0.0,67.804,219.996,SYNTHETIC,27.719,2026-05-04T17:00:00+00:00,180.0,2.326
SIMULATION_FORCING,1013.0,0.0,73.767,0.0,SYNTHETIC,26.683,2026-05-04T18:00:00+00:00,180.0,2.101
SIMULATION_FORCING,1013.0,0.0,70.339,0.0,SYNTHETIC,25.478,2026-05-04T19:00:00+00:00,180.0,2.467
SIMULATION_FORCING,1013.0,0.0,70.471,0.0,SYNTHETIC,24.183,2026-05-04T20:00:00+00:00,180.0,1.92
SIMULATION_FORCING,1013.0,0.0,70.993,0.0,SYNTHETIC,22.889,2026-05-04T21:00:00+00:00,180.0,2.46
SIMULATION_FORCING,1013.0,0.0,70.734,0.0,SYNTHETIC,21.683,2026-05-04T22:00:00+00:00,180.0,1.994
SIMULATION_FORCING,1013.0,0.0,71.03,0.0,SYNTHETIC,20.648,2026-05-04T23:00:00+00:00,180.0,1.979
SIMULATION_FORCING,1013.0,0.0,72.113,0.0,SYNTHETIC,19.965,2026-05-05T00:00:00+00:00,180.0,2.297
SIMULATION_FORCING,1013.0,0.0,70.932,0.0,SYNTHETIC,19.465,2026-05-05T01:00:00+00:00,180.0,1.839
SIMULATION_FORCING,1013.0,0.0,73.995,0.0,SYNTHETIC,19.295,2026-05-05T02:00:00+00:00,180.0,1.805
SIMULATION_FORCING,1013.0,0.0,71.481,0.0,SYNTHETIC,19.465,2026-05-05T03:00:00+00:00,180.0,2.138
SIMULATION_FORCING,1013.0,0.0,70.898,0.0,SYNTHETIC,19.965,2026-05-05T04:00:00+00:00,180.0,1.545
SIMULATION_FORCING,1013.0,0.0,71.139,0.0,SYNTHETIC,20.76,2026-05-05T05:00:00+00:00,180.0,1.546
SIMULATION_FORCING,1013.0,0.0,70.614,0.0,SYNTHETIC,21.795,2026-05-05T06:00:00+00:00,180.0,2.44
SIMULATION_FORCING,1013.0,0.0,66.139,219.996,SYNTHETIC,23.001,2026-05-05T07:00:00+00:00,180.0,2.194
SIMULATION_FORCING,1013.0,0.0,62.88,425.0,SYNTHETIC,24.295,2026-05-05T08:00:00+00:00,180.0,1.951
SIMULATION_FORCING,1013.0,0.0,59.427,601.041,SYNTHETIC,25.589,2026-05-05T09:00:00+00:00,180.0,2.07
SIMULATION_FORCING,1013.0,0.0,56.441,736.122,SYNTHETIC,26.795,2026-05-05T10:00:00+00:00,180.0,1.507
SIMULATION_FORCING,1013.0,0.0,52.999,821.037,SYNTHETIC,27.831,2026-05-05T11:00:00+00:00,180.0,2.34
SIMULATION_FORCING,1013.0,0.0,52.555,850.0,SYNTHETIC,28.625,2026-05-05T12:00:00+00:00,180.0,1.857
SIMULATION_FORCING,1013.0,0.0,55.439,821.037,SYNTHETIC,29.125,2026-05-05T13:00:00+00:00,180.0,1.718
SIMULATION_FORCING,1013.0,0.0,54.981,736.122,SYNTHETIC,29.295,2026-05-05T14:00:00+00:00,180.0,1.86
SIMULATION_FORCING,1013.0,0.0,58.788,601.041,SYNTHETIC,29.125,2026-05-05T15:00:00+00:00,180.0,2.329
SIMULATION_FORCING,1013.0,0.0,63.642,425.0,SYNTHETIC,28.625,2026-05-05T16:00:00+00:00,180.0,2.459
SIMULATION_FORCING,1013.0,0.0,66.411,219.996,SYNTHETIC,27.831,2026-05-05T17:00:00+00:00,180.0,1.854
SIMULATION_FORCING,1013.0,0.0,73.335,0.0,SYNTHETIC,26.795,2026-05-05T18:00:00+00:00,180.0,1.56
SIMULATION_FORCING,1013.0,0.0,70.313,0.0,SYNTHETIC,25.589,2026-05-05T19:00:00+00:00,180.0,2.393
SIMULATION_FORCING,1013.0,0.0,73.025,0.0,SYNTHETIC,24.295,2026-05-05T20:00:00+00:00,180.0,1.82
SIMULATION_FORCING,1013.0,0.0,71.388,0.0,SYNTHETIC,23.001,2026-05-05T21:00:00+00:00,180.0,1.729
SIMULATION_FORCING,1013.0,0.0,71.743,0.0,SYNTHETIC,21.795,2026-05-05T22:00:00+00:00,180.0,2.06
SIMULATION_FORCING,1013.0,0.0,71.207,0.0,SYNTHETIC,20.76,2026-05-05T23:00:00+00:00,180.0,2.198
SIMULATION_FORCING,1013.0,0.0,72.84,0.0,SYNTHETIC,20.075,2026-05-06T00:00:00+00:00,180.0,1.828
SIMULATION_FORCING,1013.0,0.0,71.8,0.0,SYNTHETIC,19.575,2026-05-06T01:00:00+00:00,180.0,2.348
SIMULATION_FORCING,1013.0,0.0,70.758,0.0,SYNTHETIC,19.405,2026-05-06T02:00:00+00:00,180.0,2.043
SIMULATION_FORCING,1013.0,0.0,72.985,0.0,SYNTHETIC,19.575,2026-05-06T03:00:00+00:00,180.0,1.879
SIMULATION_FORCING,1013.0,0.0,70.029,0.0,SYNTHETIC,20.075,2026-05-06T04:00:00+00:00,180.0,2.221
SIMULATION_FORCING,1013.0,0.0,71.134,0.0,SYNTHETIC,20.869,2026-05-06T05:00:00+00:00,180.0,1.801
SIMULATION_FORCING,1013.0,0.0,71.879,0.0,SYNTHETIC,21.905,2026-05-06T06:00:00+00:00,180.0,1.918
SIMULATION_FORCING,1013.0,0.0,66.723,219.996,SYNTHETIC,23.111,2026-05-06T07:00:00+00:00,180.0,1.536
SIMULATION_FORCING,1013.0,0.0,63.049,425.0,SYNTHETIC,24.405,2026-05-06T08:00:00+00:00,180.0,2.498
SIMULATION_FORCING,1013.0,0.0,57.321,601.041,SYNTHETIC,25.699,2026-05-06T09:00:00+00:00,180.0,1.924
SIMULATION_FORCING,1013.0,0.0,57.619,736.122,SYNTHETIC,26.905,2026-05-06T10:00:00+00:00,180.0,1.889
SIMULATION_FORCING,1013.0,0.0,53.744,821.037,SYNTHETIC,27.94,2026-05-06T11:00:00+00:00,180.0,1.715
SIMULATION_FORCING,1013.0,0.0,52.034,850.0,SYNTHETIC,28.735,2026-05-06T12:00:00+00:00,180.0,2.373
SIMULATION_FORCING,1013.0,0.0,55.391,821.037,SYNTHETIC,29.235,2026-05-06T13:00:00+00:00,180.0,2.236
SIMULATION_FORCING,1013.0,0.0,54.734,736.122,SYNTHETIC,29.405,2026-05-06T14:00:00+00:00,180.0,2.003
SIMULATION_FORCING,1013.0,0.0,60.367,601.041,SYNTHETIC,29.235,2026-05-06T15:00:00+00:00,180.0,2.134
SIMULATION_FORCING,1013.0,0.0,61.409,425.0,SYNTHETIC,28.735,2026-05-06T16:00:00+00:00,180.0,2.237
SIMULATION_FORCING,1013.0,0.0,68.886,219.996,SYNTHETIC,27.94,2026-05-06T17:00:00+00:00,180.0,1.995
SIMULATION_FORCING,1013.0,0.0,71.892,0.0,SYNTHETIC,26.905,2026-05-06T18:00:00+00:00,180.0,2.211
SIMULATION_FORCING,1013.0,0.0,71.461,0.0,SYNTHETIC,25.699,2026-05-06T19:00:00+00:00,180.0,2.029
SIMULATION_FORCING,1013.0,0.0,73.588,0.0,SYNTHETIC,24.405,2026-05-06T20:00:00+00:00,180.0,2.199
SIMULATION_FORCING,1013.0,0.0,71.969,0.0,SYNTHETIC,23.111,2026-05-06T21:00:00+00:00,180.0,2.1
SIMULATION_FORCING,1013.0,0.0,70.566,0.0,SYNTHETIC,21.905,2026-05-06T22:00:00+00:00,180.0,1.946
SIMULATION_FORCING,1013.0,0.0,71.614,0.0,SYNTHETIC,20.869,2026-05-06T23:00:00+00:00,180.0,2.153
SIMULATION_FORCING,1013.0,0.0,73.95,0.0,SYNTHETIC,20.183,2026-05-07T00:00:00+00:00,180.0,2.187
SIMULATION_FORCING,1013.0,0.0,73.081,0.0,SYNTHETIC,19.683,2026-05-07T01:00:00+00:00,180.0,1.671
SIMULATION_FORCING,1013.0,0.0,71.918,0.0,SYNTHETIC,19.513,2026-05-07T02:00:00+00:00,180.0,1.908
SIMULATION_FORCING,1013.0,0.0,73.459,0.0,SYNTHETIC,19.683,2026-05-07T03:00:00+00:00,180.0,1.711
SIMULATION_FORCING,1013.0,0.0,71.683,0.0,SYNTHETIC,20.183,2026-05-07T04:00:00+00:00,180.0,1.721
SIMULATION_FORCING,1013.0,0.0,71.536,0.0,SYNTHETIC,20.977,2026-05-07T05:00:00+00:00,180.0,1.987
SIMULATION_FORCING,1013.0,0.0,71.924,0.0,SYNTHETIC,22.013,2026-05-07T06:00:00+00:00,180.0,2.391
SIMULATION_FORCING,1013.0,0.0,65.539,219.996,SYNTHETIC,23.219,2026-05-07T07:00:00+00:00,180.0,2.304
SIMULATION_FORCING,1013.0,0.0,64.862,425.0,SYNTHETIC,24.513,2026-05-07T08:00:00+00:00,180.0,2.041
SIMULATION_FORCING,1013.0,0.0,61.083,601.041,SYNTHETIC,25.807,2026-05-07T09:00:00+00:00,180.0,2.221
SIMULATION_FORCING,1013.0,0.0,57.811,736.122,SYNTHETIC,27.013,2026-05-07T10:00:00+00:00,180.0,2.445
SIMULATION_FORCING,1013.0,0.0,56.17,821.037,SYNTHETIC,28.048,2026-05-07T11:00:00+00:00,180.0,1.548
SIMULATION_FORCING,1013.0,0.0,52.054,850.0,SYNTHETIC,28.843,2026-05-07T12:00:00+00:00,180.0,1.942
SIMULATION_FORCING,1013.0,0.0,55.131,821.037,SYNTHETIC,29.342,2026-05-07T13:00:00+00:00,180.0,2.316
SIMULATION_FORCING,1013.0,0.0,55.328,736.122,SYNTHETIC,29.513,2026-05-07T14:00:00+00:00,180.0,1.859
SIMULATION_FORCING,1013.0,0.0,58.865,601.041,SYNTHETIC,29.342,2026-05-07T15:00:00+00:00,180.0,2.196
SIMULATION_FORCING,1013.0,0.0,62.888,425.0,SYNTHETIC,28.843,2026-05-07T16:00:00+00:00,180.0,2.392
SIMULATION_FORCING,1013.0,0.0,65.881,219.996,SYNTHETIC,28.048,2026-05-07T17:00:00+00:00,180.0,2.175
SIMULATION_FORCING,1013.0,0.0,72.513,0.0,SYNTHETIC,27.013,2026-05-07T18:00:00+00:00,180.0,1.905
SIMULATION_FORCING,1013.0,0.0,72.29,0.0,SYNTHETIC,25.807,2026-05-07T19:00:00+00:00,180.0,1.968
SIMULATION_FORCING,1013.0,0.0,70.483,0.0,SYNTHETIC,24.513,2026-05-07T20:00:00+00:00,180.0,1.67
SIMULATION_FORCING,1013.0,0.0,72.897,0.0,SYNTHETIC,23.219,2026-05-07T21:00:00+00:00,180.0,2.263
SIMULATION_FORCING,1013.0,0.0,73.531,0.0,SYNTHETIC,22.013,2026-05-07T22:00:00+00:00,180.0,2.339
SIMULATION_FORCING,1013.0,0.0,70.32,0.0,SYNTHETIC,20.977,2026-05-07T23:00:00+00:00,180.0,1.626
SIMULATION_FORCING,1013.0,0.0,70.911,0.0,SYNTHETIC,20.289,2026-05-08T00:00:00+00:00,180.0,1.974
SIMULATION_FORCING,1013.0,0.0,70.614,0.0,SYNTHETIC,19.789,2026-05-08T01:00:00+00:00,180.0,2.149
SIMULATION_FORCING,1013.0,0.0,72.841,0.0,SYNTHETIC,19.619,2026-05-08T02:00:00+00:00,180.0,1.653
SIMULATION_FORCING,1013.0,0.0,72.651,0.0,SYNTHETIC,19.789,2026-05-08T03:00:00+00:00,180.0,2.266
SIMULATION_FORCING,1013.0,0.0,71.304,0.0,SYNTHETIC,20.289,2026-05-08T04:00:00+00:00,180.0,1.742
SIMULATION_FORCING,1013.0,0.0,72.02,0.0,SYNTHETIC,21.083,2026-05-08T05:00:00+00:00,180.0,2.349
SIMULATION_FORCING,1013.0,0.0,73.074,0.0,SYNTHETIC,22.119,2026-05-08T06:00:00+00:00,180.0,2.149
SIMULATION_FORCING,1013.0,0.0,67.743,219.996,SYNTHETIC,23.325,2026-05-08T07:00:00+00:00,180.0,2.127
SIMULATION_FORCING,1013.0,0.0,63.118,425.0,SYNTHETIC,24.619,2026-05-08T08:00:00+00:00,180.0,2.182
SIMULATION_FORCING,1013.0,0.0,60.51,601.041,SYNTHETIC,25.913,2026-05-08T09:00:00+00:00,180.0,1.653
SIMULATION_FORCING,1013.0,0.0,57.942,736.122,SYNTHETIC,27.119,2026-05-08T10:00:00+00:00,180.0,1.525
SIMULATION_FORCING,1013.0,0.0,53.442,821.037,SYNTHETIC,28.154,2026-05-08T11:00:00+00:00,180.0,1.705
SIMULATION_FORCING,1013.0,0.0,54.591,850.0,SYNTHETIC,28.949,2026-05-08T12:00:00+00:00,180.0,2.179
SIMULATION_FORCING,1013.0,0.0,55.249,821.037,SYNTHETIC,29.448,2026-05-08T13:00:00+00:00,180.0,2.341
SIMULATION_FORCING,1013.0,0.0,55.431,736.122,SYNTHETIC,29.619,2026-05-08T14:00:00+00:00,180.0,2.251
SIMULATION_FORCING,1013.0,0.0,58.597,601.041,SYNTHETIC,29.448,2026-05-08T15:00:00+00:00,180.0,2.119
SIMULATION_FORCING,1013.0,0.0,61.917,425.0,SYNTHETIC,28.949,2026-05-08T16:00:00+00:00,180.0,2.151
SIMULATION_FORCING,1013.0,0.0,66.332,219.996,SYNTHETIC,28.154,2026-05-08T17:00:00+00:00,180.0,1.502
SIMULATION_FORCING,1013.0,0.0,71.794,0.0,SYNTHETIC,27.119,2026-05-08T18:00:00+00:00,180.0,2.296
SIMULATION_FORCING,1013.0,0.0,73.508,0.0,SYNTHETIC,25.913,2026-05-08T19:00:00+00:00,180.0,1.787
SIMULATION_FORCING,1013.0,0.0,72.142,0.0,SYNTHETIC,24.619,2026-05-08T20:00:00+00:00,180.0,2.136
SIMULATION_FORCING,1013.0,0.0,72.672,0.0,SYNTHETIC,23.325,2026-05-08T21:00:00+00:00,180.0,1.826
SIMULATION_FORCING,1013.0,0.0,72.95,0.0,SYNTHETIC,22.119,2026-05-08T22:00:00+00:00,180.0,2.493
SIMULATION_FORCING,1013.0,0.0,70.573,0.0,SYNTHETIC,21.083,2026-05-08T23:00:00+00:00,180.0,1.782
SIMULATION_FORCING,1013.0,0.0,73.13,0.0,SYNTHETIC,20.393,2026-05-09T00:00:00+00:00,180.0,2.393
SIMULATION_FORCING,1013.0,0.0,71.023,0.0,SYNTHETIC,19.893,2026-05-09T01:00:00+00:00,180.0,2.488
SIMULATION_FORCING,1013.0,0.0,70.09,0.0,SYNTHETIC,19.723,2026-05-09T02:00:00+00:00,180.0,1.881
SIMULATION_FORCING,1013.0,0.0,73.686,0.0,SYNTHETIC,19.893,2026-05-09T03:00:00+00:00,180.0,2.13
SIMULATION_FORCING,1013.0,0.0,73.464,0.0,SYNTHETIC,20.393,2026-05-09T04:00:00+00:00,180.0,1.832
SIMULATION_FORCING,1013.0,0.0,70.492,0.0,SYNTHETIC,21.187,2026-05-09T05:00:00+00:00,180.0,2.021
SIMULATION_FORCING,1013.0,0.0,70.815,0.0,SYNTHETIC,22.223,2026-05-09T06:00:00+00:00,180.0,2.388
SIMULATION_FORCING,1013.0,0.0,68.332,219.996,SYNTHETIC,23.429,2026-05-09T07:00:00+00:00,180.0,2.302
SIMULATION_FORCING,1013.0,0.0,63.935,425.0,SYNTHETIC,24.723,2026-05-09T08:00:00+00:00,180.0,1.985
SIMULATION_FORCING,1013.0,0.0,59.458,601.041,SYNTHETIC,26.017,2026-05-09T09:00:00+00:00,180.0,1.675
SIMULATION_FORCING,1013.0,0.0,57.914,736.122,SYNTHETIC,27.223,2026-05-09T10:00:00+00:00,180.0,1.961
SIMULATION_FORCING,1013.0,0.0,53.467,821.037,SYNTHETIC,28.258,2026-05-09T11:00:00+00:00,180.0,1.967
SIMULATION_FORCING,1013.0,0.0,54.163,850.0,SYNTHETIC,29.053,2026-05-09T12:00:00+00:00,180.0,2.282
SIMULATION_FORCING,1013.0,0.0,56.147,821.037,SYNTHETIC,29.552,2026-05-09T13:00:00+00:00,180.0,2.379
SIMULATION_FORCING,1013.0,0.0,54.662,736.122,SYNTHETIC,29.723,2026-05-09T14:00:00+00:00,180.0,1.606
SIMULATION_FORCING,1013.0,0.0,60.442,601.041,SYNTHETIC,29.552,2026-05-09T15:00:00+00:00,180.0,2.354
SIMULATION_FORCING,1013.0,0.0,64.369,425.0,SYNTHETIC,29.053,2026-05-09T16:00:00+00:00,180.0,1.618
SIMULATION_FORCING,1013.0,0.0,66.998,219.996,SYNTHETIC,28.258,2026-05-09T17:00:00+00:00,180.0,2.371
SIMULATION_FORCING,1013.0,0.0,71.891,0.0,SYNTHETIC,27.223,2026-05-09T18:00:00+00:00,180.0,1.858
SIMULATION_FORCING,1013.0,0.0,70.244,0.0,SYNTHETIC,26.017,2026-05-09T19:00:00+00:00,180.0,2.165
SIMULATION_FORCING,1013.0,0.0,73.399,0.0,SYNTHETIC,24.723,2026-05-09T20:00:00+00:00,180.0,1.649
SIMULATION_FORCING,1013.0,0.0,71.19,0.0,SYNTHETIC,23.429,2026-05-09T21:00:00+00:00,180.0,2.401
SIMULATION_FORCING,1013.0,0.0,71.911,0.0,SYNTHETIC,22.223,2026-05-09T22:00:00+00:00,180.0,2.124
SIMULATION_FORCING,1013.0,0.0,71.112,0.0,SYNTHETIC,21.187,2026-05-09T23:00:00+00:00,180.0,2.321
SIMULATION_FORCING,1013.0,0.0,71.094,0.0,SYNTHETIC,20.495,2026-05-10T00:00:00+00:00,180.0,1.593
SIMULATION_FORCING,1013.0,0.0,70.69,0.0,SYNTHETIC,19.995,2026-05-10T01:00:00+00:00,180.0,2.133
SIMULATION_FORCING,1013.0,0.0,73.066,0.0,SYNTHETIC,19.825,2026-05-10T02:00:00+00:00,180.0,1.993
SIMULATION_FORCING,1013.0,0.0,71.289,0.0,SYNTHETIC,19.995,2026-05-10T03:00:00+00:00,180.0,1.558
SIMULATION_FORCING,1013.0,0.0,70.023,0.0,SYNTHETIC,20.495,2026-05-10T04:00:00+00:00,180.0,1.516
SIMULATION_FORCING,1013.0,0.0,70.543,0.0,SYNTHETIC,21.289,2026-05-10T05:00:00+00:00,180.0,1.801
SIMULATION_FORCING,1013.0,0.0,70.318,0.0,SYNTHETIC,22.325,2026-05-10T06:00:00+00:00,180.0,1.752
SIMULATION_FORCING,1013.0,0.0,68.431,219.996,SYNTHETIC,23.531,2026-05-10T07:00:00+00:00,180.0,1.552
SIMULATION_FORCING,1013.0,0.0,61.129,425.0,SYNTHETIC,24.825,2026-05-10T08:00:00+00:00,180.0,2.432
SIMULATION_FORCING,1013.0,0.0,61.14,601.041,SYNTHETIC,26.119,2026-05-10T09:00:00+00:00,180.0,2.259
SIMULATION_FORCING,1013.0,0.0,55.666,736.122,SYNTHETIC,27.325,2026-05-10T10:00:00+00:00,180.0,2.235
SIMULATION_FORCING,1013.0,0.0,54.06,821.037,SYNTHETIC,28.36,2026-05-10T11:00:00+00:00,180.0,2.074
SIMULATION_FORCING,1013.0,0.0,54.929,850.0,SYNTHETIC,29.155,2026-05-10T12:00:00+00:00,180.0,1.556
SIMULATION_FORCING,1013.0,0.0,55.056,821.037,SYNTHETIC,29.654,2026-05-10T13:00:00+00:00,180.0,2.138
SIMULATION_FORCING,1013.0,0.0,56.534,736.122,SYNTHETIC,29.825,2026-05-10T14:00:00+00:00,180.0,2.265
SIMULATION_FORCING,1013.0,0.0,57.363,601.041,SYNTHETIC,29.654,2026-05-10T15:00:00+00:00,180.0,2.47
SIMULATION_FORCING,1013.0,0.0,62.405,425.0,SYNTHETIC,29.155,2026-05-10T16:00:00+00:00,180.0,2.382
SIMULATION_FORCING,1013.0,0.0,66.444,219.996,SYNTHETIC,28.36,2026-05-10T17:00:00+00:00,180.0,1.785
SIMULATION_FORCING,1013.0,0.0,70.358,0.0,SYNTHETIC,27.325,2026-05-10T18:00:00+00:00,180.0,2.314
SIMULATION_FORCING,1013.0,0.0,73.958,0.0,SYNTHETIC,26.119,2026-05-10T19:00:00+00:00,180.0,1.547
SIMULATION_FORCING,1013.0,0.0,71.249,0.0,SYNTHETIC,24.825,2026-05-10T20:00:00+00:00,180.0,2.481
SIMULATION_FORCING,1013.0,0.0,70.463,0.0,SYNTHETIC,23.531,2026-05-10T21:00:00+00:00,180.0,1.585
SIMULATION_FORCING,1013.0,0.0,72.859,0.0,SYNTHETIC,22.325,2026-05-10T22:00:00+00:00,180.0,2.494
SIMULATION_FORCING,1013.0,0.0,71.564,0.0,SYNTHETIC,21.289,2026-05-10T23:00:00+00:00,180.0,2.034
SIMULATION_FORCING,1013.0,0.0,73.956,0.0,SYNTHETIC,20.595,2026-05-11T00:00:00+00:00,180.0,2.465
SIMULATION_FORCING,1013.0,0.0,71.408,0.0,SYNTHETIC,20.095,2026-05-11T01:00:00+00:00,180.0,1.978
SIMULATION_FORCING,1013.0,0.0,71.273,0.0,SYNTHETIC,19.925,2026-05-11T02:00:00+00:00,180.0,2.183
SIMULATION_FORCING,1013.0,0.0,70.208,0.0,SYNTHETIC,20.095,2026-05-11T03:00:00+00:00,180.0,2.465
SIMULATION_FORCING,1013.0,0.0,70.657,0.0,SYNTHETIC,20.595,2026-05-11T04:00:00+00:00,180.0,1.889
SIMULATION_FORCING,1013.0,0.0,73.885,0.0,SYNTHETIC,21.389,2026-05-11T05:00:00+00:00,180.0,2.401
SIMULATION_FORCING,1013.0,0.0,70.56,0.0,SYNTHETIC,22.425,2026-05-11T06:00:00+00:00,180.0,2.142
SIMULATION_FORCING,1013.0,0.0,66.943,219.996,SYNTHETIC,23.631,2026-05-11T07:00:00+00:00,180.0,2.05
SIMULATION_FORCING,1013.0,0.0,61.29,425.0,SYNTHETIC,24.925,2026-05-11T08:00:00+00:00,180.0,1.646
SIMULATION_FORCING,1013.0,0.0,58.268,601.041,SYNTHETIC,26.219,2026-05-11T09:00:00+00:00,180.0,2.076
SIMULATION_FORCING,1013.0,0.0,55.489,736.122,SYNTHETIC,27.425,2026-05-11T10:00:00+00:00,180.0,1.829
SIMULATION_FORCING,1013.0,0.0,55.2,821.037,SYNTHETIC,28.46,2026-05-11T11:00:00+00:00,180.0,1.663
SIMULATION_FORCING,1013.0,0.0,53.366,850.0,SYNTHETIC,29.255,2026-05-11T12:00:00+00:00,180.0,2.029
SIMULATION_FORCING,1013.0,0.0,56.224,821.037,SYNTHETIC,29.754,2026-05-11T13:00:00+00:00,180.0,2.07
SIMULATION_FORCING,1013.0,0.0,55.873,736.122,SYNTHETIC,29.925,2026-05-11T14:00:00+00:00,180.0,1.839
SIMULATION_FORCING,1013.0,0.0,59.296,601.041,SYNTHETIC,29.754,2026-05-11T15:00:00+00:00,180.0,2.26
SIMULATION_FORCING,1013.0,0.0,63.279,425.0,SYNTHETIC,29.255,2026-05-11T16:00:00+00:00,180.0,2.468
SIMULATION_FORCING,1013.0,0.0,68.263,219.996,SYNTHETIC,28.46,2026-05-11T17:00:00+00:00,180.0,1.946
SIMULATION_FORCING,1013.0,0.0,70.348,0.0,SYNTHETIC,27.425,2026-05-11T18:00:00+00:00,180.0,1.765
SIMULATION_FORCING,1013.0,0.0,72.503,0.0,SYNTHETIC,26.219,2026-05-11T19:00:00+00:00,180.0,1.653
SIMULATION_FORCING,1013.0,0.0,73.958,0.0,SYNTHETIC,24.925,2026-05-11T20:00:00+00:00,180.0,2.208
SIMULATION_FORCING,1013.0,0.0,72.035,0.0,SYNTHETIC,23.631,2026-05-11T21:00:00+00:00,180.0,1.607
SIMULATION_FORCING,1013.0,0.0,73.128,0.0,SYNTHETIC,22.425,2026-05-11T22:00:00+00:00,180.0,2.131
SIMULATION_FORCING,1013.0,0.0,71.111,0.0,SYNTHETIC,21.389,2026-05-11T23:00:00+00:00,180.0,1.834
SIMULATION_FORCING,1013.0,0.0,71.66,0.0,SYNTHETIC,20.693,2026-05-12T00:00:00+00:00,180.0,2.357
SIMULATION_FORCING,1013.0,0.0,71.423,0.0,SYNTHETIC,20.193,2026-05-12T01:00:00+00:00,180.0,1.896
SIMULATION_FORCING,1013.0,0.0,70.078,0.0,SYNTHETIC,20.023,2026-05-12T02:00:00+00:00,180.0,1.796
SIMULATION_FORCING,1013.0,0.0,72.163,0.0,SYNTHETIC,20.193,2026-05-12T03:00:00+00:00,180.0,2.376
SIMULATION_FORCING,1013.0,0.0,71.553,0.0,SYNTHETIC,20.693,2026-05-12T04:00:00+00:00,180.0,1.892
SIMULATION_FORCING,1013.0,0.0,70.176,0.0,SYNTHETIC,21.487,2026-05-12T05:00:00+00:00,180.0,2.074
SIMULATION_FORCING,1013.0,0.0,73.662,0.0,SYNTHETIC,22.523,2026-05-12T06:00:00+00:00,180.0,2.175
SIMULATION_FORCING,1013.0,0.0,68.359,219.996,SYNTHETIC,23.729,2026-05-12T07:00:00+00:00,180.0,1.654
SIMULATION_FORCING,1013.0,0.0,62.318,425.0,SYNTHETIC,25.023,2026-05-12T08:00:00+00:00,180.0,1.799
SIMULATION_FORCING,1013.0,0.0,59.035,601.041,SYNTHETIC,26.317,2026-05-12T09:00:00+00:00,180.0,2.292
SIMULATION_FORCING,1013.0,0.0,56.316,736.122,SYNTHETIC,27.523,2026-05-12T10:00:00+00:00,180.0,2.24
SIMULATION_FORCING,1013.0,0.0,53.418,821.037,SYNTHETIC,28.558,2026-05-12T11:00:00+00:00,180.0,2.081
SIMULATION_FORCING,1013.0,0.0,53.402,850.0,SYNTHETIC,29.353,2026-05-12T12:00:00+00:00,180.0,1.658
SIMULATION_FORCING,1013.0,0.0,56.292,821.037,SYNTHETIC,29.852,2026-05-12T13:00:00+00:00,180.0,1.67
SIMULATION_FORCING,1013.0,0.0,55.635,736.122,SYNTHETIC,30.023,2026-05-12T14:00:00+00:00,180.0,2.114
SIMULATION_FORCING,1013.0,0.0,57.807,601.041,SYNTHETIC,29.852,2026-05-12T15:00:00+00:00,180.0,1.822
SIMULATION_FORCING,1013.0,0.0,61.138,425.0,SYNTHETIC,29.353,2026-05-12T16:00:00+00:00,180.0,2.364
SIMULATION_FORCING,1013.0,0.0,67.137,219.996,SYNTHETIC,28.558,2026-05-12T17:00:00+00:00,180.0,2.001
SIMULATION_FORCING,1013.0,0.0,72.375,0.0,SYNTHETIC,27.523,2026-05-12T18:00:00+00:00,180.0,2.32
SIMULATION_FORCING,1013.0,0.0,73.182,0.0,SYNTHETIC,26.317,2026-05-12T19:00:00+00:00,180.0,2.025
SIMULATION_FORCING,1013.0,0.0,73.671,0.0,SYNTHETIC,25.023,2026-05-12T20:00:00+00:00,180.0,2.096
SIMULATION_FORCING,1013.0,0.0,71.789,0.0,SYNTHETIC,23.729,2026-05-12T21:00:00+00:00,180.0,2.274
SIMULATION_FORCING,1013.0,0.0,73.915,0.0,SYNTHETIC,22.523,2026-05-12T22:00:00+00:00,180.0,1.941
SIMULATION_FORCING,1013.0,0.0,70.089,0.0,SYNTHETIC,21.487,2026-05-12T23:00:00+00:00,180.0,2.029
SIMULATION_FORCING,1013.0,0.0,70.478,0.0,SYNTHETIC,20.788,2026-05-13T00:00:00+00:00,180.0,2.425
SIMULATION_FORCING,1013.0,0.0,73.835,0.0,SYNTHETIC,20.289,2026-05-13T01:00:00+00:00,180.0,2.166
SIMULATION_FORCING,1013.0,0.0,70.518,0.0,SYNTHETIC,20.119,2026-05-13T02:00:00+00:00,180.0,1.75
SIMULATION_FORCING,1013.0,0.0,70.983,0.0,SYNTHETIC,20.289,2026-05-13T03:00:00+00:00,180.0,1.883
SIMULATION_FORCING,1013.0,0.0,70.245,0.0,SYNTHETIC,20.788,2026-05-13T04:00:00+00:00,180.0,2.202
SIMULATION_FORCING,1013.0,0.0,70.334,0.0,SYNTHETIC,21.583,2026-05-13T05:00:00+00:00,180.0,1.547
SIMULATION_FORCING,1013.0,0.0,72.572,0.0,SYNTHETIC,22.619,2026-05-13T06:00:00+00:00,180.0,2.293
SIMULATION_FORCING,1013.0,0.0,67.32,219.996,SYNTHETIC,23.824,2026-05-13T07:00:00+00:00,180.0,2.358
SIMULATION_FORCING,1013.0,0.0,63.36,425.0,SYNTHETIC,25.119,2026-05-13T08:00:00+00:00,180.0,1.968
SIMULATION_FORCING,1013.0,0.0,59.714,601.041,SYNTHETIC,26.413,2026-05-13T09:00:00+00:00,180.0,2.139
SIMULATION_FORCING,1013.0,0.0,56.181,736.122,SYNTHETIC,27.619,2026-05-13T10:00:00+00:00,180.0,1.88
SIMULATION_FORCING,1013.0,0.0,55.151,821.037,SYNTHETIC,28.654,2026-05-13T11:00:00+00:00,180.0,2.037
SIMULATION_FORCING,1013.0,0.0,52.447,850.0,SYNTHETIC,29.449,2026-05-13T12:00:00+00:00,180.0,2.002
SIMULATION_FORCING,1013.0,0.0,54.431,821.037,SYNTHETIC,29.948,2026-05-13T13:00:00+00:00,180.0,1.508
SIMULATION_FORCING,1013.0,0.0,56.515,736.122,SYNTHETIC,30.119,2026-05-13T14:00:00+00:00,180.0,2.265
SIMULATION_FORCING,1013.0,0.0,60.719,601.041,SYNTHETIC,29.948,2026-05-13T15:00:00+00:00,180.0,1.741
SIMULATION_FORCING,1013.0,0.0,61.439,425.0,SYNTHETIC,29.449,2026-05-13T16:00:00+00:00,180.0,1.982
SIMULATION_FORCING,1013.0,0.0,68.823,219.996,SYNTHETIC,28.654,2026-05-13T17:00:00+00:00,180.0,1.847
SIMULATION_FORCING,1013.0,0.0,73.516,0.0,SYNTHETIC,27.619,2026-05-13T18:00:00+00:00,180.0,1.508
SIMULATION_FORCING,1013.0,0.0,70.662,0.0,SYNTHETIC,26.413,2026-05-13T19:00:00+00:00,180.0,2.281
SIMULATION_FORCING,1013.0,0.0,70.306,0.0,SYNTHETIC,25.119,2026-05-13T20:00:00+00:00,180.0,2.482
SIMULATION_FORCING,1013.0,0.0,70.212,0.0,SYNTHETIC,23.824,2026-05-13T21:00:00+00:00,180.0,1.84
SIMULATION_FORCING,1013.0,0.0,70.146,0.0,SYNTHETIC,22.619,2026-05-13T22:00:00+00:00,180.0,2.096
SIMULATION_FORCING,1013.0,0.0,70.141,0.0,SYNTHETIC,21.583,2026-05-13T23:00:00+00:00,180.0,1.564
SIMULATION_FORCING,1013.0,0.0,71.859,0.0,SYNTHETIC,20.882,2026-05-14T00:00:00+00:00,180.0,2.462
SIMULATION_FORCING,1013.0,0.0,73.077,0.0,SYNTHETIC,20.383,2026-05-14T01:00:00+00:00,180.0,1.958
SIMULATION_FORCING,1013.0,0.0,72.993,0.0,SYNTHETIC,20.212,2026-05-14T02:00:00+00:00,180.0,1.801
SIMULATION_FORCING,1013.0,0.0,70.015,0.0,SYNTHETIC,20.383,2026-05-14T03:00:00+00:00,180.0,1.93
SIMULATION_FORCING,1013.0,0.0,71.979,0.0,SYNTHETIC,20.882,2026-05-14T04:00:00+00:00,180.0,1.755
SIMULATION_FORCING,1013.0,0.0,73.621,0.0,SYNTHETIC,21.677,2026-05-14T05:00:00+00:00,180.0,1.826
SIMULATION_FORCING,1013.0,0.0,72.302,0.0,SYNTHETIC,22.712,2026-05-14T06:00:00+00:00,180.0,2.498
SIMULATION_FORCING,1013.0,0.0,67.593,219.996,SYNTHETIC,23.918,2026-05-14T07:00:00+00:00,180.0,2.05
SIMULATION_FORCING,1013.0,0.0,64.635,425.0,SYNTHETIC,25.212,2026-05-14T08:00:00+00:00,180.0,2.107
SIMULATION_FORCING,1013.0,0.0,58.59,601.041,SYNTHETIC,26.506,2026-05-14T09:00:00+00:00,180.0,1.647
SIMULATION_FORCING,1013.0,0.0,55.303,736.122,SYNTHETIC,27.712,2026-05-14T10:00:00+00:00,180.0,1.964
SIMULATION_FORCING,1013.0,0.0,55.129,821.037,SYNTHETIC,28.748,2026-05-14T11:00:00+00:00,180.0,1.926
SIMULATION_FORCING,1013.0,0.0,53.315,850.0,SYNTHETIC,29.542,2026-05-14T12:00:00+00:00,180.0,2.256
SIMULATION_FORCING,1013.0,0.0,53.568,821.037,SYNTHETIC,30.042,2026-05-14T13:00:00+00:00,180.0,1.614
SIMULATION_FORCING,1013.0,0.0,57.354,736.122,SYNTHETIC,30.212,2026-05-14T14:00:00+00:00,180.0,2.478
SIMULATION_FORCING,1013.0,0.0,58.152,601.041,SYNTHETIC,30.042,2026-05-14T15:00:00+00:00,180.0,1.742
SIMULATION_FORCING,1013.0,0.0,63.413,425.0,SYNTHETIC,29.542,2026-05-14T16:00:00+00:00,180.0,2.455
SIMULATION_FORCING,1013.0,0.0,68.65,219.996,SYNTHETIC,28.748,2026-05-14T17:00:00+00:00,180.0,1.689
SIMULATION_FORCING,1013.0,0.0,71.334,0.0,SYNTHETIC,27.712,2026-05-14T18:00:00+00:00,180.0,2.269
SIMULATION_FORCING,1013.0,0.0,70.755,0.0,SYNTHETIC,26.506,2026-05-14T19:00:00+00:00,180.0,1.684
SIMULATION_FORCING,1013.0,0.0,70.793,0.0,SYNTHETIC,25.212,2026-05-14T20:00:00+00:00,180.0,1.907
SIMULATION_FORCING,1013.0,0.0,70.427,0.0,SYNTHETIC,23.918,2026-05-14T21:00:00+00:00,180.0,1.798
SIMULATION_FORCING,1013.0,0.0,72.224,0.0,SYNTHETIC,22.712,2026-05-14T22:00:00+00:00,180.0,1.896
SIMULATION_FORCING,1013.0,0.0,72.953,0.0,SYNTHETIC,21.677,2026-05-14T23:00:00+00:00,180.0,1.941
SIMULATION_FORCING,1013.0,0.0,71.823,0.0,SYNTHETIC,20.974,2026-05-15T00:00:00+00:00,180.0,2.074
SIMULATION_FORCING,1013.0,0.0,72.044,0.0,SYNTHETIC,20.474,2026-05-15T01:00:00+00:00,180.0,1.948
SIMULATION_FORCING,1013.0,0.0,72.072,0.0,SYNTHETIC,20.304,2026-05-15T02:00:00+00:00,180.0,2.212
SIMULATION_FORCING,1013.0,0.0,70.673,0.0,SYNTHETIC,20.474,2026-05-15T03:00:00+00:00,180.0,1.685
SIMULATION_FORCING,1013.0,0.0,72.289,0.0,SYNTHETIC,20.974,2026-05-15T04:00:00+00:00,180.0,2.209
SIMULATION_FORCING,1013.0,0.0,71.799,0.0,SYNTHETIC,21.768,2026-05-15T05:00:00+00:00,180.0,1.627
SIMULATION_FORCING,1013.0,0.0,71.319,0.0,SYNTHETIC,22.804,2026-05-15T06:00:00+00:00,180.0,1.871
SIMULATION_FORCING,1013.0,0.0,67.927,219.996,SYNTHETIC,24.01,2026-05-15T07:00:00+00:00,180.0,2.464
SIMULATION_FORCING,1013.0,0.0,63.11,425.0,SYNTHETIC,25.304,2026-05-15T08:00:00+00:00,180.0,1.803
SIMULATION_FORCING,1013.0,0.0,60.595,601.041,SYNTHETIC,26.598,2026-05-15T09:00:00+00:00,180.0,2.293
SIMULATION_FORCING,1013.0,0.0,56.03,736.122,SYNTHETIC,27.804,2026-05-15T10:00:00+00:00,180.0,2.024
SIMULATION_FORCING,1013.0,0.0,54.148,821.037,SYNTHETIC,28.839,2026-05-15T11:00:00+00:00,180.0,2.299
SIMULATION_FORCING,1013.0,0.0,52.922,850.0,SYNTHETIC,29.634,2026-05-15T12:00:00+00:00,180.0,2.347
SIMULATION_FORCING,1013.0,0.0,55.957,821.037,SYNTHETIC,30.133,2026-05-15T13:00:00+00:00,180.0,1.868
SIMULATION_FORCING,1013.0,0.0,56.062,736.122,SYNTHETIC,30.304,2026-05-15T14:00:00+00:00,180.0,1.567
SIMULATION_FORCING,1013.0,0.0,58.524,601.041,SYNTHETIC,30.133,2026-05-15T15:00:00+00:00,180.0,2.464
SIMULATION_FORCING,1013.0,0.0,62.426,425.0,SYNTHETIC,29.634,2026-05-15T16:00:00+00:00,180.0,2.138
SIMULATION_FORCING,1013.0,0.0,67.438,219.996,SYNTHETIC,28.839,2026-05-15T17:00:00+00:00,180.0,2.152
SIMULATION_FORCING,1013.0,0.0,72.681,0.0,SYNTHETIC,27.804,2026-05-15T18:00:00+00:00,180.0,1.537
SIMULATION_FORCING,1013.0,0.0,73.075,0.0,SYNTHETIC,26.598,2026-05-15T19:00:00+00:00,180.0,2.023
SIMULATION_FORCING,1013.0,0.0,70.022,0.0,SYNTHETIC,25.304,2026-05-15T20:00:00+00:00,180.0,1.527
SIMULATION_FORCING,1013.0,0.0,71.62,0.0,SYNTHETIC,24.01,2026-05-15T21:00:00+00:00,180.0,1.92
SIMULATION_FORCING,1013.0,0.0,72.424,0.0,SYNTHETIC,22.804,2026-05-15T22:00:00+00:00,180.0,1.981
SIMULATION_FORCING,1013.0,0.0,73.057,0.0,SYNTHETIC,21.768,2026-05-15T23:00:00+00:00,180.0,1.839
SIMULATION_FORCING,1013.0,0.0,70.691,0.0,SYNTHETIC,21.063,2026-05-16T00:00:00+00:00,180.0,1.604
SIMULATION_FORCING,1013.0,0.0,70.071,0.0,SYNTHETIC,20.564,2026-05-16T01:00:00+00:00,180.0,1.756
SIMULATION_FORCING,1013.0,0.0,73.059,0.0,SYNTHETIC,20.393,2026-05-16T02:00:00+00:00,180.0,2.499
SIMULATION_FORCING,1013.0,0.0,73.919,0.0,SYNTHETIC,20.564,2026-05-16T03:00:00+00:00,180.0,2.194
SIMULATION_FORCING,1013.0,0.0,71.569,0.0,SYNTHETIC,21.063,2026-05-16T04:00:00+00:00,180.0,2.266
SIMULATION_FORCING,1013.0,0.0,71.821,0.0,SYNTHETIC,21.858,2026-05-16T05:00:00+00:00,180.0,1.736
SIMULATION_FORCING,1013.0,0.0,70.208,0.0,SYNTHETIC,22.893,2026-05-16T06:00:00+00:00,180.0,1.856
SIMULATION_FORCING,1013.0,0.0,65.435,219.996,SYNTHETIC,24.099,2026-05-16T07:00:00+00:00,180.0,2.279
SIMULATION_FORCING,1013.0,0.0,61.962,425.0,SYNTHETIC,25.393,2026-05-16T08:00:00+00:00,180.0,1.58
SIMULATION_FORCING,1013.0,0.0,57.701,601.041,SYNTHETIC,26.687,2026-05-16T09:00:00+00:00,180.0,1.707
SIMULATION_FORCING,1013.0,0.0,55.267,736.122,SYNTHETIC,27.893,2026-05-16T10:00:00+00:00,180.0,1.715
SIMULATION_FORCING,1013.0,0.0,55.202,821.037,SYNTHETIC,28.929,2026-05-16T11:00:00+00:00,180.0,1.921
SIMULATION_FORCING,1013.0,0.0,52.862,850.0,SYNTHETIC,29.723,2026-05-16T12:00:00+00:00,180.0,1.658
SIMULATION_FORCING,1013.0,0.0,52.879,821.037,SYNTHETIC,30.223,2026-05-16T13:00:00+00:00,180.0,2.02
SIMULATION_FORCING,1013.0,0.0,57.309,736.122,SYNTHETIC,30.393,2026-05-16T14:00:00+00:00,180.0,1.555
SIMULATION_FORCING,1013.0,0.0,59.016,601.041,SYNTHETIC,30.223,2026-05-16T15:00:00+00:00,180.0,2.295
SIMULATION_FORCING,1013.0,0.0,61.441,425.0,SYNTHETIC,29.723,2026-05-16T16:00:00+00:00,180.0,2.403
SIMULATION_FORCING,1013.0,0.0,67.032,219.996,SYNTHETIC,28.929,2026-05-16T17:00:00+00:00,180.0,1.711
SIMULATION_FORCING,1013.0,0.0,71.16,0.0,SYNTHETIC,27.893,2026-05-16T18:00:00+00:00,180.0,1.536
SIMULATION_FORCING,1013.0,0.0,73.216,0.0,SYNTHETIC,26.687,2026-05-16T19:00:00+00:00,180.0,1.613
SIMULATION_FORCING,1013.0,0.0,73.548,0.0,SYNTHETIC,25.393,2026-05-16T20:00:00+00:00,180.0,2.299
SIMULATION_FORCING,1013.0,0.0,70.132,0.0,SYNTHETIC,24.099,2026-05-16T21:00:00+00:00,180.0,2.407
SIMULATION_FORCING,1013.0,0.0,70.24,0.0,SYNTHETIC,22.893,2026-05-16T22:00:00+00:00,180.0,1.843
SIMULATION_FORCING,1013.0,0.0,70.483,0.0,SYNTHETIC,21.858,2026-05-16T23:00:00+00:00,180.0,1.889
SIMULATION_FORCING,1013.0,0.0,72.565,0.0,SYNTHETIC,21.15,2026-05-17T00:00:00+00:00,180.0,1.816
SIMULATION_FORCING,1013.0,0.0,70.884,0.0,SYNTHETIC,20.651,2026-05-17T01:00:00+00:00,180.0,1.799
SIMULATION_FORCING,1013.0,0.0,71.045,0.0,SYNTHETIC,20.481,2026-05-17T02:00:00+00:00,180.0,2.494
SIMULATION_FORCING,1013.0,0.0,70.882,0.0,SYNTHETIC,20.651,2026-05-17T03:00:00+00:00,180.0,1.701
SIMULATION_FORCING,1013.0,0.0,72.103,0.0,SYNTHETIC,21.15,2026-05-17T04:00:00+00:00,180.0,1.802
SIMULATION_FORCING,1013.0,0.0,72.663,0.0,SYNTHETIC,21.945,2026-05-17T05:00:00+00:00,180.0,2.031
SIMULATION_FORCING,1013.0,0.0,71.467,0.0,SYNTHETIC,22.981,2026-05-17T06:00:00+00:00,180.0,2.048
SIMULATION_FORCING,1013.0,0.0,66.536,219.996,SYNTHETIC,24.186,2026-05-17T07:00:00+00:00,180.0,1.662
SIMULATION_FORCING,1013.0,0.0,64.362,425.0,SYNTHETIC,25.481,2026-05-17T08:00:00+00:00,180.0,2.177
SIMULATION_FORCING,1013.0,0.0,57.739,601.041,SYNTHETIC,26.775,2026-05-17T09:00:00+00:00,180.0,2.295
SIMULATION_FORCING,1013.0,0.0,56.42,736.122,SYNTHETIC,27.981,2026-05-17T10:00:00+00:00,180.0,2.351
SIMULATION_FORCING,1013.0,0.0,54.244,821.037,SYNTHETIC,29.016,2026-05-17T11:00:00+00:00,180.0,2.315
SIMULATION_FORCING,1013.0,0.0,53.008,850.0,SYNTHETIC,29.811,2026-05-17T12:00:00+00:00,180.0,1.713
SIMULATION_FORCING,1013.0,0.0,56.294,821.037,SYNTHETIC,30.31,2026-05-17T13:00:00+00:00,180.0,1.748
SIMULATION_FORCING,1013.0,0.0,55.554,736.122,SYNTHETIC,30.481,2026-05-17T14:00:00+00:00,180.0,2.395
SIMULATION_FORCING,1013.0,0.0,59.848,601.041,SYNTHETIC,30.31,2026-05-17T15:00:00+00:00,180.0,2.037
SIMULATION_FORCING,1013.0,0.0,63.517,425.0,SYNTHETIC,29.811,2026-05-17T16:00:00+00:00,180.0,2.341
SIMULATION_FORCING,1013.0,0.0,66.584,219.996,SYNTHETIC,29.016,2026-05-17T17:00:00+00:00,180.0,1.689
SIMULATION_FORCING,1013.0,0.0,71.744,0.0,SYNTHETIC,27.981,2026-05-17T18:00:00+00:00,180.0,1.971
SIMULATION_FORCING,1013.0,0.0,72.806,0.0,SYNTHETIC,26.775,2026-05-17T19:00:00+00:00,180.0,2.037
SIMULATION_FORCING,1013.0,0.0,73.658,0.0,SYNTHETIC,25.481,2026-05-17T20:00:00+00:00,180.0,2.273
SIMULATION_FORCING,1013.0,0.0,73.747,0.0,SYNTHETIC,24.186,2026-05-17T21:00:00+00:00,180.0,1.711
SIMULATION_FORCING,1013.0,0.0,72.014,0.0,SYNTHETIC,22.981,2026-05-17T22:00:00+00:00,180.0,2.414
SIMULATION_FORCING,1013.0,0.0,72.476,0.0,SYNTHETIC,21.945,2026-05-17T23:00:00+00:00,180.0,1.773
SIMULATION_FORCING,1013.0,0.0,73.306,0.0,SYNTHETIC,21.235,2026-05-18T00:00:00+00:00,180.0,1.749
SIMULATION_FORCING,1013.0,0.0,72.726,0.0,SYNTHETIC,20.736,2026-05-18T01:00:00+00:00,180.0,2.073
SIMULATION_FORCING,1013.0,0.0,71.715,0.0,SYNTHETIC,20.566,2026-05-18T02:00:00+00:00,180.0,1.574
SIMULATION_FORCING,1013.0,0.0,72.907,0.0,SYNTHETIC,20.736,2026-05-18T03:00:00+00:00,180.0,1.579
SIMULATION_FORCING,1013.0,0.0,73.195,0.0,SYNTHETIC,21.235,2026-05-18T04:00:00+00:00,180.0,1.741
SIMULATION_FORCING,1013.0,0.0,70.328,0.0,SYNTHETIC,22.03,2026-05-18T05:00:00+00:00,180.0,2.343
SIMULATION_FORCING,1013.0,0.0,72.518,0.0,SYNTHETIC,23.066,2026-05-18T06:00:00+00:00,180.0,2.099
SIMULATION_FORCING,1013.0,0.0,67.361,219.996,SYNTHETIC,24.271,2026-05-18T07:00:00+00:00,180.0,1.771
SIMULATION_FORCING,1013.0,0.0,63.228,425.0,SYNTHETIC,25.566,2026-05-18T08:00:00+00:00,180.0,1.549
SIMULATION_FORCING,1013.0,0.0,57.706,601.041,SYNTHETIC,26.86,2026-05-18T09:00:00+00:00,180.0,2.098
SIMULATION_FORCING,1013.0,0.0,54.95,736.122,SYNTHETIC,28.066,2026-05-18T10:00:00+00:00,180.0,1.541
SIMULATION_FORCING,1013.0,0.0,56.349,821.037,SYNTHETIC,29.101,2026-05-18T11:00:00+00:00,180.0,1.514
SIMULATION_FORCING,1013.0,0.0,52.639,850.0,SYNTHETIC,29.896,2026-05-18T12:00:00+00:00,180.0,1.965
SIMULATION_FORCING,1013.0,0.0,53.499,821.037,SYNTHETIC,30.395,2026-05-18T13:00:00+00:00,180.0,2.087
SIMULATION_FORCING,1013.0,0.0,57.647,736.122,SYNTHETIC,30.566,2026-05-18T14:00:00+00:00,180.0,1.602
SIMULATION_FORCING,1013.0,0.0,60.678,601.041,SYNTHETIC,30.395,2026-05-18T15:00:00+00:00,180.0,2.221
SIMULATION_FORCING,1013.0,0.0,63.163,425.0,SYNTHETIC,29.896,2026-05-18T16:00:00+00:00,180.0,1.93
SIMULATION_FORCING,1013.0,0.0,67.35,219.996,SYNTHETIC,29.101,2026-05-18T17:00:00+00:00,180.0,1.847
SIMULATION_FORCING,1013.0,0.0,71.494,0.0,SYNTHETIC,28.066,2026-05-18T18:00:00+00:00,180.0,1.983
SIMULATION_FORCING,1013.0,0.0,72.649,0.0,SYNTHETIC,26.86,2026-05-18T19:00:00+00:00,180.0,1.686
SIMULATION_FORCING,1013.0,0.0,71.546,0.0,SYNTHETIC,25.566,2026-05-18T20:00:00+00:00,180.0,2.051
SIMULATION_FORCING,1013.0,0.0,71.056,0.0,SYNTHETIC,24.271,2026-05-18T21:00:00+00:00,180.0,1.96
SIMULATION_FORCING,1013.0,0.0,72.699,0.0,SYNTHETIC,23.066,2026-05-18T22:00:00+00:00,180.0,1.842
SIMULATION_FORCING,1013.0,0.0,73.966,0.0,SYNTHETIC,22.03,2026-05-18T23:00:00+00:00,180.0,2.425
SIMULATION_FORCING,1013.0,0.0,71.068,0.0,SYNTHETIC,21.318,2026-05-19T00:00:00+00:00,180.0,2.189
SIMULATION_FORCING,1013.0,0.0,71.291,0.0,SYNTHETIC,20.819,2026-05-19T01:00:00+00:00,180.0,2.052
SIMULATION_FORCING,1013.0,0.0,71.316,0.0,SYNTHETIC,20.648,2026-05-19T02:00:00+00:00,180.0,1.655
SIMULATION_FORCING,1013.0,0.0,72.221,0.0,SYNTHETIC,20.819,2026-05-19T03:00:00+00:00,180.0,2.307
SIMULATION_FORCING,1013.0,0.0,72.04,0.0,SYNTHETIC,21.318,2026-05-19T04:00:00+00:00,180.0,1.61
SIMULATION_FORCING,1013.0,0.0,70.586,0.0,SYNTHETIC,22.113,2026-05-19T05:00:00+00:00,180.0,2.367
SIMULATION_FORCING,1013.0,0.0,73.206,0.0,SYNTHETIC,23.148,2026-05-19T06:00:00+00:00,180.0,1.923
SIMULATION_FORCING,1013.0,0.0,66.989,219.996,SYNTHETIC,24.354,2026-05-19T07:00:00+00:00,180.0,1.88
SIMULATION_FORCING,1013.0,0.0,62.699,425.0,SYNTHETIC,25.648,2026-05-19T08:00:00+00:00,180.0,1.87
SIMULATION_FORCING,1013.0,0.0,59.53,601.041,SYNTHETIC,26.942,2026-05-19T09:00:00+00:00,180.0,2.37
SIMULATION_FORCING,1013.0,0.0,56.237,736.122,SYNTHETIC,28.148,2026-05-19T10:00:00+00:00,180.0,1.691
SIMULATION_FORCING,1013.0,0.0,55.701,821.037,SYNTHETIC,29.184,2026-05-19T11:00:00+00:00,180.0,2.462
SIMULATION_FORCING,1013.0,0.0,54.41,850.0,SYNTHETIC,29.978,2026-05-19T12:00:00+00:00,180.0,2.271
SIMULATION_FORCING,1013.0,0.0,52.685,821.037,SYNTHETIC,30.478,2026-05-19T13:00:00+00:00,180.0,1.815
SIMULATION_FORCING,1013.0,0.0,58.34,736.122,SYNTHETIC,30.648,2026-05-19T14:00:00+00:00,180.0,1.868
SIMULATION_FORCING,1013.0,0.0,57.704,601.041,SYNTHETIC,30.478,2026-05-19T15:00:00+00:00,180.0,1.705
SIMULATION_FORCING,1013.0,0.0,62.937,425.0,SYNTHETIC,29.978,2026-05-19T16:00:00+00:00,180.0,2.295
SIMULATION_FORCING,1013.0,0.0,66.899,219.996,SYNTHETIC,29.184,2026-05-19T17:00:00+00:00,180.0,2.034
SIMULATION_FORCING,1013.0,0.0,70.701,0.0,SYNTHETIC,28.148,2026-05-19T18:00:00+00:00,180.0,2.13
SIMULATION_FORCING,1013.0,0.0,71.863,0.0,SYNTHETIC,26.942,2026-05-19T19:00:00+00:00,180.0,1.825
SIMULATION_FORCING,1013.0,0.0,73.279,0.0,SYNTHETIC,25.648,2026-05-19T20:00:00+00:00,180.0,2.033
SIMULATION_FORCING,1013.0,0.0,70.512,0.0,SYNTHETIC,24.354,2026-05-19T21:00:00+00:00,180.0,1.749
SIMULATION_FORCING,1013.0,0.0,72.044,0.0,SYNTHETIC,23.148,2026-05-19T22:00:00+00:00,180.0,1.713
SIMULATION_FORCING,1013.0,0.0,73.08,0.0,SYNTHETIC,22.113,2026-05-19T23:00:00+00:00,180.0,1.874
SIMULATION_FORCING,1013.0,0.0,72.232,0.0,SYNTHETIC,21.399,2026-05-20T00:00:00+00:00,180.0,1.656
SIMULATION_FORCING,1013.0,0.0,72.804,0.0,SYNTHETIC,20.899,2026-05-20T01:00:00+00:00,180.0,2.373
SIMULATION_FORCING,1013.0,0.0,71.777,0.0,SYNTHETIC,20.729,2026-05-20T02:00:00+00:00,180.0,1.736
SIMULATION_FORCING,1013.0,0.0,73.609,0.0,SYNTHETIC,20.899,2026-05-20T03:00:00+00:00,180.0,1.649
SIMULATION_FORCING,1013.0,0.0,72.855,0.0,SYNTHETIC,21.399,2026-05-20T04:00:00+00:00,180.0,1.799
SIMULATION_FORCING,1013.0,0.0,72.183,0.0,SYNTHETIC,22.193,2026-05-20T05:00:00+00:00,180.0,1.602
SIMULATION_FORCING,1013.0,0.0,73.694,0.0,SYNTHETIC,23.229,2026-05-20T06:00:00+00:00,180.0,1.971
SIMULATION_FORCING,1013.0,0.0,66.016,219.996,SYNTHETIC,24.435,2026-05-20T07:00:00+00:00,180.0,1.701
SIMULATION_FORCING,1013.0,0.0,62.107,425.0,SYNTHETIC,25.729,2026-05-20T08:00:00+00:00,180.0,2.27
SIMULATION_FORCING,1013.0,0.0,58.57,601.041,SYNTHETIC,27.023,2026-05-20T09:00:00+00:00,180.0,1.653
SIMULATION_FORCING,1013.0,0.0,57.342,736.122,SYNTHETIC,28.229,2026-05-20T10:00:00+00:00,180.0,1.906
SIMULATION_FORCING,1013.0,0.0,55.147,821.037,SYNTHETIC,29.264,2026-05-20T11:00:00+00:00,180.0,1.752
SIMULATION_FORCING,1013.0,0.0,54.18,850.0,SYNTHETIC,30.059,2026-05-20T12:00:00+00:00,180.0,2.261
SIMULATION_FORCING,1013.0,0.0,52.646,821.037,SYNTHETIC,30.559,2026-05-20T13:00:00+00:00,180.0,1.649
SIMULATION_FORCING,1013.0,0.0,55.921,736.122,SYNTHETIC,30.729,2026-05-20T14:00:00+00:00,180.0,1.996
SIMULATION_FORCING,1013.0,0.0,58.053,601.041,SYNTHETIC,30.559,2026-05-20T15:00:00+00:00,180.0,1.506
SIMULATION_FORCING,1013.0,0.0,62.747,425.0,SYNTHETIC,30.059,2026-05-20T16:00:00+00:00,180.0,1.501
SIMULATION_FORCING,1013.0,0.0,67.548,219.996,SYNTHETIC,29.264,2026-05-20T17:00:00+00:00,180.0,1.628
SIMULATION_FORCING,1013.0,0.0,71.075,0.0,SYNTHETIC,28.229,2026-05-20T18:00:00+00:00,180.0,1.528
SIMULATION_FORCING,1013.0,0.0,73.076,0.0,SYNTHETIC,27.023,2026-05-20T19:00:00+00:00,180.0,2.0
SIMULATION_FORCING,1013.0,0.0,73.009,0.0,SYNTHETIC,25.729,2026-05-20T20:00:00+00:00,180.0,1.721
SIMULATION_FORCING,1013.0,0.0,71.554,0.0,SYNTHETIC,24.435,2026-05-20T21:00:00+00:00,180.0,1.702
SIMULATION_FORCING,1013.0,0.0,71.94,0.0,SYNTHETIC,23.229,2026-05-20T22:00:00+00:00,180.0,1.91
SIMULATION_FORCING,1013.0,0.0,70.167,0.0,SYNTHETIC,22.193,2026-05-20T23:00:00+00:00,180.0,2.194
SIMULATION_FORCING,1013.0,0.0,71.627,0.0,SYNTHETIC,21.477,2026-05-21T00:00:00+00:00,180.0,1.767
SIMULATION_FORCING,1013.0,0.0,72.643,0.0,SYNTHETIC,20.977,2026-05-21T01:00:00+00:00,180.0,2.467
SIMULATION_FORCING,1013.0,0.0,71.506,0.0,SYNTHETIC,20.807,2026-05-21T02:00:00+00:00,180.0,2.2
SIMULATION_FORCING,1013.0,0.0,72.545,0.0,SYNTHETIC,20.977,2026-05-21T03:00:00+00:00,180.0,2.216
SIMULATION_FORCING,1013.0,0.0,70.652,0.0,SYNTHETIC,21.477,2026-05-21T04:00:00+00:00,180.0,2.202
SIMULATION_FORCING,1013.0,0.0,72.042,0.0,SYNTHETIC,22.272,2026-05-21T05:00:00+00:00,180.0,2.364
SIMULATION_FORCING,1013.0,0.0,73.133,0.0,SYNTHETIC,23.307,2026-05-21T06:00:00+00:00,180.0,2.154
SIMULATION_FORCING,1013.0,0.0,68.362,219.996,SYNTHETIC,24.513,2026-05-21T07:00:00+00:00,180.0,1.698
SIMULATION_FORCING,1013.0,0.0,63.314,425.0,SYNTHETIC,25.807,2026-05-21T08:00:00+00:00,180.0,2.331
SIMULATION_FORCING,1013.0,0.0,58.543,601.041,SYNTHETIC,27.101,2026-05-21T09:00:00+00:00,180.0,2.116
SIMULATION_FORCING,1013.0,0.0,55.618,736.122,SYNTHETIC,28.307,2026-05-21T10:00:00+00:00,180.0,1.685
SIMULATION_FORCING,1013.0,0.0,53.834,821.037,SYNTHETIC,29.343,2026-05-21T11:00:00+00:00,180.0,2.493
SIMULATION_FORCING,1013.0,0.0,55.139,850.0,SYNTHETIC,30.137,2026-05-21T12:00:00+00:00,180.0,1.531
SIMULATION_FORCING,1013.0,0.0,55.977,821.037,SYNTHETIC,30.637,2026-05-21T13:00:00+00:00,180.0,1.625
SIMULATION_FORCING,1013.0,0.0,54.673,736.122,SYNTHETIC,30.807,2026-05-21T14:00:00+00:00,180.0,1.888
SIMULATION_FORCING,1013.0,0.0,60.974,601.041,SYNTHETIC,30.637,2026-05-21T15:00:00+00:00,180.0,2.173
SIMULATION_FORCING,1013.0,0.0,63.854,425.0,SYNTHETIC,30.137,2026-05-21T16:00:00+00:00,180.0,1.752
SIMULATION_FORCING,1013.0,0.0,67.177,219.996,SYNTHETIC,29.343,2026-05-21T17:00:00+00:00,180.0,1.617
SIMULATION_FORCING,1013.0,0.0,72.884,0.0,SYNTHETIC,28.307,2026-05-21T18:00:00+00:00,180.0,2.344
SIMULATION_FORCING,1013.0,0.0,73.821,0.0,SYNTHETIC,27.101,2026-05-21T19:00:00+00:00,180.0,1.747
SIMULATION_FORCING,1013.0,0.0,72.366,0.0,SYNTHETIC,25.807,2026-05-21T20:00:00+00:00,180.0,2.391
SIMULATION_FORCING,1013.0,0.0,72.783,0.0,SYNTHETIC,24.513,2026-05-21T21:00:00+00:00,180.0,1.517
SIMULATION_FORCING,1013.0,0.0,72.156,0.0,SYNTHETIC,23.307,2026-05-21T22:00:00+00:00,180.0,1.703
SIMULATION_FORCING,1013.0,0.0,71.645,0.0,SYNTHETIC,22.272,2026-05-21T23:00:00+00:00,180.0,1.824
SIMULATION_FORCING,1013.0,0.0,73.039,0.0,SYNTHETIC,21.553,2026-05-22T00:00:00+00:00,180.0,1.619
SIMULATION_FORCING,1013.0,0.0,72.74,0.0,SYNTHETIC,21.053,2026-05-22T01:00:00+00:00,180.0,1.892
SIMULATION_FORCING,1013.0,0.0,70.61,0.0,SYNTHETIC,20.883,2026-05-22T02:00:00+00:00,180.0,1.568
SIMULATION_FORCING,1013.0,0.0,72.986,0.0,SYNTHETIC,21.053,2026-05-22T03:00:00+00:00,180.0,1.821
SIMULATION_FORCING,1013.0,0.0,71.721,0.0,SYNTHETIC,21.553,2026-05-22T04:00:00+00:00,180.0,2.151
SIMULATION_FORCING,1013.0,0.0,73.72,0.0,SYNTHETIC,22.347,2026-05-22T05:00:00+00:00,180.0,1.541
SIMULATION_FORCING,1013.0,0.0,70.428,0.0,SYNTHETIC,23.383,2026-05-22T06:00:00+00:00,180.0,2.026
SIMULATION_FORCING,1013.0,0.0,65.81,219.996,SYNTHETIC,24.589,2026-05-22T07:00:00+00:00,180.0,2.254
SIMULATION_FORCING,1013.0,0.0,61.335,425.0,SYNTHETIC,25.883,2026-05-22T08:00:00+00:00,180.0,2.353
SIMULATION_FORCING,1013.0,0.0,59.441,601.041,SYNTHETIC,27.177,2026-05-22T09:00:00+00:00,180.0,2.24
SIMULATION_FORCING,1013.0,0.0,56.968,736.122,SYNTHETIC,28.383,2026-05-22T10:00:00+00:00,180.0,1.761
SIMULATION_FORCING,1013.0,0.0,54.548,821.037,SYNTHETIC,29.419,2026-05-22T11:00:00+00:00,180.0,1.86
SIMULATION_FORCING,1013.0,0.0,55.102,850.0,SYNTHETIC,30.213,2026-05-22T12:00:00+00:00,180.0,2.363
SIMULATION_FORCING,1013.0,0.0,53.988,821.037,SYNTHETIC,30.713,2026-05-22T13:00:00+00:00,180.0,2.407
SIMULATION_FORCING,1013.0,0.0,54.802,736.122,SYNTHETIC,30.883,2026-05-22T14:00:00+00:00,180.0,2.477
SIMULATION_FORCING,1013.0,0.0,58.776,601.041,SYNTHETIC,30.713,2026-05-22T15:00:00+00:00,180.0,1.728
SIMULATION_FORCING,1013.0,0.0,62.541,425.0,SYNTHETIC,30.213,2026-05-22T16:00:00+00:00,180.0,2.042
SIMULATION_FORCING,1013.0,0.0,66.214,219.996,SYNTHETIC,29.419,2026-05-22T17:00:00+00:00,180.0,1.768
SIMULATION_FORCING,1013.0,0.0,72.698,0.0,SYNTHETIC,28.383,2026-05-22T18:00:00+00:00,180.0,2.211
SIMULATION_FORCING,1013.0,0.0,73.296,0.0,SYNTHETIC,27.177,2026-05-22T19:00:00+00:00,180.0,1.509
SIMULATION_FORCING,1013.0,0.0,71.002,0.0,SYNTHETIC,25.883,2026-05-22T20:00:00+00:00,180.0,2.424
SIMULATION_FORCING,1013.0,0.0,72.526,0.0,SYNTHETIC,24.589,2026-05-22T21:00:00+00:00,180.0,2.196
SIMULATION_FORCING,1013.0,0.0,73.415,0.0,SYNTHETIC,23.383,2026-05-22T22:00:00+00:00,180.0,1.887
SIMULATION_FORCING,1013.0,0.0,71.253,0.0,SYNTHETIC,22.347,2026-05-22T23:00:00+00:00,180.0,1.615
SIMULATION_FORCING,1013.0,0.0,70.949,0.0,SYNTHETIC,21.626,2026-05-23T00:00:00+00:00,180.0,2.442
SIMULATION_FORCING,1013.0,0.0,73.582,0.0,SYNTHETIC,21.127,2026-05-23T01:00:00+00:00,180.0,1.908
SIMULATION_FORCING,1013.0,0.0,71.875,0.0,SYNTHETIC,20.957,2026-05-23T02:00:00+00:00,180.0,1.58
SIMULATION_FORCING,1013.0,0.0,70.336,0.0,SYNTHETIC,21.127,2026-05-23T03:00:00+00:00,180.0,1.544
SIMULATION_FORCING,1013.0,0.0,70.788,0.0,SYNTHETIC,21.626,2026-05-23T04:00:00+00:00,180.0,2.161
SIMULATION_FORCING,1013.0,0.0,72.277,0.0,SYNTHETIC,22.421,2026-05-23T05:00:00+00:00,180.0,2.351
SIMULATION_FORCING,1013.0,0.0,72.678,0.0,SYNTHETIC,23.457,2026-05-23T06:00:00+00:00,180.0,2.487
SIMULATION_FORCING,1013.0,0.0,66.924,219.996,SYNTHETIC,24.663,2026-05-23T07:00:00+00:00,180.0,2.49
SIMULATION_FORCING,1013.0,0.0,61.048,425.0,SYNTHETIC,25.957,2026-05-23T08:00:00+00:00,180.0,1.537
SIMULATION_FORCING,1013.0,0.0,60.553,601.041,SYNTHETIC,27.251,2026-05-23T09:00:00+00:00,180.0,2.35
SIMULATION_FORCING,1013.0,0.0,57.576,736.122,SYNTHETIC,28.457,2026-05-23T10:00:00+00:00,180.0,1.675
SIMULATION_FORCING,1013.0,0.0,56.031,821.037,SYNTHETIC,29.492,2026-05-23T11:00:00+00:00,180.0,2.453
SIMULATION_FORCING,1013.0,0.0,55.931,850.0,SYNTHETIC,30.287,2026-05-23T12:00:00+00:00,180.0,1.828
SIMULATION_FORCING,1013.0,0.0,56.372,821.037,SYNTHETIC,30.786,2026-05-23T13:00:00+00:00,180.0,1.728
SIMULATION_FORCING,1013.0,0.0,54.778,736.122,SYNTHETIC,30.957,2026-05-23T14:00:00+00:00,180.0,1.944
SIMULATION_FORCING,1013.0,0.0,57.466,601.041,SYNTHETIC,30.786,2026-05-23T15:00:00+00:00,180.0,1.599
SIMULATION_FORCING,1013.0,0.0,61.566,425.0,SYNTHETIC,30.287,2026-05-23T16:00:00+00:00,180.0,1.574
SIMULATION_FORCING,1013.0,0.0,66.548,219.996,SYNTHETIC,29.492,2026-05-23T17:00:00+00:00,180.0,2.437
SIMULATION_FORCING,1013.0,0.0,73.169,0.0,SYNTHETIC,28.457,2026-05-23T18:00:00+00:00,180.0,1.545
SIMULATION_FORCING,1013.0,0.0,72.547,0.0,SYNTHETIC,27.251,2026-05-23T19:00:00+00:00,180.0,1.895
SIMULATION_FORCING,1013.0,0.0,70.847,0.0,SYNTHETIC,25.957,2026-05-23T20:00:00+00:00,180.0,1.79
SIMULATION_FORCING,1013.0,0.0,72.036,0.0,SYNTHETIC,24.663,2026-05-23T21:00:00+00:00,180.0,1.94
SIMULATION_FORCING,1013.0,0.0,70.641,0.0,SYNTHETIC,23.457,2026-05-23T22:00:00+00:00,180.0,1.819
SIMULATION_FORCING,1013.0,0.0,71.101,0.0,SYNTHETIC,22.421,2026-05-23T23:00:00+00:00,180.0,1.889
SIMULATION_FORCING,1013.0,0.0,73.049,0.0,SYNTHETIC,21.698,2026-05-24T00:00:00+00:00,180.0,2.231
SIMULATION_FORCING,1013.0,0.0,72.486,0.0,SYNTHETIC,21.198,2026-05-24T01:00:00+00:00,180.0,1.654
SIMULATION_FORCING,1013.0,0.0,70.356,0.0,SYNTHETIC,21.028,2026-05-24T02:00:00+00:00,180.0,1.584
SIMULATION_FORCING,1013.0,0.0,73.19,0.0,SYNTHETIC,21.198,2026-05-24T03:00:00+00:00,180.0,1.519
SIMULATION_FORCING,1013.0,0.0,71.842,0.0,SYNTHETIC,21.698,2026-05-24T04:00:00+00:00,180.0,2.369
SIMULATION_FORCING,1013.0,0.0,73.302,0.0,SYNTHETIC,22.492,2026-05-24T05:00:00+00:00,180.0,1.673
SIMULATION_FORCING,1013.0,0.0,73.345,0.0,SYNTHETIC,23.528,2026-05-24T06:00:00+00:00,180.0,2.421
SIMULATION_FORCING,1013.0,0.0,68.999,219.996,SYNTHETIC,24.734,2026-05-24T07:00:00+00:00,180.0,2.21
SIMULATION_FORCING,1013.0,0.0,63.05,425.0,SYNTHETIC,26.028,2026-05-24T08:00:00+00:00,180.0,1.558
SIMULATION_FORCING,1013.0,0.0,58.738,601.041,SYNTHETIC,27.322,2026-05-24T09:00:00+00:00,180.0,1.657
SIMULATION_FORCING,1013.0,0.0,56.574,736.122,SYNTHETIC,28.528,2026-05-24T10:00:00+00:00,180.0,2.305
SIMULATION_FORCING,1013.0,0.0,55.345,821.037,SYNTHETIC,29.563,2026-05-24T11:00:00+00:00,180.0,1.709
SIMULATION_FORCING,1013.0,0.0,54.327,850.0,SYNTHETIC,30.358,2026-05-24T12:00:00+00:00,180.0,2.268
SIMULATION_FORCING,1013.0,0.0,52.831,821.037,SYNTHETIC,30.857,2026-05-24T13:00:00+00:00,180.0,2.253
SIMULATION_FORCING,1013.0,0.0,55.171,736.122,SYNTHETIC,31.028,2026-05-24T14:00:00+00:00,180.0,1.915
SIMULATION_FORCING,1013.0,0.0,60.571,601.041,SYNTHETIC,30.857,2026-05-24T15:00:00+00:00,180.0,2.33
SIMULATION_FORCING,1013.0,0.0,63.837,425.0,SYNTHETIC,30.358,2026-05-24T16:00:00+00:00,180.0,2.239
SIMULATION_FORCING,1013.0,0.0,67.513,219.996,SYNTHETIC,29.563,2026-05-24T17:00:00+00:00,180.0,2.423
SIMULATION_FORCING,1013.0,0.0,71.322,0.0,SYNTHETIC,28.528,2026-05-24T18:00:00+00:00,180.0,1.686
SIMULATION_FORCING,1013.0,0.0,71.21,0.0,SYNTHETIC,27.322,2026-05-24T19:00:00+00:00,180.0,1.867
SIMULATION_FORCING,1013.0,0.0,72.751,0.0,SYNTHETIC,26.028,2026-05-24T20:00:00+00:00,180.0,1.769
SIMULATION_FORCING,1013.0,0.0,72.879,0.0,SYNTHETIC,24.734,2026-05-24T21:00:00+00:00,180.0,1.991
SIMULATION_FORCING,1013.0,0.0,73.485,0.0,SYNTHETIC,23.528,2026-05-24T22:00:00+00:00,180.0,1.615
SIMULATION_FORCING,1013.0,0.0,70.059,0.0,SYNTHETIC,22.492,2026-05-24T23:00:00+00:00,180.0,2.307
SIMULATION_FORCING,1013.0,0.0,71.655,0.0,SYNTHETIC,21.767,2026-05-25T00:00:00+00:00,180.0,2.364
SIMULATION_FORCING,1013.0,0.0,70.747,0.0,SYNTHETIC,21.267,2026-05-25T01:00:00+00:00,180.0,1.702
SIMULATION_FORCING,1013.0,0.0,70.71,0.0,SYNTHETIC,21.097,2026-05-25T02:00:00+00:00,180.0,1.667
SIMULATION_FORCING,1013.0,0.0,71.739,0.0,SYNTHETIC,21.267,2026-05-25T03:00:00+00:00,180.0,2.009
SIMULATION_FORCING,1013.0,0.0,73.131,0.0,SYNTHETIC,21.767,2026-05-25T04:00:00+00:00,180.0,1.51
SIMULATION_FORCING,1013.0,0.0,73.695,0.0,SYNTHETIC,22.561,2026-05-25T05:00:00+00:00,180.0,2.37
SIMULATION_FORCING,1013.0,0.0,70.614,0.0,SYNTHETIC,23.597,2026-05-25T06:00:00+00:00,180.0,1.861
SIMULATION_FORCING,1013.0,0.0,67.209,219.996,SYNTHETIC,24.803,2026-05-25T07:00:00+00:00,180.0,1.832
SIMULATION_FORCING,1013.0,0.0,64.915,425.0,SYNTHETIC,26.097,2026-05-25T08:00:00+00:00,180.0,1.875
SIMULATION_FORCING,1013.0,0.0,60.967,601.041,SYNTHETIC,27.391,2026-05-25T09:00:00+00:00,180.0,1.817
SIMULATION_FORCING,1013.0,0.0,57.457,736.122,SYNTHETIC,28.597,2026-05-25T10:00:00+00:00,180.0,2.159
SIMULATION_FORCING,1013.0,0.0,55.508,821.037,SYNTHETIC,29.632,2026-05-25T11:00:00+00:00,180.0,2.014
SIMULATION_FORCING,1013.0,0.0,55.71,850.0,SYNTHETIC,30.427,2026-05-25T12:00:00+00:00,180.0,2.498
SIMULATION_FORCING,1013.0,0.0,53.519,821.037,SYNTHETIC,30.926,2026-05-25T13:00:00+00:00,180.0,2.491
SIMULATION_FORCING,1013.0,0.0,55.524,736.122,SYNTHETIC,31.097,2026-05-25T14:00:00+00:00,180.0,1.983
SIMULATION_FORCING,1013.0,0.0,58.934,601.041,SYNTHETIC,30.926,2026-05-25T15:00:00+00:00,180.0,1.597
SIMULATION_FORCING,1013.0,0.0,61.636,425.0,SYNTHETIC,30.427,2026-05-25T16:00:00+00:00,180.0,1.592
SIMULATION_FORCING,1013.0,0.0,67.719,219.996,SYNTHETIC,29.632,2026-05-25T17:00:00+00:00,180.0,1.774
SIMULATION_FORCING,1013.0,0.0,73.123,0.0,SYNTHETIC,28.597,2026-05-25T18:00:00+00:00,180.0,2.225
SIMULATION_FORCING,1013.0,0.0,70.753,0.0,SYNTHETIC,27.391,2026-05-25T19:00:00+00:00,180.0,2.241
SIMULATION_FORCING,1013.0,0.0,72.195,0.0,SYNTHETIC,26.097,2026-05-25T20:00:00+00:00,180.0,1.717
SIMULATION_FORCING,1013.0,0.0,72.058,0.0,SYNTHETIC,24.803,2026-05-25T21:00:00+00:00,180.0,1.824
SIMULATION_FORCING,1013.0,0.0,71.546,0.0,SYNTHETIC,23.597,2026-05-25T22:00:00+00:00,180.0,1.91
SIMULATION_FORCING,1013.0,0.0,71.22,0.0,SYNTHETIC,22.561,2026-05-25T23:00:00+00:00,180.0,2.465
SIMULATION_FORCING,1013.0,0.0,70.65,0.0,SYNTHETIC,21.833,2026-05-26T00:00:00+00:00,180.0,2.009
SIMULATION_FORCING,1013.0,0.0,72.228,0.0,SYNTHETIC,21.333,2026-05-26T01:00:00+00:00,180.0,2.466
SIMULATION_FORCING,1013.0,0.0,71.169,0.0,SYNTHETIC,21.163,2026-05-26T02:00:00+00:00,180.0,1.791
SIMULATION_FORCING,1013.0,0.0,70.636,0.0,SYNTHETIC,21.333,2026-05-26T03:00:00+00:00,180.0,1.533
SIMULATION_FORCING,1013.0,0.0,72.114,0.0,SYNTHETIC,21.833,2026-05-26T04:00:00+00:00,180.0,1.647
SIMULATION_FORCING,1013.0,0.0,73.387,0.0,SYNTHETIC,22.628,2026-05-26T05:00:00+00:00,180.0,2.42
SIMULATION_FORCING,1013.0,0.0,72.666,0.0,SYNTHETIC,23.663,2026-05-26T06:00:00+00:00,180.0,2.301
SIMULATION_FORCING,1013.0,0.0,67.433,219.996,SYNTHETIC,24.869,2026-05-26T07:00:00+00:00,180.0,1.757
SIMULATION_FORCING,1013.0,0.0,61.847,425.0,SYNTHETIC,26.163,2026-05-26T08:00:00+00:00,180.0,2.32
SIMULATION_FORCING,1013.0,0.0,60.446,601.041,SYNTHETIC,27.457,2026-05-26T09:00:00+00:00,180.0,1.988
SIMULATION_FORCING,1013.0,0.0,55.054,736.122,SYNTHETIC,28.663,2026-05-26T10:00:00+00:00,180.0,2.023
SIMULATION_FORCING,1013.0,0.0,55.989,821.037,SYNTHETIC,29.699,2026-05-26T11:00:00+00:00,180.0,1.641
SIMULATION_FORCING,1013.0,0.0,52.771,850.0,SYNTHETIC,30.493,2026-05-26T12:00:00+00:00,180.0,2.222
SIMULATION_FORCING,1013.0,0.0,56.151,821.037,SYNTHETIC,30.993,2026-05-26T13:00:00+00:00,180.0,2.376
SIMULATION_FORCING,1013.0,0.0,57.682,736.122,SYNTHETIC,31.163,2026-05-26T14:00:00+00:00,180.0,2.005
SIMULATION_FORCING,1013.0,0.0,59.688,601.041,SYNTHETIC,30.993,2026-05-26T15:00:00+00:00,180.0,2.011
SIMULATION_FORCING,1013.0,0.0,63.657,425.0,SYNTHETIC,30.493,2026-05-26T16:00:00+00:00,180.0,2.013
SIMULATION_FORCING,1013.0,0.0,66.146,219.996,SYNTHETIC,29.699,2026-05-26T17:00:00+00:00,180.0,1.919
SIMULATION_FORCING,1013.0,0.0,72.376,0.0,SYNTHETIC,28.663,2026-05-26T18:00:00+00:00,180.0,1.891
SIMULATION_FORCING,1013.0,0.0,70.181,0.0,SYNTHETIC,27.457,2026-05-26T19:00:00+00:00,180.0,2.453
SIMULATION_FORCING,1013.0,0.0,73.349,0.0,SYNTHETIC,26.163,2026-05-26T20:00:00+00:00,180.0,2.275
SIMULATION_FORCING,1013.0,0.0,70.762,0.0,SYNTHETIC,24.869,2026-05-26T21:00:00+00:00,180.0,1.965
SIMULATION_FORCING,1013.0,0.0,72.281,0.0,SYNTHETIC,23.663,2026-05-26T22:00:00+00:00,180.0,1.628
SIMULATION_FORCING,1013.0,0.0,70.044,0.0,SYNTHETIC,22.628,2026-05-26T23:00:00+00:00,180.0,2.15
SIMULATION_FORCING,1013.0,0.0,70.776,0.0,SYNTHETIC,21.897,2026-05-27T00:00:00+00:00,180.0,1.605
SIMULATION_FORCING,1013.0,0.0,71.79,0.0,SYNTHETIC,21.398,2026-05-27T01:00:00+00:00,180.0,1.873
SIMULATION_FORCING,1013.0,0.0,70.776,0.0,SYNTHETIC,21.227,2026-05-27T02:00:00+00:00,180.0,2.494
SIMULATION_FORCING,1013.0,0.0,72.985,0.0,SYNTHETIC,21.398,2026-05-27T03:00:00+00:00,180.0,2.464
SIMULATION_FORCING,1013.0,0.0,72.28,0.0,SYNTHETIC,21.897,2026-05-27T04:00:00+00:00,180.0,2.495
SIMULATION_FORCING,1013.0,0.0,72.455,0.0,SYNTHETIC,22.692,2026-05-27T05:00:00+00:00,180.0,1.562
SIMULATION_FORCING,1013.0,0.0,73.277,0.0,SYNTHETIC,23.727,2026-05-27T06:00:00+00:00,180.0,2.398
SIMULATION_FORCING,1013.0,0.0,67.717,219.996,SYNTHETIC,24.933,2026-05-27T07:00:00+00:00,180.0,1.868
SIMULATION_FORCING,1013.0,0.0,64.93,425.0,SYNTHETIC,26.227,2026-05-27T08:00:00+00:00,180.0,2.157
SIMULATION_FORCING,1013.0,0.0,60.026,601.041,SYNTHETIC,27.521,2026-05-27T09:00:00+00:00,180.0,2.009
SIMULATION_FORCING,1013.0,0.0,57.699,736.122,SYNTHETIC,28.727,2026-05-27T10:00:00+00:00,180.0,2.32
SIMULATION_FORCING,1013.0,0.0,52.836,821.037,SYNTHETIC,29.763,2026-05-27T11:00:00+00:00,180.0,2.015
SIMULATION_FORCING,1013.0,0.0,54.53,850.0,SYNTHETIC,30.557,2026-05-27T12:00:00+00:00,180.0,2.173
SIMULATION_FORCING,1013.0,0.0,55.627,821.037,SYNTHETIC,31.057,2026-05-27T13:00:00+00:00,180.0,2.14
SIMULATION_FORCING,1013.0,0.0,56.25,736.122,SYNTHETIC,31.227,2026-05-27T14:00:00+00:00,180.0,1.758
SIMULATION_FORCING,1013.0,0.0,59.757,601.041,SYNTHETIC,31.057,2026-05-27T15:00:00+00:00,180.0,1.746
SIMULATION_FORCING,1013.0,0.0,64.32,425.0,SYNTHETIC,30.557,2026-05-27T16:00:00+00:00,180.0,1.751
SIMULATION_FORCING,1013.0,0.0,67.867,219.996,SYNTHETIC,29.763,2026-05-27T17:00:00+00:00,180.0,2.335
SIMULATION_FORCING,1013.0,0.0,72.698,0.0,SYNTHETIC,28.727,2026-05-27T18:00:00+00:00,180.0,1.749
SIMULATION_FORCING,1013.0,0.0,72.188,0.0,SYNTHETIC,27.521,2026-05-27T19:00:00+00:00,180.0,1.92
SIMULATION_FORCING,1013.0,0.0,71.195,0.0,SYNTHETIC,26.227,2026-05-27T20:00:00+00:00,180.0,1.812
SIMULATION_FORCING,1013.0,0.0,73.79,0.0,SYNTHETIC,24.933,2026-05-27T21:00:00+00:00,180.0,2.016
SIMULATION_FORCING,1013.0,0.0,71.892,0.0,SYNTHETIC,23.727,2026-05-27T22:00:00+00:00,180.0,1.807
SIMULATION_FORCING,1013.0,0.0,72.13,0.0,SYNTHETIC,22.692,2026-05-27T23:00:00+00:00,180.0,1.972
SIMULATION_FORCING,1013.0,0.0,73.312,0.0,SYNTHETIC,21.959,2026-05-28T00:00:00+00:00,180.0,1.503
SIMULATION_FORCING,1013.0,0.0,72.821,0.0,SYNTHETIC,21.459,2026-05-28T01:00:00+00:00,180.0,2.453
SIMULATION_FORCING,1013.0,0.0,73.578,0.0,SYNTHETIC,21.289,2026-05-28T02:00:00+00:00,180.0,1.633
SIMULATION_FORCING,1013.0,0.0,71.962,0.0,SYNTHETIC,21.459,2026-05-28T03:00:00+00:00,180.0,2.497
SIMULATION_FORCING,1013.0,0.0,70.332,0.0,SYNTHETIC,21.959,2026-05-28T04:00:00+00:00,180.0,1.742
SIMULATION_FORCING,1013.0,0.0,72.973,0.0,SYNTHETIC,22.753,2026-05-28T05:00:00+00:00,180.0,1.514
SIMULATION_FORCING,1013.0,0.0,70.2,0.0,SYNTHETIC,23.789,2026-05-28T06:00:00+00:00,180.0,1.598
SIMULATION_FORCING,1013.0,0.0,68.125,219.996,SYNTHETIC,24.995,2026-05-28T07:00:00+00:00,180.0,2.34
SIMULATION_FORCING,1013.0,0.0,62.841,425.0,SYNTHETIC,26.289,2026-05-28T08:00:00+00:00,180.0,2.397
SIMULATION_FORCING,1013.0,0.0,59.027,601.041,SYNTHETIC,27.583,2026-05-28T09:00:00+00:00,180.0,2.172
SIMULATION_FORCING,1013.0,0.0,57.562,736.122,SYNTHETIC,28.789,2026-05-28T10:00:00+00:00,180.0,2.284
SIMULATION_FORCING,1013.0,0.0,53.398,821.037,SYNTHETIC,29.824,2026-05-28T11:00:00+00:00,180.0,2.258
SIMULATION_FORCING,1013.0,0.0,53.988,850.0,SYNTHETIC,30.619,2026-05-28T12:00:00+00:00,180.0,2.442
SIMULATION_FORCING,1013.0,0.0,52.98,821.037,SYNTHETIC,31.118,2026-05-28T13:00:00+00:00,180.0,2.432
SIMULATION_FORCING,1013.0,0.0,54.717,736.122,SYNTHETIC,31.289,2026-05-28T14:00:00+00:00,180.0,2.124
SIMULATION_FORCING,1013.0,0.0,57.868,601.041,SYNTHETIC,31.118,2026-05-28T15:00:00+00:00,180.0,1.584
SIMULATION_FORCING,1013.0,0.0,64.758,425.0,SYNTHETIC,30.619,2026-05-28T16:00:00+00:00,180.0,2.357
SIMULATION_FORCING,1013.0,0.0,67.686,219.996,SYNTHETIC,29.824,2026-05-28T17:00:00+00:00,180.0,2.325
SIMULATION_FORCING,1013.0,0.0,72.307,0.0,SYNTHETIC,28.789,2026-05-28T18:00:00+00:00,180.0,1.753
SIMULATION_FORCING,1013.0,0.0,73.332,0.0,SYNTHETIC,27.583,2026-05-28T19:00:00+00:00,180.0,1.677
SIMULATION_FORCING,1013.0,0.0,73.027,0.0,SYNTHETIC,26.289,2026-05-28T20:00:00+00:00,180.0,2.251
SIMULATION_FORCING,1013.0,0.0,72.251,0.0,SYNTHETIC,24.995,2026-05-28T21:00:00+00:00,180.0,2.233
SIMULATION_FORCING,1013.0,0.0,71.105,0.0,SYNTHETIC,23.789,2026-05-28T22:00:00+00:00,180.0,1.644
SIMULATION_FORCING,1013.0,0.0,72.352,0.0,SYNTHETIC,22.753,2026-05-28T23:00:00+00:00,180.0,1.841
SIMULATION_FORCING,1013.0,0.0,70.66,0.0,SYNTHETIC,22.018,2026-05-29T00:00:00+00:00,180.0,2.161
SIMULATION_FORCING,1013.0,0.0,70.605,0.0,SYNTHETIC,21.518,2026-05-29T01:00:00+00:00,180.0,2.156
SIMULATION_FORCING,1013.0,0.0,73.838,0.0,SYNTHETIC,21.348,2026-05-29T02:00:00+00:00,180.0,1.737
SIMULATION_FORCING,1013.0,0.0,73.869,0.0,SYNTHETIC,21.518,2026-05-29T03:00:00+00:00,180.0,1.766
SIMULATION_FORCING,1013.0,0.0,71.136,0.0,SYNTHETIC,22.018,2026-05-29T04:00:00+00:00,180.0,1.525
SIMULATION_FORCING,1013.0,0.0,71.312,0.0,SYNTHETIC,22.812,2026-05-29T05:00:00+00:00,180.0,2.406
SIMULATION_FORCING,1013.0,0.0,72.192,0.0,SYNTHETIC,23.848,2026-05-29T06:00:00+00:00,180.0,1.657
SIMULATION_FORCING,1013.0,0.0,67.665,219.996,SYNTHETIC,25.054,2026-05-29T07:00:00+00:00,180.0,2.275
SIMULATION_FORCING,1013.0,0.0,64.111,425.0,SYNTHETIC,26.348,2026-05-29T08:00:00+00:00,180.0,1.91
SIMULATION_FORCING,1013.0,0.0,60.78,601.041,SYNTHETIC,27.642,2026-05-29T09:00:00+00:00,180.0,1.52
SIMULATION_FORCING,1013.0,0.0,58.152,736.122,SYNTHETIC,28.848,2026-05-29T10:00:00+00:00,180.0,1.513
SIMULATION_FORCING,1013.0,0.0,53.034,821.037,SYNTHETIC,29.883,2026-05-29T11:00:00+00:00,180.0,1.839
SIMULATION_FORCING,1013.0,0.0,53.347,850.0,SYNTHETIC,30.678,2026-05-29T12:00:00+00:00,180.0,1.621
SIMULATION_FORCING,1013.0,0.0,53.392,821.037,SYNTHETIC,31.178,2026-05-29T13:00:00+00:00,180.0,2.12
SIMULATION_FORCING,1013.0,0.0,55.112,736.122,SYNTHETIC,31.348,2026-05-29T14:00:00+00:00,180.0,1.606
SIMULATION_FORCING,1013.0,0.0,58.133,601.041,SYNTHETIC,31.178,2026-05-29T15:00:00+00:00,180.0,2.39
SIMULATION_FORCING,1013.0,0.0,61.827,425.0,SYNTHETIC,30.678,2026-05-29T16:00:00+00:00,180.0,1.778
SIMULATION_FORCING,1013.0,0.0,69.231,219.996,SYNTHETIC,29.883,2026-05-29T17:00:00+00:00,180.0,1.996
SIMULATION_FORCING,1013.0,0.0,73.829,0.0,SYNTHETIC,28.848,2026-05-29T18:00:00+00:00,180.0,1.82
SIMULATION_FORCING,1013.0,0.0,72.578,0.0,SYNTHETIC,27.642,2026-05-29T19:00:00+00:00,180.0,1.677
SIMULATION_FORCING,1013.0,0.0,72.563,0.0,SYNTHETIC,26.348,2026-05-29T20:00:00+00:00,180.0,2.422
SIMULATION_FORCING,1013.0,0.0,73.961,0.0,SYNTHETIC,25.054,2026-05-29T21:00:00+00:00,180.0,2.04
SIMULATION_FORCING,1013.0,0.0,70.081,0.0,SYNTHETIC,23.848,2026-05-29T22:00:00+00:00,180.0,2.248
SIMULATION_FORCING,1013.0,0.0,71.911,0.0,SYNTHETIC,22.812,2026-05-29T23:00:00+00:00,180.0,1.823
SIMULATION_FORCING,1013.0,0.0,71.905,0.0,SYNTHETIC,22.074,2026-05-30T00:00:00+00:00,180.0,2.177
SIMULATION_FORCING,1013.0,0.0,70.855,0.0,SYNTHETIC,21.575,2026-05-30T01:00:00+00:00,180.0,2.354
SIMULATION_FORCING,1013.0,0.0,70.528,0.0,SYNTHETIC,21.405,2026-05-30T02:00:00+00:00,180.0,2.108
SIMULATION_FORCING,1013.0,0.0,70.355,0.0,SYNTHETIC,21.575,2026-05-30T03:00:00+00:00,180.0,2.22
SIMULATION_FORCING,1013.0,0.0,71.682,0.0,SYNTHETIC,22.074,2026-05-30T04:00:00+00:00,180.0,1.585
SIMULATION_FORCING,1013.0,0.0,72.808,0.0,SYNTHETIC,22.869,2026-05-30T05:00:00+00:00,180.0,1.918
SIMULATION_FORCING,1013.0,0.0,72.688,0.0,SYNTHETIC,23.905,2026-05-30T06:00:00+00:00,180.0,1.548
SIMULATION_FORCING,1013.0,0.0,66.121,219.996,SYNTHETIC,25.11,2026-05-30T07:00:00+00:00,180.0,1.976
SIMULATION_FORCING,1013.0,0.0,62.699,425.0,SYNTHETIC,26.405,2026-05-30T08:00:00+00:00,180.0,1.864
SIMULATION_FORCING,1013.0,0.0,60.767,601.041,SYNTHETIC,27.699,2026-05-30T09:00:00+00:00,180.0,1.596
SIMULATION_FORCING,1013.0,0.0,57.079,736.122,SYNTHETIC,28.905,2026-05-30T10:00:00+00:00,180.0,1.597
SIMULATION_FORCING,1013.0,0.0,52.895,821.037,SYNTHETIC,29.94,2026-05-30T11:00:00+00:00,180.0,2.325
SIMULATION_FORCING,1013.0,0.0,53.514,850.0,SYNTHETIC,30.735,2026-05-30T12:00:00+00:00,180.0,1.87
SIMULATION_FORCING,1013.0,0.0,55.359,821.037,SYNTHETIC,31.234,2026-05-30T13:00:00+00:00,180.0,1.752
SIMULATION_FORCING,1013.0,0.0,57.8,736.122,SYNTHETIC,31.405,2026-05-30T14:00:00+00:00,180.0,2.081
SIMULATION_FORCING,1013.0,0.0,58.406,601.041,SYNTHETIC,31.234,2026-05-30T15:00:00+00:00,180.0,1.507
SIMULATION_FORCING,1013.0,0.0,64.374,425.0,SYNTHETIC,30.735,2026-05-30T16:00:00+00:00,180.0,2.027
SIMULATION_FORCING,1013.0,0.0,66.371,219.996,SYNTHETIC,29.94,2026-05-30T17:00:00+00:00,180.0,1.846
SIMULATION_FORCING,1013.0,0.0,71.302,0.0,SYNTHETIC,28.905,2026-05-30T18:00:00+00:00,180.0,2.228
SIMULATION_FORCING,1013.0,0.0,73.254,0.0,SYNTHETIC,27.699,2026-05-30T19:00:00+00:00,180.0,2.252
SIMULATION_FORCING,1013.0,0.0,73.569,0.0,SYNTHETIC,26.405,2026-05-30T20:00:00+00:00,180.0,1.632
SIMULATION_FORCING,1013.0,0.0,70.519,0.0,SYNTHETIC,25.11,2026-05-30T21:00:00+00:00,180.0,2.237
SIMULATION_FORCING,1013.0,0.0,71.501,0.0,SYNTHETIC,23.905,2026-05-30T22:00:00+00:00,180.0,2.2
SIMULATION_FORCING,1013.0,0.0,72.321,0.0,SYNTHETIC,22.869,2026-05-30T23:00:00+00:00,180.0,2.133
SIMULATION_FORCING,1013.0,0.0,73.726,0.0,SYNTHETIC,22.129,2026-05-31T00:00:00+00:00,180.0,1.833
SIMULATION_FORCING,1013.0,0.0,73.795,0.0,SYNTHETIC,21.629,2026-05-31T01:00:00+00:00,180.0,1.511
SIMULATION_FORCING,1013.0,0.0,71.994,0.0,SYNTHETIC,21.459,2026-05-31T02:00:00+00:00,180.0,1.948
SIMULATION_FORCING,1013.0,0.0,72.32,0.0,SYNTHETIC,21.629,2026-05-31T03:00:00+00:00,180.0,2.266
SIMULATION_FORCING,1013.0,0.0,70.277,0.0,SYNTHETIC,22.129,2026-05-31T04:00:00+00:00,180.0,1.61
SIMULATION_FORCING,1013.0,0.0,71.943,0.0,SYNTHETIC,22.923,2026-05-31T05:00:00+00:00,180.0,2.042
SIMULATION_FORCING,1013.0,0.0,70.076,0.0,SYNTHETIC,23.959,2026-05-31T06:00:00+00:00,180.0,2.115
SIMULATION_FORCING,1013.0,0.0,67.333,219.996,SYNTHETIC,25.165,2026-05-31T07:00:00+00:00,180.0,2.222
SIMULATION_FORCING,1013.0,0.0,63.314,425.0,SYNTHETIC,26.459,2026-05-31T08:00:00+00:00,180.0,1.88
SIMULATION_FORCING,1013.0,0.0,57.679,601.041,SYNTHETIC,27.753,2026-05-31T09:00:00+00:00,180.0,1.617
SIMULATION_FORCING,1013.0,0.0,55.005,736.122,SYNTHETIC,28.959,2026-05-31T10:00:00+00:00,180.0,2.456
SIMULATION_FORCING,1013.0,0.0,54.032,821.037,SYNTHETIC,29.994,2026-05-31T11:00:00+00:00,180.0,1.793
SIMULATION_FORCING,1013.0,0.0,52.712,850.0,SYNTHETIC,30.789,2026-05-31T12:00:00+00:00,180.0,2.163
SIMULATION_FORCING,1013.0,0.0,54.438,821.037,SYNTHETIC,31.288,2026-05-31T13:00:00+00:00,180.0,1.579
SIMULATION_FORCING,1013.0,0.0,56.61,736.122,SYNTHETIC,31.459,2026-05-31T14:00:00+00:00,180.0,1.536
SIMULATION_FORCING,1013.0,0.0,60.347,601.041,SYNTHETIC,31.288,2026-05-31T15:00:00+00:00,180.0,2.417
SIMULATION_FORCING,1013.0,0.0,63.168,425.0,SYNTHETIC,30.789,2026-05-31T16:00:00+00:00,180.0,2.078
SIMULATION_FORCING,1013.0,0.0,67.906,219.996,SYNTHETIC,29.994,2026-05-31T17:00:00+00:00,180.0,1.839
SIMULATION_FORCING,1013.0,0.0,72.217,0.0,SYNTHETIC,28.959,2026-05-31T18:00:00+00:00,180.0,1.852
SIMULATION_FORCING,1013.0,0.0,73.26,0.0,SYNTHETIC,27.753,2026-05-31T19:00:00+00:00,180.0,1.702
SIMULATION_FORCING,1013.0,0.0,70.328,0.0,SYNTHETIC,26.459,2026-05-31T20:00:00+00:00,180.0,1.763
SIMULATION_FORCING,1013.0,0.0,72.127,0.0,SYNTHETIC,25.165,2026-05-31T21:00:00+00:00,180.0,2.05
SIMULATION_FORCING,1013.0,0.0,70.357,0.0,SYNTHETIC,23.959,2026-05-31T22:00:00+00:00,180.0,2.336
SIMULATION_FORCING,1013.0,0.0,72.542,0.0,SYNTHETIC,22.923,2026-05-31T23:00:00+00:00,180.0,1.583
SIMULATION_FORCING,1013.0,0.0,70.414,0.0,SYNTHETIC,22.18,2026-06-01T00:00:00+00:00,180.0,2.084
SIMULATION_FORCING,1013.0,0.0,73.727,0.0,SYNTHETIC,21.681,2026-06-01T01:00:00+00:00,180.0,1.775
SIMULATION_FORCING,1013.0,0.0,71.34,0.0,SYNTHETIC,21.51,2026-06-01T02:00:00+00:00,180.0,1.542
SIMULATION_FORCING,1013.0,0.0,72.41,0.0,SYNTHETIC,21.681,2026-06-01T03:00:00+00:00,180.0,2.186
SIMULATION_FORCING,1013.0,0.0,73.03,0.0,SYNTHETIC,22.18,2026-06-01T04:00:00+00:00,180.0,2.235
SIMULATION_FORCING,1013.0,0.0,73.699,0.0,SYNTHETIC,22.975,2026-06-01T05:00:00+00:00,180.0,2.204
SIMULATION_FORCING,1013.0,0.0,73.075,0.0,SYNTHETIC,24.01,2026-06-01T06:00:00+00:00,180.0,1.959
SIMULATION_FORCING,1013.0,0.0,65.937,219.996,SYNTHETIC,25.216,2026-06-01T07:00:00+00:00,180.0,2.385
SIMULATION_FORCING,1013.0,0.0,62.706,425.0,SYNTHETIC,26.51,2026-06-01T08:00:00+00:00,180.0,2.3
SIMULATION_FORCING,1013.0,0.0,58.303,601.041,SYNTHETIC,27.804,2026-06-01T09:00:00+00:00,180.0,1.842
SIMULATION_FORCING,1013.0,0.0,55.414,736.122,SYNTHETIC,29.01,2026-06-01T10:00:00+00:00,180.0,2.275
SIMULATION_FORCING,1013.0,0.0,55.497,821.037,SYNTHETIC,30.046,2026-06-01T11:00:00+00:00,180.0,1.766
SIMULATION_FORCING,1013.0,0.0,55.931,850.0,SYNTHETIC,30.84,2026-06-01T12:00:00+00:00,180.0,1.945
SIMULATION_FORCING,1013.0,0.0,53.479,821.037,SYNTHETIC,31.34,2026-06-01T13:00:00+00:00,180.0,2.241
SIMULATION_FORCING,1013.0,0.0,57.887,736.122,SYNTHETIC,31.51,2026-06-01T14:00:00+00:00,180.0,2.289
SIMULATION_FORCING,1013.0,0.0,58.388,601.041,SYNTHETIC,31.34,2026-06-01T15:00:00+00:00,180.0,2.368
SIMULATION_FORCING,1013.0,0.0,62.167,425.0,SYNTHETIC,30.84,2026-06-01T16:00:00+00:00,180.0,2.318
SIMULATION_FORCING,1013.0,0.0,65.875,219.996,SYNTHETIC,30.046,2026-06-01T17:00:00+00:00,180.0,2.281
SIMULATION_FORCING,1013.0,0.0,71.675,0.0,SYNTHETIC,29.01,2026-06-01T18:00:00+00:00,180.0,2.101
SIMULATION_FORCING,1013.0,0.0,70.574,0.0,SYNTHETIC,27.804,2026-06-01T19:00:00+00:00,180.0,2.405
SIMULATION_FORCING,1013.0,0.0,72.247,0.0,SYNTHETIC,26.51,2026-06-01T20:00:00+00:00,180.0,1.897
SIMULATION_FORCING,1013.0,0.0,73.496,0.0,SYNTHETIC,25.216,2026-06-01T21:00:00+00:00,180.0,2.34
SIMULATION_FORCING,1013.0,0.0,73.223,0.0,SYNTHETIC,24.01,2026-06-01T22:00:00+00:00,180.0,1.941
SIMULATION_FORCING,1013.0,0.0,70.598,0.0,SYNTHETIC,22.975,2026-06-01T23:00:00+00:00,180.0,2.291
SIMULATION_FORCING,1013.0,0.0,72.89,0.0,SYNTHETIC,22.229,2026-06-02T00:00:00+00:00,180.0,1.952
SIMULATION_FORCING,1013.0,0.0,71.357,0.0,SYNTHETIC,21.73,2026-06-02T01:00:00+00:00,180.0,1.588
SIMULATION_FORCING,1013.0,0.0,71.931,0.0,SYNTHETIC,21.56,2026-06-02T02:00:00+00:00,180.0,1.994
SIMULATION_FORCING,1013.0,0.0,71.671,0.0,SYNTHETIC,21.73,2026-06-02T03:00:00+00:00,180.0,2.471
SIMULATION_FORCING,1013.0,0.0,73.795,0.0,SYNTHETIC,22.229,2026-06-02T04:00:00+00:00,180.0,1.562
SIMULATION_FORCING,1013.0,0.0,73.325,0.0,SYNTHETIC,23.024,2026-06-02T05:00:00+00:00,180.0,1.91
SIMULATION_FORCING,1013.0,0.0,71.517,0.0,SYNTHETIC,24.06,2026-06-02T06:00:00+00:00,180.0,1.865
SIMULATION_FORCING,1013.0,0.0,67.882,219.996,SYNTHETIC,25.265,2026-06-02T07:00:00+00:00,180.0,1.561
SIMULATION_FORCING,1013.0,0.0,63.869,425.0,SYNTHETIC,26.56,2026-06-02T08:00:00+00:00,180.0,2.027
SIMULATION_FORCING,1013.0,0.0,61.186,601.041,SYNTHETIC,27.854,2026-06-02T09:00:00+00:00,180.0,2.016
SIMULATION_FORCING,1013.0,0.0,55.585,736.122,SYNTHETIC,29.06,2026-06-02T10:00:00+00:00,180.0,1.878
SIMULATION_FORCING,1013.0,0.0,56.034,821.037,SYNTHETIC,30.095,2026-06-02T11:00:00+00:00,180.0,2.462
SIMULATION_FORCING,1013.0,0.0,55.718,850.0,SYNTHETIC,30.89,2026-06-02T12:00:00+00:00,180.0,2.069
SIMULATION_FORCING,1013.0,0.0,53.516,821.037,SYNTHETIC,31.389,2026-06-02T13:00:00+00:00,180.0,1.835
SIMULATION_FORCING,1013.0,0.0,54.926,736.122,SYNTHETIC,31.56,2026-06-02T14:00:00+00:00,180.0,2.265
SIMULATION_FORCING,1013.0,0.0,58.796,601.041,SYNTHETIC,31.389,2026-06-02T15:00:00+00:00,180.0,2.223
SIMULATION_FORCING,1013.0,0.0,61.398,425.0,SYNTHETIC,30.89,2026-06-02T16:00:00+00:00,180.0,1.578
SIMULATION_FORCING,1013.0,0.0,69.337,219.996,SYNTHETIC,30.095,2026-06-02T17:00:00+00:00,180.0,2.001
SIMULATION_FORCING,1013.0,0.0,72.874,0.0,SYNTHETIC,29.06,2026-06-02T18:00:00+00:00,180.0,2.034
SIMULATION_FORCING,1013.0,0.0,73.089,0.0,SYNTHETIC,27.854,2026-06-02T19:00:00+00:00,180.0,2.132
SIMULATION_FORCING,1013.0,0.0,70.974,0.0,SYNTHETIC,26.56,2026-06-02T20:00:00+00:00,180.0,2.256
SIMULATION_FORCING,1013.0,0.0,71.462,0.0,SYNTHETIC,25.265,2026-06-02T21:00:00+00:00,180.0,1.673
SIMULATION_FORCING,1013.0,0.0,71.732,0.0,SYNTHETIC,24.06,2026-06-02T22:00:00+00:00,180.0,2.399
SIMULATION_FORCING,1013.0,0.0,73.99,0.0,SYNTHETIC,23.024,2026-06-02T23:00:00+00:00,180.0,1.593
SIMULATION_FORCING,1013.0,0.0,73.926,0.0,SYNTHETIC,22.276,2026-06-03T00:00:00+00:00,180.0,2.013
SIMULATION_FORCING,1013.0,0.0,70.709,0.0,SYNTHETIC,21.776,2026-06-03T01:00:00+00:00,180.0,1.981
SIMULATION_FORCING,1013.0,0.0,73.034,0.0,SYNTHETIC,21.606,2026-06-03T02:00:00+00:00,180.0,2.031
SIMULATION_FORCING,1013.0,0.0,71.998,0.0,SYNTHETIC,21.776,2026-06-03T03:00:00+00:00,180.0,1.782
SIMULATION_FORCING,1013.0,0.0,72.394,0.0,SYNTHETIC,22.276,2026-06-03T04:00:00+00:00,180.0,2.081
SIMULATION_FORCING,1013.0,0.0,71.683,0.0,SYNTHETIC,23.071,2026-06-03T05:00:00+00:00,180.0,2.177
SIMULATION_FORCING,1013.0,0.0,72.785,0.0,SYNTHETIC,24.106,2026-06-03T06:00:00+00:00,180.0,1.702
SIMULATION_FORCING,1013.0,0.0,65.971,219.996,SYNTHETIC,25.312,2026-06-03T07:00:00+00:00,180.0,1.663
SIMULATION_FORCING,1013.0,0.0,63.82,425.0,SYNTHETIC,26.606,2026-06-03T08:00:00+00:00,180.0,1.538
SIMULATION_FORCING,1013.0,0.0,60.791,601.041,SYNTHETIC,27.9,2026-06-03T09:00:00+00:00,180.0,1.925
SIMULATION_FORCING,1013.0,0.0,57.716,736.122,SYNTHETIC,29.106,2026-06-03T10:00:00+00:00,180.0,1.538
SIMULATION_FORCING,1013.0,0.0,54.759,821.037,SYNTHETIC,30.142,2026-06-03T11:00:00+00:00,180.0,1.922
SIMULATION_FORCING,1013.0,0.0,54.486,850.0,SYNTHETIC,30.936,2026-06-03T12:00:00+00:00,180.0,2.014
SIMULATION_FORCING,1013.0,0.0,56.196,821.037,SYNTHETIC,31.436,2026-06-03T13:00:00+00:00,180.0,1.763
SIMULATION_FORCING,1013.0,0.0,55.282,736.122,SYNTHETIC,31.606,2026-06-03T14:00:00+00:00,180.0,2.223
SIMULATION_FORCING,1013.0,0.0,59.92,601.041,SYNTHETIC,31.436,2026-06-03T15:00:00+00:00,180.0,2.084
SIMULATION_FORCING,1013.0,0.0,62.673,425.0,SYNTHETIC,30.936,2026-06-03T16:00:00+00:00,180.0,2.171
SIMULATION_FORCING,1013.0,0.0,67.525,219.996,SYNTHETIC,30.142,2026-06-03T17:00:00+00:00,180.0,2.24
SIMULATION_FORCING,1013.0,0.0,71.962,0.0,SYNTHETIC,29.106,2026-06-03T18:00:00+00:00,180.0,2.445
SIMULATION_FORCING,1013.0,0.0,72.344,0.0,SYNTHETIC,27.9,2026-06-03T19:00:00+00:00,180.0,1.728
SIMULATION_FORCING,1013.0,0.0,70.598,0.0,SYNTHETIC,26.606,2026-06-03T20:00:00+00:00,180.0,1.934
SIMULATION_FORCING,1013.0,0.0,72.173,0.0,SYNTHETIC,25.312,2026-06-03T21:00:00+00:00,180.0,2.361
SIMULATION_FORCING,1013.0,0.0,70.769,0.0,SYNTHETIC,24.106,2026-06-03T22:00:00+00:00,180.0,2.475
SIMULATION_FORCING,1013.0,0.0,71.709,0.0,SYNTHETIC,23.071,2026-06-03T23:00:00+00:00,180.0,2.146
SIMULATION_FORCING,1013.0,0.0,70.246,0.0,SYNTHETIC,22.32,2026-06-04T00:00:00+00:00,180.0,1.559
SIMULATION_FORCING,1013.0,0.0,73.051,0.0,SYNTHETIC,21.821,2026-06-04T01:00:00+00:00,180.0,1.59
SIMULATION_FORCING,1013.0,0.0,72.289,0.0,SYNTHETIC,21.65,2026-06-04T02:00:00+00:00,180.0,1.655
SIMULATION_FORCING,1013.0,0.0,73.13,0.0,SYNTHETIC,21.821,2026-06-04T03:00:00+00:00,180.0,2.339
SIMULATION_FORCING,1013.0,0.0,70.583,0.0,SYNTHETIC,22.32,2026-06-04T04:00:00+00:00,180.0,1.922
SIMULATION_FORCING,1013.0,0.0,70.338,0.0,SYNTHETIC,23.115,2026-06-04T05:00:00+00:00,180.0,2.157
SIMULATION_FORCING,1013.0,0.0,72.908,0.0,SYNTHETIC,24.15,2026-06-04T06:00:00+00:00,180.0,2.069
SIMULATION_FORCING,1013.0,0.0,68.953,219.996,SYNTHETIC,25.356,2026-06-04T07:00:00+00:00,180.0,2.484
SIMULATION_FORCING,1013.0,0.0,64.172,425.0,SYNTHETIC,26.65,2026-06-04T08:00:00+00:00,180.0,1.77
SIMULATION_FORCING,1013.0,0.0,60.931,601.041,SYNTHETIC,27.944,2026-06-04T09:00:00+00:00,180.0,2.348
SIMULATION_FORCING,1013.0,0.0,54.905,736.122,SYNTHETIC,29.15,2026-06-04T10:00:00+00:00,180.0,1.54
SIMULATION_FORCING,1013.0,0.0,53.028,821.037,SYNTHETIC,30.186,2026-06-04T11:00:00+00:00,180.0,2.444
SIMULATION_FORCING,1013.0,0.0,53.769,850.0,SYNTHETIC,30.98,2026-06-04T12:00:00+00:00,180.0,1.627
SIMULATION_FORCING,1013.0,0.0,53.175,821.037,SYNTHETIC,31.48,2026-06-04T13:00:00+00:00,180.0,2.285
SIMULATION_FORCING,1013.0,0.0,54.945,736.122,SYNTHETIC,31.65,2026-06-04T14:00:00+00:00,180.0,2.007
SIMULATION_FORCING,1013.0,0.0,59.397,601.041,SYNTHETIC,31.48,2026-06-04T15:00:00+00:00,180.0,2.287
SIMULATION_FORCING,1013.0,0.0,62.012,425.0,SYNTHETIC,30.98,2026-06-04T16:00:00+00:00,180.0,2.322
SIMULATION_FORCING,1013.0,0.0,68.906,219.996,SYNTHETIC,30.186,2026-06-04T17:00:00+00:00,180.0,2.45
SIMULATION_FORCING,1013.0,0.0,70.683,0.0,SYNTHETIC,29.15,2026-06-04T18:00:00+00:00,180.0,1.937
SIMULATION_FORCING,1013.0,0.0,72.795,0.0,SYNTHETIC,27.944,2026-06-04T19:00:00+00:00,180.0,2.429
SIMULATION_FORCING,1013.0,0.0,71.583,0.0,SYNTHETIC,26.65,2026-06-04T20:00:00+00:00,180.0,2.162
SIMULATION_FORCING,1013.0,0.0,73.691,0.0,SYNTHETIC,25.356,2026-06-04T21:00:00+00:00,180.0,1.834
SIMULATION_FORCING,1013.0,0.0,73.687,0.0,SYNTHETIC,24.15,2026-06-04T22:00:00+00:00,180.0,1.646
SIMULATION_FORCING,1013.0,0.0,71.34,0.0,SYNTHETIC,23.115,2026-06-04T23:00:00+00:00,180.0,1.814
SIMULATION_FORCING,1013.0,0.0,72.643,0.0,SYNTHETIC,22.362,2026-06-05T00:00:00+00:00,180.0,1.696
SIMULATION_FORCING,1013.0,0.0,70.053,0.0,SYNTHETIC,21.862,2026-06-05T01:00:00+00:00,180.0,1.753
SIMULATION_FORCING,1013.0,0.0,73.111,0.0,SYNTHETIC,21.692,2026-06-05T02:00:00+00:00,180.0,1.848
SIMULATION_FORCING,1013.0,0.0,71.396,0.0,SYNTHETIC,21.862,2026-06-05T03:00:00+00:00,180.0,1.843
SIMULATION_FORCING,1013.0,0.0,70.871,0.0,SYNTHETIC,22.362,2026-06-05T04:00:00+00:00,180.0,2.31
SIMULATION_FORCING,1013.0,0.0,72.601,0.0,SYNTHETIC,23.156,2026-06-05T05:00:00+00:00,180.0,2.307
SIMULATION_FORCING,1013.0,0.0,73.803,0.0,SYNTHETIC,24.192,2026-06-05T06:00:00+00:00,180.0,1.799
SIMULATION_FORCING,1013.0,0.0,66.934,219.996,SYNTHETIC,25.398,2026-06-05T07:00:00+00:00,180.0,2.091
SIMULATION_FORCING,1013.0,0.0,63.941,425.0,SYNTHETIC,26.692,2026-06-05T08:00:00+00:00,180.0,1.622
SIMULATION_FORCING,1013.0,0.0,60.897,601.041,SYNTHETIC,27.986,2026-06-05T09:00:00+00:00,180.0,1.906
SIMULATION_FORCING,1013.0,0.0,58.0,736.122,SYNTHETIC,29.192,2026-06-05T10:00:00+00:00,180.0,2.289
SIMULATION_FORCING,1013.0,0.0,52.636,821.037,SYNTHETIC,30.227,2026-06-05T11:00:00+00:00,180.0,2.064
SIMULATION_FORCING,1013.0,0.0,54.939,850.0,SYNTHETIC,31.022,2026-06-05T12:00:00+00:00,180.0,1.509
SIMULATION_FORCING,1013.0,0.0,53.991,821.037,SYNTHETIC,31.521,2026-06-05T13:00:00+00:00,180.0,1.507
SIMULATION_FORCING,1013.0,0.0,56.238,736.122,SYNTHETIC,31.692,2026-06-05T14:00:00+00:00,180.0,2.137
SIMULATION_FORCING,1013.0,0.0,58.984,601.041,SYNTHETIC,31.521,2026-06-05T15:00:00+00:00,180.0,2.206
SIMULATION_FORCING,1013.0,0.0,61.949,425.0,SYNTHETIC,31.022,2026-06-05T16:00:00+00:00,180.0,1.629
SIMULATION_FORCING,1013.0,0.0,65.857,219.996,SYNTHETIC,30.227,2026-06-05T17:00:00+00:00,180.0,1.786
SIMULATION_FORCING,1013.0,0.0,71.818,0.0,SYNTHETIC,29.192,2026-06-05T18:00:00+00:00,180.0,1.554
SIMULATION_FORCING,1013.0,0.0,70.27,0.0,SYNTHETIC,27.986,2026-06-05T19:00:00+00:00,180.0,1.662
SIMULATION_FORCING,1013.0,0.0,70.521,0.0,SYNTHETIC,26.692,2026-06-05T20:00:00+00:00,180.0,2.379
SIMULATION_FORCING,1013.0,0.0,71.679,0.0,SYNTHETIC,25.398,2026-06-05T21:00:00+00:00,180.0,2.22
SIMULATION_FORCING,1013.0,0.0,73.706,0.0,SYNTHETIC,24.192,2026-06-05T22:00:00+00:00,180.0,2.355
SIMULATION_FORCING,1013.0,0.0,70.402,0.0,SYNTHETIC,23.156,2026-06-05T23:00:00+00:00,180.0,2.376
SIMULATION_FORCING,1013.0,0.0,73.906,0.0,SYNTHETIC,22.4,2026-06-06T00:00:00+00:00,180.0,2.174
SIMULATION_FORCING,1013.0,0.0,72.815,0.0,SYNTHETIC,21.901,2026-06-06T01:00:00+00:00,180.0,1.818
SIMULATION_FORCING,1013.0,0.0,70.218,0.0,SYNTHETIC,21.731,2026-06-06T02:00:00+00:00,180.0,2.23
SIMULATION_FORCING,1013.0,0.0,70.978,0.0,SYNTHETIC,21.901,2026-06-06T03:00:00+00:00,180.0,1.558
SIMULATION_FORCING,1013.0,0.0,73.881,0.0,SYNTHETIC,22.4,2026-06-06T04:00:00+00:00,180.0,1.884
SIMULATION_FORCING,1013.0,0.0,73.216,0.0,SYNTHETIC,23.195,2026-06-06T05:00:00+00:00,180.0,2.215
SIMULATION_FORCING,1013.0,0.0,73.555,0.0,SYNTHETIC,24.231,2026-06-06T06:00:00+00:00,180.0,1.732
SIMULATION_FORCING,1013.0,0.0,66.067,219.996,SYNTHETIC,25.436,2026-06-06T07:00:00+00:00,180.0,1.961
SIMULATION_FORCING,1013.0,0.0,61.228,425.0,SYNTHETIC,26.731,2026-06-06T08:00:00+00:00,180.0,1.55
SIMULATION_FORCING,1013.0,0.0,59.154,601.041,SYNTHETIC,28.025,2026-06-06T09:00:00+00:00,180.0,2.272
SIMULATION_FORCING,1013.0,0.0,56.737,736.122,SYNTHETIC,29.231,2026-06-06T10:00:00+00:00,180.0,2.062
SIMULATION_FORCING,1013.0,0.0,55.569,821.037,SYNTHETIC,30.266,2026-06-06T11:00:00+00:00,180.0,1.974
SIMULATION_FORCING,1013.0,0.0,55.078,850.0,SYNTHETIC,31.061,2026-06-06T12:00:00+00:00,180.0,1.579
SIMULATION_FORCING,1013.0,0.0,53.585,821.037,SYNTHETIC,31.56,2026-06-06T13:00:00+00:00,180.0,2.117
SIMULATION_FORCING,1013.0,0.0,55.806,736.122,SYNTHETIC,31.731,2026-06-06T14:00:00+00:00,180.0,2.34
SIMULATION_FORCING,1013.0,0.0,61.17,601.041,SYNTHETIC,31.56,2026-06-06T15:00:00+00:00,180.0,2.181
SIMULATION_FORCING,1013.0,0.0,64.184,425.0,SYNTHETIC,31.061,2026-06-06T16:00:00+00:00,180.0,2.148
SIMULATION_FORCING,1013.0,0.0,69.054,219.996,SYNTHETIC,30.266,2026-06-06T17:00:00+00:00,180.0,1.756
SIMULATION_FORCING,1013.0,0.0,70.899,0.0,SYNTHETIC,29.231,2026-06-06T18:00:00+00:00,180.0,2.047
SIMULATION_FORCING,1013.0,0.0,71.571,0.0,SYNTHETIC,28.025,2026-06-06T19:00:00+00:00,180.0,1.602
SIMULATION_FORCING,1013.0,0.0,70.509,0.0,SYNTHETIC,26.731,2026-06-06T20:00:00+00:00,180.0,1.908
SIMULATION_FORCING,1013.0,0.0,70.504,0.0,SYNTHETIC,25.436,2026-06-06T21:00:00+00:00,180.0,1.534
SIMULATION_FORCING,1013.0,0.0,72.594,0.0,SYNTHETIC,24.231,2026-06-06T22:00:00+00:00,180.0,2.333
SIMULATION_FORCING,1013.0,0.0,71.712,0.0,SYNTHETIC,23.195,2026-06-06T23:00:00+00:00,180.0,2.372
SIMULATION_FORCING,1013.0,0.0,72.384,0.0,SYNTHETIC,22.437,2026-06-07T00:00:00+00:00,180.0,1.66
SIMULATION_FORCING,1013.0,0.0,72.551,0.0,SYNTHETIC,21.937,2026-06-07T01:00:00+00:00,180.0,2.224
SIMULATION_FORCING,1013.0,0.0,73.494,0.0,SYNTHETIC,21.767,2026-06-07T02:00:00+00:00,180.0,1.868
SIMULATION_FORCING,1013.0,0.0,72.495,0.0,SYNTHETIC,21.937,2026-06-07T03:00:00+00:00,180.0,2.288
SIMULATION_FORCING,1013.0,0.0,70.901,0.0,SYNTHETIC,22.437,2026-06-07T04:00:00+00:00,180.0,1.785
SIMULATION_FORCING,1013.0,0.0,73.208,0.0,SYNTHETIC,23.231,2026-06-07T05:00:00+00:00,180.0,1.861
SIMULATION_FORCING,1013.0,0.0,73.966,0.0,SYNTHETIC,24.267,2026-06-07T06:00:00+00:00,180.0,1.664
SIMULATION_FORCING,1013.0,0.0,67.327,219.996,SYNTHETIC,25.473,2026-06-07T07:00:00+00:00,180.0,2.382
SIMULATION_FORCING,1013.0,0.0,64.359,425.0,SYNTHETIC,26.767,2026-06-07T08:00:00+00:00,180.0,2.179
SIMULATION_FORCING,1013.0,0.0,61.192,601.041,SYNTHETIC,28.061,2026-06-07T09:00:00+00:00,180.0,1.793
SIMULATION_FORCING,1013.0,0.0,54.851,736.122,SYNTHETIC,29.267,2026-06-07T10:00:00+00:00,180.0,1.685
SIMULATION_FORCING,1013.0,0.0,54.174,821.037,SYNTHETIC,30.302,2026-06-07T11:00:00+00:00,180.0,1.653
SIMULATION_FORCING,1013.0,0.0,55.402,850.0,SYNTHETIC,31.097,2026-06-07T12:00:00+00:00,180.0,2.413
SIMULATION_FORCING,1013.0,0.0,53.761,821.037,SYNTHETIC,31.597,2026-06-07T13:00:00+00:00,180.0,2.179
SIMULATION_FORCING,1013.0,0.0,57.516,736.122,SYNTHETIC,31.767,2026-06-07T14:00:00+00:00,180.0,2.155
SIMULATION_FORCING,1013.0,0.0,60.671,601.041,SYNTHETIC,31.597,2026-06-07T15:00:00+00:00,180.0,1.866
SIMULATION_FORCING,1013.0,0.0,61.686,425.0,SYNTHETIC,31.097,2026-06-07T16:00:00+00:00,180.0,1.668
SIMULATION_FORCING,1013.0,0.0,66.146,219.996,SYNTHETIC,30.302,2026-06-07T17:00:00+00:00,180.0,1.841
SIMULATION_FORCING,1013.0,0.0,73.077,0.0,SYNTHETIC,29.267,2026-06-07T18:00:00+00:00,180.0,1.737
SIMULATION_FORCING,1013.0,0.0,71.975,0.0,SYNTHETIC,28.061,2026-06-07T19:00:00+00:00,180.0,2.371
SIMULATION_FORCING,1013.0,0.0,70.66,0.0,SYNTHETIC,26.767,2026-06-07T20:00:00+00:00,180.0,1.767
SIMULATION_FORCING,1013.0,0.0,71.551,0.0,SYNTHETIC,25.473,2026-06-07T21:00:00+00:00,180.0,1.968
SIMULATION_FORCING,1013.0,0.0,71.034,0.0,SYNTHETIC,24.267,2026-06-07T22:00:00+00:00,180.0,1.812
SIMULATION_FORCING,1013.0,0.0,70.303,0.0,SYNTHETIC,23.231,2026-06-07T23:00:00+00:00,180.0,2.165
SIMULATION_FORCING,1013.0,0.0,72.02,0.0,SYNTHETIC,22.471,2026-06-08T00:00:00+00:00,180.0,2.308
SIMULATION_FORCING,1013.0,0.0,71.408,0.0,SYNTHETIC,21.971,2026-06-08T01:00:00+00:00,180.0,1.786
SIMULATION_FORCING,1013.0,0.0,70.383,0.0,SYNTHETIC,21.801,2026-06-08T02:00:00+00:00,180.0,2.05
SIMULATION_FORCING,1013.0,0.0,71.587,0.0,SYNTHETIC,21.971,2026-06-08T03:00:00+00:00,180.0,2.093
SIMULATION_FORCING,1013.0,0.0,72.249,0.0,SYNTHETIC,22.471,2026-06-08T04:00:00+00:00,180.0,2.032
SIMULATION_FORCING,1013.0,0.0,73.96,0.0,SYNTHETIC,23.265,2026-06-08T05:00:00+00:00,180.0,2.238
SIMULATION_FORCING,1013.0,0.0,70.103,0.0,SYNTHETIC,24.301,2026-06-08T06:00:00+00:00,180.0,1.956
SIMULATION_FORCING,1013.0,0.0,66.666,219.996,SYNTHETIC,25.507,2026-06-08T07:00:00+00:00,180.0,1.667
SIMULATION_FORCING,1013.0,0.0,64.94,425.0,SYNTHETIC,26.801,2026-06-08T08:00:00+00:00,180.0,1.777
SIMULATION_FORCING,1013.0,0.0,60.252,601.041,SYNTHETIC,28.095,2026-06-08T09:00:00+00:00,180.0,1.525
SIMULATION_FORCING,1013.0,0.0,57.941,736.122,SYNTHETIC,29.301,2026-06-08T10:00:00+00:00,180.0,1.703
SIMULATION_FORCING,1013.0,0.0,56.092,821.037,SYNTHETIC,30.336,2026-06-08T11:00:00+00:00,180.0,2.04
SIMULATION_FORCING,1013.0,0.0,53.509,850.0,SYNTHETIC,31.131,2026-06-08T12:00:00+00:00,180.0,2.407
SIMULATION_FORCING,1013.0,0.0,55.306,821.037,SYNTHETIC,31.63,2026-06-08T13:00:00+00:00,180.0,2.397
SIMULATION_FORCING,1013.0,0.0,56.265,736.122,SYNTHETIC,31.801,2026-06-08T14:00:00+00:00,180.0,1.972
SIMULATION_FORCING,1013.0,0.0,61.268,601.041,SYNTHETIC,31.63,2026-06-08T15:00:00+00:00,180.0,1.632
SIMULATION_FORCING,1013.0,0.0,61.093,425.0,SYNTHETIC,31.131,2026-06-08T16:00:00+00:00,180.0,2.117
SIMULATION_FORCING,1013.0,0.0,69.044,219.996,SYNTHETIC,30.336,2026-06-08T17:00:00+00:00,180.0,1.665
SIMULATION_FORCING,1013.0,0.0,70.078,0.0,SYNTHETIC,29.301,2026-06-08T18:00:00+00:00,180.0,2.049
SIMULATION_FORCING,1013.0,0.0,72.82,0.0,SYNTHETIC,28.095,2026-06-08T19:00:00+00:00,180.0,2.455
SIMULATION_FORCING,1013.0,0.0,70.924,0.0,SYNTHETIC,26.801,2026-06-08T20:00:00+00:00,180.0,1.854
SIMULATION_FORCING,1013.0,0.0,70.824,0.0,SYNTHETIC,25.507,2026-06-08T21:00:00+00:00,180.0,2.24
SIMULATION_FORCING,1013.0,0.0,73.184,0.0,SYNTHETIC,24.301,2026-06-08T22:00:00+00:00,180.0,1.846
SIMULATION_FORCING,1013.0,0.0,72.895,0.0,SYNTHETIC,23.265,2026-06-08T23:00:00+00:00,180.0,1.974
SIMULATION_FORCING,1013.0,0.0,71.01,0.0,SYNTHETIC,22.502,2026-06-09T00:00:00+00:00,180.0,2.448
SIMULATION_FORCING,1013.0,0.0,71.784,0.0,SYNTHETIC,22.002,2026-06-09T01:00:00+00:00,180.0,2.43
SIMULATION_FORCING,1013.0,0.0,71.838,0.0,SYNTHETIC,21.832,2026-06-09T02:00:00+00:00,180.0,1.52
SIMULATION_FORCING,1013.0,0.0,71.962,0.0,SYNTHETIC,22.002,2026-06-09T03:00:00+00:00,180.0,2.243
SIMULATION_FORCING,1013.0,0.0,72.412,0.0,SYNTHETIC,22.502,2026-06-09T04:00:00+00:00,180.0,2.281
SIMULATION_FORCING,1013.0,0.0,72.407,0.0,SYNTHETIC,23.296,2026-06-09T05:00:00+00:00,180.0,2.281
SIMULATION_FORCING,1013.0,0.0,72.021,0.0,SYNTHETIC,24.332,2026-06-09T06:00:00+00:00,180.0,1.96
SIMULATION_FORCING,1013.0,0.0,69.221,219.996,SYNTHETIC,25.538,2026-06-09T07:00:00+00:00,180.0,1.534
SIMULATION_FORCING,1013.0,0.0,64.973,425.0,SYNTHETIC,26.832,2026-06-09T08:00:00+00:00,180.0,2.142
SIMULATION_FORCING,1013.0,0.0,61.205,601.041,SYNTHETIC,28.126,2026-06-09T09:00:00+00:00,180.0,1.905
SIMULATION_FORCING,1013.0,0.0,54.919,736.122,SYNTHETIC,29.332,2026-06-09T10:00:00+00:00,180.0,2.323
SIMULATION_FORCING,1013.0,0.0,53.86,821.037,SYNTHETIC,30.367,2026-06-09T11:00:00+00:00,180.0,1.881
SIMULATION_FORCING,1013.0,0.0,52.493,850.0,SYNTHETIC,31.162,2026-06-09T12:00:00+00:00,180.0,2.118
SIMULATION_FORCING,1013.0,0.0,56.525,821.037,SYNTHETIC,31.661,2026-06-09T13:00:00+00:00,180.0,2.354
SIMULATION_FORCING,1013.0,0.0,56.657,736.122,SYNTHETIC,31.832,2026-06-09T14:00:00+00:00,180.0,1.861
SIMULATION_FORCING,1013.0,0.0,59.04,601.041,SYNTHETIC,31.661,2026-06-09T15:00:00+00:00,180.0,1.917
SIMULATION_FORCING,1013.0,0.0,64.702,425.0,SYNTHETIC,31.162,2026-06-09T16:00:00+00:00,180.0,1.753
SIMULATION_FORCING,1013.0,0.0,66.349,219.996,SYNTHETIC,30.367,2026-06-09T17:00:00+00:00,180.0,2.187
SIMULATION_FORCING,1013.0,0.0,71.437,0.0,SYNTHETIC,29.332,2026-06-09T18:00:00+00:00,180.0,2.264
SIMULATION_FORCING,1013.0,0.0,73.205,0.0,SYNTHETIC,28.126,2026-06-09T19:00:00+00:00,180.0,2.336
SIMULATION_FORCING,1013.0,0.0,73.727,0.0,SYNTHETIC,26.832,2026-06-09T20:00:00+00:00,180.0,2.364
SIMULATION_FORCING,1013.0,0.0,71.303,0.0,SYNTHETIC,25.538,2026-06-09T21:00:00+00:00,180.0,1.712
SIMULATION_FORCING,1013.0,0.0,72.091,0.0,SYNTHETIC,24.332,2026-06-09T22:00:00+00:00,180.0,1.877
SIMULATION_FORCING,1013.0,0.0,71.655,0.0,SYNTHETIC,23.296,2026-06-09T23:00:00+00:00,180.0,1.599
SIMULATION_FORCING,1013.0,0.0,70.8,0.0,SYNTHETIC,22.53,2026-06-10T00:00:00+00:00,180.0,2.407
SIMULATION_FORCING,1013.0,0.0,73.123,0.0,SYNTHETIC,22.031,2026-06-10T01:00:00+00:00,180.0,1.766
SIMULATION_FORCING,1013.0,0.0,71.492,0.0,SYNTHETIC,21.86,2026-06-10T02:00:00+00:00,180.0,1.966
SIMULATION_FORCING,1013.0,0.0,72.137,0.0,SYNTHETIC,22.031,2026-06-10T03:00:00+00:00,180.0,1.623
SIMULATION_FORCING,1013.0,0.0,73.629,0.0,SYNTHETIC,22.53,2026-06-10T04:00:00+00:00,180.0,1.923
SIMULATION_FORCING,1013.0,0.0,71.302,0.0,SYNTHETIC,23.325,2026-06-10T05:00:00+00:00,180.0,2.288
SIMULATION_FORCING,1013.0,0.0,70.306,0.0,SYNTHETIC,24.36,2026-06-10T06:00:00+00:00,180.0,1.677
SIMULATION_FORCING,1013.0,0.0,69.222,219.996,SYNTHETIC,25.566,2026-06-10T07:00:00+00:00,180.0,1.955
SIMULATION_FORCING,1013.0,0.0,64.614,425.0,SYNTHETIC,26.86,2026-06-10T08:00:00+00:00,180.0,1.884
SIMULATION_FORCING,1013.0,0.0,58.749,601.041,SYNTHETIC,28.154,2026-06-10T09:00:00+00:00,180.0,2.192
SIMULATION_FORCING,1013.0,0.0,54.881,736.122,SYNTHETIC,29.36,2026-06-10T10:00:00+00:00,180.0,1.826
SIMULATION_FORCING,1013.0,0.0,54.798,821.037,SYNTHETIC,30.396,2026-06-10T11:00:00+00:00,180.0,2.251
SIMULATION_FORCING,1013.0,0.0,52.076,850.0,SYNTHETIC,31.19,2026-06-10T12:00:00+00:00,180.0,1.964
SIMULATION_FORCING,1013.0,0.0,54.346,821.037,SYNTHETIC,31.69,2026-06-10T13:00:00+00:00,180.0,1.879
SIMULATION_FORCING,1013.0,0.0,58.17,736.122,SYNTHETIC,31.86,2026-06-10T14:00:00+00:00,180.0,2.174
SIMULATION_FORCING,1013.0,0.0,57.822,601.041,SYNTHETIC,31.69,2026-06-10T15:00:00+00:00,180.0,2.115
SIMULATION_FORCING,1013.0,0.0,64.156,425.0,SYNTHETIC,31.19,2026-06-10T16:00:00+00:00,180.0,2.383
SIMULATION_FORCING,1013.0,0.0,67.536,219.996,SYNTHETIC,30.396,2026-06-10T17:00:00+00:00,180.0,1.912
SIMULATION_FORCING,1013.0,0.0,72.722,0.0,SYNTHETIC,29.36,2026-06-10T18:00:00+00:00,180.0,2.46
SIMULATION_FORCING,1013.0,0.0,71.752,0.0,SYNTHETIC,28.154,2026-06-10T19:00:00+00:00,180.0,1.647
SIMULATION_FORCING,1013.0,0.0,70.278,0.0,SYNTHETIC,26.86,2026-06-10T20:00:00+00:00,180.0,1.692
SIMULATION_FORCING,1013.0,0.0,73.7,0.0,SYNTHETIC,25.566,2026-06-10T21:00:00+00:00,180.0,1.731
SIMULATION_FORCING,1013.0,0.0,73.063,0.0,SYNTHETIC,24.36,2026-06-10T22:00:00+00:00,180.0,1.775
SIMULATION_FORCING,1013.0,0.0,73.006,0.0,SYNTHETIC,23.325,2026-06-10T23:00:00+00:00,180.0,2.241
SIMULATION_FORCING,1013.0,0.0,73.26,0.0,SYNTHETIC,22.556,2026-06-11T00:00:00+00:00,180.0,2.061
SIMULATION_FORCING,1013.0,0.0,72.971,0.0,SYNTHETIC,22.057,2026-06-11T01:00:00+00:00,180.0,2.092
SIMULATION_FORCING,1013.0,0.0,71.251,0.0,SYNTHETIC,21.886,2026-06-11T02:00:00+00:00,180.0,2.197
SIMULATION_FORCING,1013.0,0.0,73.636,0.0,SYNTHETIC,22.057,2026-06-11T03:00:00+00:00,180.0,1.844
SIMULATION_FORCING,1013.0,0.0,71.453,0.0,SYNTHETIC,22.556,2026-06-11T04:00:00+00:00,180.0,1.77
SIMULATION_FORCING,1013.0,0.0,73.413,0.0,SYNTHETIC,23.351,2026-06-11T05:00:00+00:00,180.0,1.777
SIMULATION_FORCING,1013.0,0.0,70.532,0.0,SYNTHETIC,24.386,2026-06-11T06:00:00+00:00,180.0,2.07
SIMULATION_FORCING,1013.0,0.0,65.62,219.996,SYNTHETIC,25.592,2026-06-11T07:00:00+00:00,180.0,1.898
SIMULATION_FORCING,1013.0,0.0,63.107,425.0,SYNTHETIC,26.886,2026-06-11T08:00:00+00:00,180.0,2.476
SIMULATION_FORCING,1013.0,0.0,61.182,601.041,SYNTHETIC,28.18,2026-06-11T09:00:00+00:00,180.0,1.978
SIMULATION_FORCING,1013.0,0.0,55.415,736.122,SYNTHETIC,29.386,2026-06-11T10:00:00+00:00,180.0,2.043
SIMULATION_FORCING,1013.0,0.0,55.129,821.037,SYNTHETIC,30.422,2026-06-11T11:00:00+00:00,180.0,1.572
SIMULATION_FORCING,1013.0,0.0,54.716,850.0,SYNTHETIC,31.216,2026-06-11T12:00:00+00:00,180.0,1.944
SIMULATION_FORCING,1013.0,0.0,55.978,821.037,SYNTHETIC,31.716,2026-06-11T13:00:00+00:00,180.0,1.79
SIMULATION_FORCING,1013.0,0.0,56.689,736.122,SYNTHETIC,31.886,2026-06-11T14:00:00+00:00,180.0,1.73
SIMULATION_FORCING,1013.0,0.0,59.902,601.041,SYNTHETIC,31.716,2026-06-11T15:00:00+00:00,180.0,2.188
SIMULATION_FORCING,1013.0,0.0,64.67,425.0,SYNTHETIC,31.216,2026-06-11T16:00:00+00:00,180.0,2.442
SIMULATION_FORCING,1013.0,0.0,67.216,219.996,SYNTHETIC,30.422,2026-06-11T17:00:00+00:00,180.0,1.883
SIMULATION_FORCING,1013.0,0.0,71.191,0.0,SYNTHETIC,29.386,2026-06-11T18:00:00+00:00,180.0,1.892
SIMULATION_FORCING,1013.0,0.0,73.007,0.0,SYNTHETIC,28.18,2026-06-11T19:00:00+00:00,180.0,2.459
SIMULATION_FORCING,1013.0,0.0,72.051,0.0,SYNTHETIC,26.886,2026-06-11T20:00:00+00:00,180.0,2.314
SIMULATION_FORCING,1013.0,0.0,70.168,0.0,SYNTHETIC,25.592,2026-06-11T21:00:00+00:00,180.0,1.773
SIMULATION_FORCING,1013.0,0.0,70.138,0.0,SYNTHETIC,24.386,2026-06-11T22:00:00+00:00,180.0,1.89
SIMULATION_FORCING,1013.0,0.0,73.895,0.0,SYNTHETIC,23.351,2026-06-11T23:00:00+00:00,180.0,1.588
SIMULATION_FORCING,1013.0,0.0,71.764,0.0,SYNTHETIC,22.579,2026-06-12T00:00:00+00:00,180.0,1.747
SIMULATION_FORCING,1013.0,0.0,73.694,0.0,SYNTHETIC,22.08,2026-06-12T01:00:00+00:00,180.0,1.668
SIMULATION_FORCING,1013.0,0.0,70.45,0.0,SYNTHETIC,21.909,2026-06-12T02:00:00+00:00,180.0,1.976
SIMULATION_FORCING,1013.0,0.0,70.294,0.0,SYNTHETIC,22.08,2026-06-12T03:00:00+00:00,180.0,1.674
SIMULATION_FORCING,1013.0,0.0,72.891,0.0,SYNTHETIC,22.579,2026-06-12T04:00:00+00:00,180.0,1.567
SIMULATION_FORCING,1013.0,0.0,72.342,0.0,SYNTHETIC,23.374,2026-06-12T05:00:00+00:00,180.0,1.721
SIMULATION_FORCING,1013.0,0.0,73.753,0.0,SYNTHETIC,24.409,2026-06-12T06:00:00+00:00,180.0,2.145
SIMULATION_FORCING,1013.0,0.0,68.566,219.996,SYNTHETIC,25.615,2026-06-12T07:00:00+00:00,180.0,2.469
SIMULATION_FORCING,1013.0,0.0,62.76,425.0,SYNTHETIC,26.909,2026-06-12T08:00:00+00:00,180.0,2.328
SIMULATION_FORCING,1013.0,0.0,60.107,601.041,SYNTHETIC,28.203,2026-06-12T09:00:00+00:00,180.0,2.224
SIMULATION_FORCING,1013.0,0.0,55.258,736.122,SYNTHETIC,29.409,2026-06-12T10:00:00+00:00,180.0,2.185
SIMULATION_FORCING,1013.0,0.0,56.222,821.037,SYNTHETIC,30.445,2026-06-12T11:00:00+00:00,180.0,1.71
SIMULATION_FORCING,1013.0,0.0,55.626,850.0,SYNTHETIC,31.24,2026-06-12T12:00:00+00:00,180.0,1.807
SIMULATION_FORCING,1013.0,0.0,53.039,821.037,SYNTHETIC,31.739,2026-06-12T13:00:00+00:00,180.0,2.008
SIMULATION_FORCING,1013.0,0.0,55.083,736.122,SYNTHETIC,31.909,2026-06-12T14:00:00+00:00,180.0,2.125
SIMULATION_FORCING,1013.0,0.0,58.627,601.041,SYNTHETIC,31.739,2026-06-12T15:00:00+00:00,180.0,1.727
SIMULATION_FORCING,1013.0,0.0,62.965,425.0,SYNTHETIC,31.24,2026-06-12T16:00:00+00:00,180.0,2.362
SIMULATION_FORCING,1013.0,0.0,68.042,219.996,SYNTHETIC,30.445,2026-06-12T17:00:00+00:00,180.0,2.138
SIMULATION_FORCING,1013.0,0.0,71.782,0.0,SYNTHETIC,29.409,2026-06-12T18:00:00+00:00,180.0,2.483
SIMULATION_FORCING,1013.0,0.0,73.177,0.0,SYNTHETIC,28.203,2026-06-12T19:00:00+00:00,180.0,1.89
SIMULATION_FORCING,1013.0,0.0,70.273,0.0,SYNTHETIC,26.909,2026-06-12T20:00:00+00:00,180.0,2.462
SIMULATION_FORCING,1013.0,0.0,70.906,0.0,SYNTHETIC,25.615,2026-06-12T21:00:00+00:00,180.0,1.749
SIMULATION_FORCING,1013.0,0.0,72.676,0.0,SYNTHETIC,24.409,2026-06-12T22:00:00+00:00,180.0,2.204
SIMULATION_FORCING,1013.0,0.0,72.693,0.0,SYNTHETIC,23.374,2026-06-12T23:00:00+00:00,180.0,2.242
SIMULATION_FORCING,1013.0,0.0,72.007,0.0,SYNTHETIC,22.6,2026-06-13T00:00:00+00:00,180.0,1.816
SIMULATION_FORCING,1013.0,0.0,71.776,0.0,SYNTHETIC,22.1,2026-06-13T01:00:00+00:00,180.0,2.496
SIMULATION_FORCING,1013.0,0.0,73.262,0.0,SYNTHETIC,21.93,2026-06-13T02:00:00+00:00,180.0,1.653
SIMULATION_FORCING,1013.0,0.0,72.19,0.0,SYNTHETIC,22.1,2026-06-13T03:00:00+00:00,180.0,2.288
SIMULATION_FORCING,1013.0,0.0,71.639,0.0,SYNTHETIC,22.6,2026-06-13T04:00:00+00:00,180.0,1.664
SIMULATION_FORCING,1013.0,0.0,72.704,0.0,SYNTHETIC,23.394,2026-06-13T05:00:00+00:00,180.0,1.821
SIMULATION_FORCING,1013.0,0.0,71.684,0.0,SYNTHETIC,24.43,2026-06-13T06:00:00+00:00,180.0,2.101
SIMULATION_FORCING,1013.0,0.0,67.946,219.996,SYNTHETIC,25.636,2026-06-13T07:00:00+00:00,180.0,1.819
SIMULATION_FORCING,1013.0,0.0,64.253,425.0,SYNTHETIC,26.93,2026-06-13T08:00:00+00:00,180.0,2.145
SIMULATION_FORCING,1013.0,0.0,57.571,601.041,SYNTHETIC,28.224,2026-06-13T09:00:00+00:00,180.0,2.196
SIMULATION_FORCING,1013.0,0.0,55.127,736.122,SYNTHETIC,29.43,2026-06-13T10:00:00+00:00,180.0,1.876
SIMULATION_FORCING,1013.0,0.0,53.932,821.037,SYNTHETIC,30.466,2026-06-13T11:00:00+00:00,180.0,2.154
SIMULATION_FORCING,1013.0,0.0,52.55,850.0,SYNTHETIC,31.26,2026-06-13T12:00:00+00:00,180.0,1.531
SIMULATION_FORCING,1013.0,0.0,53.584,821.037,SYNTHETIC,31.76,2026-06-13T13:00:00+00:00,180.0,1.764
SIMULATION_FORCING,1013.0,0.0,54.635,736.122,SYNTHETIC,31.93,2026-06-13T14:00:00+00:00,180.0,2.044
SIMULATION_FORCING,1013.0,0.0,61.202,601.041,SYNTHETIC,31.76,2026-06-13T15:00:00+00:00,180.0,1.972
SIMULATION_FORCING,1013.0,0.0,61.335,425.0,SYNTHETIC,31.26,2026-06-13T16:00:00+00:00,180.0,1.537
SIMULATION_FORCING,1013.0,0.0,65.754,219.996,SYNTHETIC,30.466,2026-06-13T17:00:00+00:00,180.0,2.293
SIMULATION_FORCING,1013.0,0.0,72.996,0.0,SYNTHETIC,29.43,2026-06-13T18:00:00+00:00,180.0,2.331
SIMULATION_FORCING,1013.0,0.0,71.852,0.0,SYNTHETIC,28.224,2026-06-13T19:00:00+00:00,180.0,2.028
SIMULATION_FORCING,1013.0,0.0,72.325,0.0,SYNTHETIC,26.93,2026-06-13T20:00:00+00:00,180.0,2.459
SIMULATION_FORCING,1013.0,0.0,70.126,0.0,SYNTHETIC,25.636,2026-06-13T21:00:00+00:00,180.0,2.212
SIMULATION_FORCING,1013.0,0.0,72.267,0.0,SYNTHETIC,24.43,2026-06-13T22:00:00+00:00,180.0,2.009
SIMULATION_FORCING,1013.0,0.0,72.153,0.0,SYNTHETIC,23.394,2026-06-13T23:00:00+00:00,180.0,1.57
SIMULATION_FORCING,1013.0,0.0,72.96,0.0,SYNTHETIC,22.618,2026-06-14T00:00:00+00:00,180.0,1.859
SIMULATION_FORCING,1013.0,0.0,73.598,0.0,SYNTHETIC,22.118,2026-06-14T01:00:00+00:00,180.0,1.812
SIMULATION_FORCING,1013.0,0.0,70.817,0.0,SYNTHETIC,21.948,2026-06-14T02:00:00+00:00,180.0,2.268
SIMULATION_FORCING,1013.0,0.0,70.911,0.0,SYNTHETIC,22.118,2026-06-14T03:00:00+00:00,180.0,1.652
SIMULATION_FORCING,1013.0,0.0,73.52,0.0,SYNTHETIC,22.618,2026-06-14T04:00:00+00:00,180.0,2.224
SIMULATION_FORCING,1013.0,0.0,73.991,0.0,SYNTHETIC,23.412,2026-06-14T05:00:00+00:00,180.0,2.216
SIMULATION_FORCING,1013.0,0.0,70.504,0.0,SYNTHETIC,24.448,2026-06-14T06:00:00+00:00,180.0,1.893
SIMULATION_FORCING,1013.0,0.0,69.036,219.996,SYNTHETIC,25.654,2026-06-14T07:00:00+00:00,180.0,1.773
SIMULATION_FORCING,1013.0,0.0,63.303,425.0,SYNTHETIC,26.948,2026-06-14T08:00:00+00:00,180.0,1.527
SIMULATION_FORCING,1013.0,0.0,60.917,601.041,SYNTHETIC,28.242,2026-06-14T09:00:00+00:00,180.0,2.042
SIMULATION_FORCING,1013.0,0.0,57.426,736.122,SYNTHETIC,29.448,2026-06-14T10:00:00+00:00,180.0,2.118
SIMULATION_FORCING,1013.0,0.0,53.647,821.037,SYNTHETIC,30.483,2026-06-14T11:00:00+00:00,180.0,1.718
SIMULATION_FORCING,1013.0,0.0,53.338,850.0,SYNTHETIC,31.278,2026-06-14T12:00:00+00:00,180.0,1.715
SIMULATION_FORCING,1013.0,0.0,54.426,821.037,SYNTHETIC,31.778,2026-06-14T13:00:00+00:00,180.0,2.328
SIMULATION_FORCING,1013.0,0.0,57.363,736.122,SYNTHETIC,31.948,2026-06-14T14:00:00+00:00,180.0,1.765
SIMULATION_FORCING,1013.0,0.0,60.04,601.041,SYNTHETIC,31.778,2026-06-14T15:00:00+00:00,180.0,1.707
SIMULATION_FORCING,1013.0,0.0,64.59,425.0,SYNTHETIC,31.278,2026-06-14T16:00:00+00:00,180.0,1.682
SIMULATION_FORCING,1013.0,0.0,68.313,219.996,SYNTHETIC,30.483,2026-06-14T17:00:00+00:00,180.0,2.32
SIMULATION_FORCING,1013.0,0.0,73.971,0.0,SYNTHETIC,29.448,2026-06-14T18:00:00+00:00,180.0,1.983
SIMULATION_FORCING,1013.0,0.0,70.941,0.0,SYNTHETIC,28.242,2026-06-14T19:00:00+00:00,180.0,1.962
SIMULATION_FORCING,1013.0,0.0,70.912,0.0,SYNTHETIC,26.948,2026-06-14T20:00:00+00:00,180.0,1.927
SIMULATION_FORCING,1013.0,0.0,73.456,0.0,SYNTHETIC,25.654,2026-06-14T21:00:00+00:00,180.0,1.58
SIMULATION_FORCING,1013.0,0.0,70.908,0.0,SYNTHETIC,24.448,2026-06-14T22:00:00+00:00,180.0,2.285
SIMULATION_FORCING,1013.0,0.0,70.016,0.0,SYNTHETIC,23.412,2026-06-14T23:00:00+00:00,180.0,1.798
SIMULATION_FORCING,1013.0,0.0,72.4,0.0,SYNTHETIC,22.633,2026-06-15T00:00:00+00:00,180.0,1.842
SIMULATION_FORCING,1013.0,0.0,72.615,0.0,SYNTHETIC,22.134,2026-06-15T01:00:00+00:00,180.0,2.243
SIMULATION_FORCING,1013.0,0.0,73.963,0.0,SYNTHETIC,21.963,2026-06-15T02:00:00+00:00,180.0,2.225
SIMULATION_FORCING,1013.0,0.0,72.036,0.0,SYNTHETIC,22.134,2026-06-15T03:00:00+00:00,180.0,1.588
SIMULATION_FORCING,1013.0,0.0,73.176,0.0,SYNTHETIC,22.633,2026-06-15T04:00:00+00:00,180.0,1.876
SIMULATION_FORCING,1013.0,0.0,73.14,0.0,SYNTHETIC,23.428,2026-06-15T05:00:00+00:00,180.0,1.766
SIMULATION_FORCING,1013.0,0.0,71.927,0.0,SYNTHETIC,24.463,2026-06-15T06:00:00+00:00,180.0,1.639
SIMULATION_FORCING,1013.0,0.0,66.605,219.996,SYNTHETIC,25.669,2026-06-15T07:00:00+00:00,180.0,2.358
SIMULATION_FORCING,1013.0,0.0,63.701,425.0,SYNTHETIC,26.963,2026-06-15T08:00:00+00:00,180.0,1.62
SIMULATION_FORCING,1013.0,0.0,57.294,601.041,SYNTHETIC,28.257,2026-06-15T09:00:00+00:00,180.0,1.647
SIMULATION_FORCING,1013.0,0.0,56.125,736.122,SYNTHETIC,29.463,2026-06-15T10:00:00+00:00,180.0,2.016
SIMULATION_FORCING,1013.0,0.0,53.194,821.037,SYNTHETIC,30.499,2026-06-15T11:00:00+00:00,180.0,2.059
SIMULATION_FORCING,1013.0,0.0,53.933,850.0,SYNTHETIC,31.293,2026-06-15T12:00:00+00:00,180.0,2.234
SIMULATION_FORCING,1013.0,0.0,54.496,821.037,SYNTHETIC,31.793,2026-06-15T13:00:00+00:00,180.0,2.407
SIMULATION_FORCING,1013.0,0.0,56.058,736.122,SYNTHETIC,31.963,2026-06-15T14:00:00+00:00,180.0,2.188
SIMULATION_FORCING,1013.0,0.0,59.929,601.041,SYNTHETIC,31.793,2026-06-15T15:00:00+00:00,180.0,2.009
SIMULATION_FORCING,1013.0,0.0,63.339,425.0,SYNTHETIC,31.293,2026-06-15T16:00:00+00:00,180.0,2.372
SIMULATION_FORCING,1013.0,0.0,66.518,219.996,SYNTHETIC,30.499,2026-06-15T17:00:00+00:00,180.0,1.812
SIMULATION_FORCING,1013.0,0.0,70.599,0.0,SYNTHETIC,29.463,2026-06-15T18:00:00+00:00,180.0,2.437
SIMULATION_FORCING,1013.0,0.0,70.72,0.0,SYNTHETIC,28.257,2026-06-15T19:00:00+00:00,180.0,2.446
SIMULATION_FORCING,1013.0,0.0,72.275,0.0,SYNTHETIC,26.963,2026-06-15T20:00:00+00:00,180.0,1.819
SIMULATION_FORCING,1013.0,0.0,70.672,0.0,SYNTHETIC,25.669,2026-06-15T21:00:00+00:00,180.0,2.251
SIMULATION_FORCING,1013.0,0.0,72.232,0.0,SYNTHETIC,24.463,2026-06-15T22:00:00+00:00,180.0,1.79
SIMULATION_FORCING,1013.0,0.0,73.553,0.0,SYNTHETIC,23.428,2026-06-15T23:00:00+00:00,180.0,1.775
SIMULATION_FORCING,1013.0,0.0,71.176,0.0,SYNTHETIC,22.646,2026-06-16T00:00:00+00:00,180.0,2.349
SIMULATION_FORCING,1013.0,0.0,72.885,0.0,SYNTHETIC,22.146,2026-06-16T01:00:00+00:00,180.0,1.886
SIMULATION_FORCING,1013.0,0.0,72.477,0.0,SYNTHETIC,21.976,2026-06-16T02:00:00+00:00,180.0,2.076
SIMULATION_FORCING,1013.0,0.0,70.314,0.0,SYNTHETIC,22.146,2026-06-16T03:00:00+00:00,180.0,1.742
SIMULATION_FORCING,1013.0,0.0,71.858,0.0,SYNTHETIC,22.646,2026-06-16T04:00:00+00:00,180.0,2.203
SIMULATION_FORCING,1013.0,0.0,72.881,0.0,SYNTHETIC,23.44,2026-06-16T05:00:00+00:00,180.0,2.216
SIMULATION_FORCING,1013.0,0.0,70.286,0.0,SYNTHETIC,24.476,2026-06-16T06:00:00+00:00,180.0,2.289
SIMULATION_FORCING,1013.0,0.0,67.108,219.996,SYNTHETIC,25.682,2026-06-16T07:00:00+00:00,180.0,2.299
SIMULATION_FORCING,1013.0,0.0,64.37,425.0,SYNTHETIC,26.976,2026-06-16T08:00:00+00:00,180.0,2.106
SIMULATION_FORCING,1013.0,0.0,58.476,601.041,SYNTHETIC,28.27,2026-06-16T09:00:00+00:00,180.0,2.478
SIMULATION_FORCING,1013.0,0.0,55.209,736.122,SYNTHETIC,29.476,2026-06-16T10:00:00+00:00,180.0,2.018
SIMULATION_FORCING,1013.0,0.0,52.863,821.037,SYNTHETIC,30.511,2026-06-16T11:00:00+00:00,180.0,2.443
SIMULATION_FORCING,1013.0,0.0,55.987,850.0,SYNTHETIC,31.306,2026-06-16T12:00:00+00:00,180.0,1.587
SIMULATION_FORCING,1013.0,0.0,53.087,821.037,SYNTHETIC,31.806,2026-06-16T13:00:00+00:00,180.0,2.101
SIMULATION_FORCING,1013.0,0.0,57.509,736.122,SYNTHETIC,31.976,2026-06-16T14:00:00+00:00,180.0,1.7
SIMULATION_FORCING,1013.0,0.0,57.576,601.041,SYNTHETIC,31.806,2026-06-16T15:00:00+00:00,180.0,1.927
SIMULATION_FORCING,1013.0,0.0,62.051,425.0,SYNTHETIC,31.306,2026-06-16T16:00:00+00:00,180.0,2.075
SIMULATION_FORCING,1013.0,0.0,65.373,219.996,SYNTHETIC,30.511,2026-06-16T17:00:00+00:00,180.0,2.253
SIMULATION_FORCING,1013.0,0.0,71.505,0.0,SYNTHETIC,29.476,2026-06-16T18:00:00+00:00,180.0,1.631
SIMULATION_FORCING,1013.0,0.0,70.407,0.0,SYNTHETIC,28.27,2026-06-16T19:00:00+00:00,180.0,1.989
SIMULATION_FORCING,1013.0,0.0,71.257,0.0,SYNTHETIC,26.976,2026-06-16T20:00:00+00:00,180.0,2.01
SIMULATION_FORCING,1013.0,0.0,72.354,0.0,SYNTHETIC,25.682,2026-06-16T21:00:00+00:00,180.0,2.036
SIMULATION_FORCING,1013.0,0.0,73.296,0.0,SYNTHETIC,24.476,2026-06-16T22:00:00+00:00,180.0,1.729
SIMULATION_FORCING,1013.0,0.0,71.012,0.0,SYNTHETIC,23.44,2026-06-16T23:00:00+00:00,180.0,2.22
SIMULATION_FORCING,1013.0,0.0,70.005,0.0,SYNTHETIC,22.656,2026-06-17T00:00:00+00:00,180.0,2.234
SIMULATION_FORCING,1013.0,0.0,72.77,0.0,SYNTHETIC,22.156,2026-06-17T01:00:00+00:00,180.0,2.104
SIMULATION_FORCING,1013.0,0.0,71.844,0.0,SYNTHETIC,21.986,2026-06-17T02:00:00+00:00,180.0,2.212
SIMULATION_FORCING,1013.0,0.0,71.406,0.0,SYNTHETIC,22.156,2026-06-17T03:00:00+00:00,180.0,2.287
SIMULATION_FORCING,1013.0,0.0,72.403,0.0,SYNTHETIC,22.656,2026-06-17T04:00:00+00:00,180.0,2.261
SIMULATION_FORCING,1013.0,0.0,73.747,0.0,SYNTHETIC,23.45,2026-06-17T05:00:00+00:00,180.0,2.441
SIMULATION_FORCING,1013.0,0.0,71.209,0.0,SYNTHETIC,24.486,2026-06-17T06:00:00+00:00,180.0,1.652
SIMULATION_FORCING,1013.0,0.0,69.322,219.996,SYNTHETIC,25.692,2026-06-17T07:00:00+00:00,180.0,2.354
SIMULATION_FORCING,1013.0,0.0,62.955,425.0,SYNTHETIC,26.986,2026-06-17T08:00:00+00:00,180.0,1.627
SIMULATION_FORCING,1013.0,0.0,60.296,601.041,SYNTHETIC,28.28,2026-06-17T09:00:00+00:00,180.0,1.721
SIMULATION_FORCING,1013.0,0.0,55.65,736.122,SYNTHETIC,29.486,2026-06-17T10:00:00+00:00,180.0,1.661
SIMULATION_FORCING,1013.0,0.0,56.15,821.037,SYNTHETIC,30.521,2026-06-17T11:00:00+00:00,180.0,2.048
SIMULATION_FORCING,1013.0,0.0,53.76,850.0,SYNTHETIC,31.316,2026-06-17T12:00:00+00:00,180.0,1.734
SIMULATION_FORCING,1013.0,0.0,56.598,821.037,SYNTHETIC,31.816,2026-06-17T13:00:00+00:00,180.0,2.019
SIMULATION_FORCING,1013.0,0.0,57.409,736.122,SYNTHETIC,31.986,2026-06-17T14:00:00+00:00,180.0,2.155
SIMULATION_FORCING,1013.0,0.0,58.409,601.041,SYNTHETIC,31.816,2026-06-17T15:00:00+00:00,180.0,2.42
SIMULATION_FORCING,1013.0,0.0,64.774,425.0,SYNTHETIC,31.316,2026-06-17T16:00:00+00:00,180.0,2.462
SIMULATION_FORCING,1013.0,0.0,65.46,219.996,SYNTHETIC,30.521,2026-06-17T17:00:00+00:00,180.0,2.389
SIMULATION_FORCING,1013.0,0.0,72.76,0.0,SYNTHETIC,29.486,2026-06-17T18:00:00+00:00,180.0,2.364
SIMULATION_FORCING,1013.0,0.0,73.244,0.0,SYNTHETIC,28.28,2026-06-17T19:00:00+00:00,180.0,2.014
SIMULATION_FORCING,1013.0,0.0,70.459,0.0,SYNTHETIC,26.986,2026-06-17T20:00:00+00:00,180.0,2.291
SIMULATION_FORCING,1013.0,0.0,73.16,0.0,SYNTHETIC,25.692,2026-06-17T21:00:00+00:00,180.0,2.484
SIMULATION_FORCING,1013.0,0.0,71.119,0.0,SYNTHETIC,24.486,2026-06-17T22:00:00+00:00,180.0,2.437
SIMULATION_FORCING,1013.0,0.0,73.987,0.0,SYNTHETIC,23.45,2026-06-17T23:00:00+00:00,180.0,1.679
SIMULATION_FORCING,1013.0,0.0,73.904,0.0,SYNTHETIC,22.663,2026-06-18T00:00:00+00:00,180.0,2.035
SIMULATION_FORCING,1013.0,0.0,71.297,0.0,SYNTHETIC,22.164,2026-06-18T01:00:00+00:00,180.0,2.302
SIMULATION_FORCING,1013.0,0.0,70.838,0.0,SYNTHETIC,21.993,2026-06-18T02:00:00+00:00,180.0,2.144
SIMULATION_FORCING,1013.0,0.0,73.596,0.0,SYNTHETIC,22.164,2026-06-18T03:00:00+00:00,180.0,1.706
SIMULATION_FORCING,1013.0,0.0,71.984,0.0,SYNTHETIC,22.663,2026-06-18T04:00:00+00:00,180.0,2.013
SIMULATION_FORCING,1013.0,0.0,72.551,0.0,SYNTHETIC,23.458,2026-06-18T05:00:00+00:00,180.0,2.464
SIMULATION_FORCING,1013.0,0.0,73.197,0.0,SYNTHETIC,24.493,2026-06-18T06:00:00+00:00,180.0,1.51
SIMULATION_FORCING,1013.0,0.0,67.636,219.996,SYNTHETIC,25.699,2026-06-18T07:00:00+00:00,180.0,2.038
SIMULATION_FORCING,1013.0,0.0,61.982,425.0,SYNTHETIC,26.993,2026-06-18T08:00:00+00:00,180.0,2.101
SIMULATION_FORCING,1013.0,0.0,58.308,601.041,SYNTHETIC,28.287,2026-06-18T09:00:00+00:00,180.0,2.405
SIMULATION_FORCING,1013.0,0.0,56.365,736.122,SYNTHETIC,29.493,2026-06-18T10:00:00+00:00,180.0,2.15
SIMULATION_FORCING,1013.0,0.0,53.692,821.037,SYNTHETIC,30.529,2026-06-18T11:00:00+00:00,180.0,1.954
SIMULATION_FORCING,1013.0,0.0,54.968,850.0,SYNTHETIC,31.323,2026-06-18T12:00:00+00:00,180.0,1.645
SIMULATION_FORCING,1013.0,0.0,55.843,821.037,SYNTHETIC,31.823,2026-06-18T13:00:00+00:00,180.0,1.669
SIMULATION_FORCING,1013.0,0.0,57.479,736.122,SYNTHETIC,31.993,2026-06-18T14:00:00+00:00,180.0,1.82
SIMULATION_FORCING,1013.0,0.0,59.196,601.041,SYNTHETIC,31.823,2026-06-18T15:00:00+00:00,180.0,2.376
SIMULATION_FORCING,1013.0,0.0,62.694,425.0,SYNTHETIC,31.323,2026-06-18T16:00:00+00:00,180.0,2.399
SIMULATION_FORCING,1013.0,0.0,65.742,219.996,SYNTHETIC,30.529,2026-06-18T17:00:00+00:00,180.0,2.405
SIMULATION_FORCING,1013.0,0.0,71.414,0.0,SYNTHETIC,29.493,2026-06-18T18:00:00+00:00,180.0,1.769
SIMULATION_FORCING,1013.0,0.0,70.833,0.0,SYNTHETIC,28.287,2026-06-18T19:00:00+00:00,180.0,1.563
SIMULATION_FORCING,1013.0,0.0,73.31,0.0,SYNTHETIC,26.993,2026-06-18T20:00:00+00:00,180.0,2.337
SIMULATION_FORCING,1013.0,0.0,70.734,0.0,SYNTHETIC,25.699,2026-06-18T21:00:00+00:00,180.0,2.486
SIMULATION_FORCING,1013.0,0.0,72.563,0.0,SYNTHETIC,24.493,2026-06-18T22:00:00+00:00,180.0,1.776
SIMULATION_FORCING,1013.0,0.0,73.346,0.0,SYNTHETIC,23.458,2026-06-18T23:00:00+00:00,180.0,1.627
SIMULATION_FORCING,1013.0,0.0,70.543,0.0,SYNTHETIC,22.668,2026-06-19T00:00:00+00:00,180.0,2.221
SIMULATION_FORCING,1013.0,0.0,73.957,0.0,SYNTHETIC,22.168,2026-06-19T01:00:00+00:00,180.0,2.011
SIMULATION_FORCING,1013.0,0.0,73.794,0.0,SYNTHETIC,21.998,2026-06-19T02:00:00+00:00,180.0,1.641
SIMULATION_FORCING,1013.0,0.0,73.91,0.0,SYNTHETIC,22.168,2026-06-19T03:00:00+00:00,180.0,1.934
SIMULATION_FORCING,1013.0,0.0,70.988,0.0,SYNTHETIC,22.668,2026-06-19T04:00:00+00:00,180.0,2.418
SIMULATION_FORCING,1013.0,0.0,73.632,0.0,SYNTHETIC,23.462,2026-06-19T05:00:00+00:00,180.0,1.775
SIMULATION_FORCING,1013.0,0.0,73.408,0.0,SYNTHETIC,24.498,2026-06-19T06:00:00+00:00,180.0,2.338
SIMULATION_FORCING,1013.0,0.0,68.571,219.996,SYNTHETIC,25.704,2026-06-19T07:00:00+00:00,180.0,2.306
SIMULATION_FORCING,1013.0,0.0,64.272,425.0,SYNTHETIC,26.998,2026-06-19T08:00:00+00:00,180.0,1.547
SIMULATION_FORCING,1013.0,0.0,57.914,601.041,SYNTHETIC,28.292,2026-06-19T09:00:00+00:00,180.0,1.858
SIMULATION_FORCING,1013.0,0.0,57.049,736.122,SYNTHETIC,29.498,2026-06-19T10:00:00+00:00,180.0,2.317
SIMULATION_FORCING,1013.0,0.0,53.36,821.037,SYNTHETIC,30.533,2026-06-19T11:00:00+00:00,180.0,1.782
SIMULATION_FORCING,1013.0,0.0,55.131,850.0,SYNTHETIC,31.328,2026-06-19T12:00:00+00:00,180.0,1.61
SIMULATION_FORCING,1013.0,0.0,53.926,821.037,SYNTHETIC,31.828,2026-06-19T13:00:00+00:00,180.0,2.241
SIMULATION_FORCING,1013.0,0.0,57.556,736.122,SYNTHETIC,31.998,2026-06-19T14:00:00+00:00,180.0,2.426
SIMULATION_FORCING,1013.0,0.0,60.296,601.041,SYNTHETIC,31.828,2026-06-19T15:00:00+00:00,180.0,2.317
SIMULATION_FORCING,1013.0,0.0,62.968,425.0,SYNTHETIC,31.328,2026-06-19T16:00:00+00:00,180.0,1.765
SIMULATION_FORCING,1013.0,0.0,68.225,219.996,SYNTHETIC,30.533,2026-06-19T17:00:00+00:00,180.0,2.159
SIMULATION_FORCING,1013.0,0.0,72.018,0.0,SYNTHETIC,29.498,2026-06-19T18:00:00+00:00,180.0,1.607
SIMULATION_FORCING,1013.0,0.0,70.811,0.0,SYNTHETIC,28.292,2026-06-19T19:00:00+00:00,180.0,2.007
SIMULATION_FORCING,1013.0,0.0,72.664,0.0,SYNTHETIC,26.998,2026-06-19T20:00:00+00:00,180.0,1.955
SIMULATION_FORCING,1013.0,0.0,71.985,0.0,SYNTHETIC,25.704,2026-06-19T21:00:00+00:00,180.0,1.992
SIMULATION_FORCING,1013.0,0.0,72.709,0.0,SYNTHETIC,24.498,2026-06-19T22:00:00+00:00,180.0,2.493
SIMULATION_FORCING,1013.0,0.0,72.36,0.0,SYNTHETIC,23.462,2026-06-19T23:00:00+00:00,180.0,2.397
SIMULATION_FORCING,1013.0,0.0,71.065,0.0,SYNTHETIC,22.67,2026-06-20T00:00:00+00:00,180.0,2.046
SIMULATION_FORCING,1013.0,0.0,73.012,0.0,SYNTHETIC,22.17,2026-06-20T01:00:00+00:00,180.0,2.016
SIMULATION_FORCING,1013.0,0.0,73.301,0.0,SYNTHETIC,22.0,2026-06-20T02:00:00+00:00,180.0,1.84
SIMULATION_FORCING,1013.0,0.0,70.42,0.0,SYNTHETIC,22.17,2026-06-20T03:00:00+00:00,180.0,1.636
SIMULATION_FORCING,1013.0,0.0,73.496,0.0,SYNTHETIC,22.67,2026-06-20T04:00:00+00:00,180.0,2.359
SIMULATION_FORCING,1013.0,0.0,72.019,0.0,SYNTHETIC,23.464,2026-06-20T05:00:00+00:00,180.0,2.298
SIMULATION_FORCING,1013.0,0.0,71.18,0.0,SYNTHETIC,24.5,2026-06-20T06:00:00+00:00,180.0,1.575
SIMULATION_FORCING,1013.0,0.0,66.067,219.996,SYNTHETIC,25.706,2026-06-20T07:00:00+00:00,180.0,2.417
SIMULATION_FORCING,1013.0,0.0,64.953,425.0,SYNTHETIC,27.0,2026-06-20T08:00:00+00:00,180.0,1.543
SIMULATION_FORCING,1013.0,0.0,57.329,601.041,SYNTHETIC,28.294,2026-06-20T09:00:00+00:00,180.0,1.872
SIMULATION_FORCING,1013.0,0.0,54.484,736.122,SYNTHETIC,29.5,2026-06-20T10:00:00+00:00,180.0,1.905
SIMULATION_FORCING,1013.0,0.0,53.711,821.037,SYNTHETIC,30.535,2026-06-20T11:00:00+00:00,180.0,1.606
SIMULATION_FORCING,1013.0,0.0,52.854,850.0,SYNTHETIC,31.33,2026-06-20T12:00:00+00:00,180.0,1.764
SIMULATION_FORCING,1013.0,0.0,53.99,821.037,SYNTHETIC,31.83,2026-06-20T13:00:00+00:00,180.0,2.418
SIMULATION_FORCING,1013.0,0.0,55.78,736.122,SYNTHETIC,32.0,2026-06-20T14:00:00+00:00,180.0,1.8
SIMULATION_FORCING,1013.0,0.0,58.215,601.041,SYNTHETIC,31.83,2026-06-20T15:00:00+00:00,180.0,2.238
SIMULATION_FORCING,1013.0,0.0,61.086,425.0,SYNTHETIC,31.33,2026-06-20T16:00:00+00:00,180.0,1.771
SIMULATION_FORCING,1013.0,0.0,68.857,219.996,SYNTHETIC,30.535,2026-06-20T17:00:00+00:00,180.0,1.945
SIMULATION_FORCING,1013.0,0.0,71.706,0.0,SYNTHETIC,29.5,2026-06-20T18:00:00+00:00,180.0,2.207
SIMULATION_FORCING,1013.0,0.0,72.353,0.0,SYNTHETIC,28.294,2026-06-20T19:00:00+00:00,180.0,1.817
SIMULATION_FORCING,1013.0,0.0,70.205,0.0,SYNTHETIC,27.0,2026-06-20T20:00:00+00:00,180.0,1.799
SIMULATION_FORCING,1013.0,0.0,73.235,0.0,SYNTHETIC,25.706,2026-06-20T21:00:00+00:00,180.0,2.202
SIMULATION_FORCING,1013.0,0.0,72.351,0.0,SYNTHETIC,24.5,2026-06-20T22:00:00+00:00,180.0,1.593
SIMULATION_FORCING,1013.0,0.0,73.681,0.0,SYNTHETIC,23.464,2026-06-20T23:00:00+00:00,180.0,1.653
SIMULATION_FORCING,1013.0,0.0,70.828,0.0,SYNTHETIC,22.669,2026-06-21T00:00:00+00:00,180.0,1.508
SIMULATION_FORCING,1013.0,0.0,71.066,0.0,SYNTHETIC,22.17,2026-06-21T01:00:00+00:00,180.0,1.523
SIMULATION_FORCING,1013.0,0.0,71.977,0.0,SYNTHETIC,21.999,2026-06-21T02:00:00+00:00,180.0,1.878
SIMULATION_FORCING,1013.0,0.0,71.524,0.0,SYNTHETIC,22.17,2026-06-21T03:00:00+00:00,180.0,1.98
SIMULATION_FORCING,1013.0,0.0,72.204,0.0,SYNTHETIC,22.669,2026-06-21T04:00:00+00:00,180.0,2.484
SIMULATION_FORCING,1013.0,0.0,73.454,0.0,SYNTHETIC,23.464,2026-06-21T05:00:00+00:00,180.0,1.989
SIMULATION_FORCING,1013.0,0.0,72.089,0.0,SYNTHETIC,24.499,2026-06-21T06:00:00+00:00,180.0,1.87
SIMULATION_FORCING,1013.0,0.0,67.564,219.996,SYNTHETIC,25.705,2026-06-21T07:00:00+00:00,180.0,2.007
SIMULATION_FORCING,1013.0,0.0,63.881,425.0,SYNTHETIC,26.999,2026-06-21T08:00:00+00:00,180.0,1.797
SIMULATION_FORCING,1013.0,0.0,57.947,601.041,SYNTHETIC,28.293,2026-06-21T09:00:00+00:00,180.0,1.711
SIMULATION_FORCING,1013.0,0.0,57.011,736.122,SYNTHETIC,29.499,2026-06-21T10:00:00+00:00,180.0,2.394
SIMULATION_FORCING,1013.0,0.0,55.228,821.037,SYNTHETIC,30.535,2026-06-21T11:00:00+00:00,180.0,2.183
SIMULATION_FORCING,1013.0,0.0,52.454,850.0,SYNTHETIC,31.329,2026-06-21T12:00:00+00:00,180.0,2.443
SIMULATION_FORCING,1013.0,0.0,54.187,821.037,SYNTHETIC,31.829,2026-06-21T13:00:00+00:00,180.0,2.439
SIMULATION_FORCING,1013.0,0.0,54.977,736.122,SYNTHETIC,31.999,2026-06-21T14:00:00+00:00,180.0,2.3
SIMULATION_FORCING,1013.0,0.0,60.525,601.041,SYNTHETIC,31.829,2026-06-21T15:00:00+00:00,180.0,1.641
SIMULATION_FORCING,1013.0,0.0,61.541,425.0,SYNTHETIC,31.329,2026-06-21T16:00:00+00:00,180.0,1.761
SIMULATION_FORCING,1013.0,0.0,67.894,219.996,SYNTHETIC,30.535,2026-06-21T17:00:00+00:00,180.0,2.09
SIMULATION_FORCING,1013.0,0.0,71.845,0.0,SYNTHETIC,29.499,2026-06-21T18:00:00+00:00,180.0,2.042
SIMULATION_FORCING,1013.0,0.0,72.654,0.0,SYNTHETIC,28.293,2026-06-21T19:00:00+00:00,180.0,1.57
SIMULATION_FORCING,1013.0,0.0,73.713,0.0,SYNTHETIC,26.999,2026-06-21T20:00:00+00:00,180.0,1.967
SIMULATION_FORCING,1013.0,0.0,70.557,0.0,SYNTHETIC,25.705,2026-06-21T21:00:00+00:00,180.0,2.323
SIMULATION_FORCING,1013.0,0.0,71.47,0.0,SYNTHETIC,24.499,2026-06-21T22:00:00+00:00,180.0,2.481
SIMULATION_FORCING,1013.0,0.0,71.877,0.0,SYNTHETIC,23.464,2026-06-21T23:00:00+00:00,180.0,2.318
SIMULATION_FORCING,1013.0,0.0,70.167,0.0,SYNTHETIC,22.666,2026-06-22T00:00:00+00:00,180.0,2.316
SIMULATION_FORCING,1013.0,0.0,71.105,0.0,SYNTHETIC,22.166,2026-06-22T01:00:00+00:00,180.0,2.028
SIMULATION_FORCING,1013.0,0.0,71.484,0.0,SYNTHETIC,21.996,2026-06-22T02:00:00+00:00,180.0,2.108
SIMULATION_FORCING,1013.0,0.0,72.215,0.0,SYNTHETIC,22.166,2026-06-22T03:00:00+00:00,180.0,2.491
SIMULATION_FORCING,1013.0,0.0,72.646,0.0,SYNTHETIC,22.666,2026-06-22T04:00:00+00:00,180.0,1.804
SIMULATION_FORCING,1013.0,0.0,72.793,0.0,SYNTHETIC,23.46,2026-06-22T05:00:00+00:00,180.0,2.069
SIMULATION_FORCING,1013.0,0.0,71.275,0.0,SYNTHETIC,24.496,2026-06-22T06:00:00+00:00,180.0,2.01
SIMULATION_FORCING,1013.0,0.0,68.394,219.996,SYNTHETIC,25.702,2026-06-22T07:00:00+00:00,180.0,2.183
SIMULATION_FORCING,1013.0,0.0,61.759,425.0,SYNTHETIC,26.996,2026-06-22T08:00:00+00:00,180.0,2.191
SIMULATION_FORCING,1013.0,0.0,58.31,601.041,SYNTHETIC,28.29,2026-06-22T09:00:00+00:00,180.0,2.102
SIMULATION_FORCING,1013.0,0.0,55.862,736.122,SYNTHETIC,29.496,2026-06-22T10:00:00+00:00,180.0,2.022
SIMULATION_FORCING,1013.0,0.0,54.086,821.037,SYNTHETIC,30.531,2026-06-22T11:00:00+00:00,180.0,2.149
SIMULATION_FORCING,1013.0,0.0,54.38,850.0,SYNTHETIC,31.326,2026-06-22T12:00:00+00:00,180.0,2.277
SIMULATION_FORCING,1013.0,0.0,54.067,821.037,SYNTHETIC,31.826,2026-06-22T13:00:00+00:00,180.0,1.92
SIMULATION_FORCING,1013.0,0.0,55.399,736.122,SYNTHETIC,31.996,2026-06-22T14:00:00+00:00,180.0,1.902
SIMULATION_FORCING,1013.0,0.0,58.202,601.041,SYNTHETIC,31.826,2026-06-22T15:00:00+00:00,180.0,1.75
SIMULATION_FORCING,1013.0,0.0,62.638,425.0,SYNTHETIC,31.326,2026-06-22T16:00:00+00:00,180.0,2.332
SIMULATION_FORCING,1013.0,0.0,65.541,219.996,SYNTHETIC,30.531,2026-06-22T17:00:00+00:00,180.0,1.772
SIMULATION_FORCING,1013.0,0.0,72.548,0.0,SYNTHETIC,29.496,2026-06-22T18:00:00+00:00,180.0,2.475
SIMULATION_FORCING,1013.0,0.0,70.076,0.0,SYNTHETIC,28.29,2026-06-22T19:00:00+00:00,180.0,1.805
SIMULATION_FORCING,1013.0,0.0,71.402,0.0,SYNTHETIC,26.996,2026-06-22T20:00:00+00:00,180.0,2.305
SIMULATION_FORCING,1013.0,0.0,73.702,0.0,SYNTHETIC,25.702,2026-06-22T21:00:00+00:00,180.0,1.531
SIMULATION_FORCING,1013.0,0.0,72.5,0.0,SYNTHETIC,24.496,2026-06-22T22:00:00+00:00,180.0,1.854
SIMULATION_FORCING,1013.0,0.0,72.096,0.0,SYNTHETIC,23.46,2026-06-22T23:00:00+00:00,180.0,1.823
SIMULATION_FORCING,1013.0,0.0,73.228,0.0,SYNTHETIC,22.66,2026-06-23T00:00:00+00:00,180.0,1.66
SIMULATION_FORCING,1013.0,0.0,73.577,0.0,SYNTHETIC,22.16,2026-06-23T01:00:00+00:00,180.0,2.376
SIMULATION_FORCING,1013.0,0.0,73.952,0.0,SYNTHETIC,21.99,2026-06-23T02:00:00+00:00,180.0,1.997
SIMULATION_FORCING,1013.0,0.0,72.988,0.0,SYNTHETIC,22.16,2026-06-23T03:00:00+00:00,180.0,2.371
SIMULATION_FORCING,1013.0,0.0,71.08,0.0,SYNTHETIC,22.66,2026-06-23T04:00:00+00:00,180.0,2.33
SIMULATION_FORCING,1013.0,0.0,72.574,0.0,SYNTHETIC,23.454,2026-06-23T05:00:00+00:00,180.0,1.973
SIMULATION_FORCING,1013.0,0.0,72.574,0.0,SYNTHETIC,24.49,2026-06-23T06:00:00+00:00,180.0,1.541
SIMULATION_FORCING,1013.0,0.0,65.592,219.996,SYNTHETIC,25.696,2026-06-23T07:00:00+00:00,180.0,2.394
SIMULATION_FORCING,1013.0,0.0,64.197,425.0,SYNTHETIC,26.99,2026-06-23T08:00:00+00:00,180.0,1.675
SIMULATION_FORCING,1013.0,0.0,59.005,601.041,SYNTHETIC,28.284,2026-06-23T09:00:00+00:00,180.0,1.771
SIMULATION_FORCING,1013.0,0.0,54.724,736.122,SYNTHETIC,29.49,2026-06-23T10:00:00+00:00,180.0,2.419
SIMULATION_FORCING,1013.0,0.0,53.182,821.037,SYNTHETIC,30.525,2026-06-23T11:00:00+00:00,180.0,2.421
SIMULATION_FORCING,1013.0,0.0,52.888,850.0,SYNTHETIC,31.32,2026-06-23T12:00:00+00:00,180.0,2.128
SIMULATION_FORCING,1013.0,0.0,54.178,821.037,SYNTHETIC,31.82,2026-06-23T13:00:00+00:00,180.0,2.492
SIMULATION_FORCING,1013.0,0.0,57.56,736.122,SYNTHETIC,31.99,2026-06-23T14:00:00+00:00,180.0,1.781
SIMULATION_FORCING,1013.0,0.0,58.444,601.041,SYNTHETIC,31.82,2026-06-23T15:00:00+00:00,180.0,1.992
SIMULATION_FORCING,1013.0,0.0,63.418,425.0,SYNTHETIC,31.32,2026-06-23T16:00:00+00:00,180.0,2.489
SIMULATION_FORCING,1013.0,0.0,66.449,219.996,SYNTHETIC,30.525,2026-06-23T17:00:00+00:00,180.0,1.628
SIMULATION_FORCING,1013.0,0.0,72.296,0.0,SYNTHETIC,29.49,2026-06-23T18:00:00+00:00,180.0,1.771
SIMULATION_FORCING,1013.0,0.0,72.503,0.0,SYNTHETIC,28.284,2026-06-23T19:00:00+00:00,180.0,2.396
SIMULATION_FORCING,1013.0,0.0,72.404,0.0,SYNTHETIC,26.99,2026-06-23T20:00:00+00:00,180.0,2.315
SIMULATION_FORCING,1013.0,0.0,70.49,0.0,SYNTHETIC,25.696,2026-06-23T21:00:00+00:00,180.0,1.967
SIMULATION_FORCING,1013.0,0.0,71.62,0.0,SYNTHETIC,24.49,2026-06-23T22:00:00+00:00,180.0,1.651
SIMULATION_FORCING,1013.0,0.0,73.844,0.0,SYNTHETIC,23.454,2026-06-23T23:00:00+00:00,180.0,2.307
SIMULATION_FORCING,1013.0,0.0,73.261,0.0,SYNTHETIC,22.651,2026-06-24T00:00:00+00:00,180.0,1.962
SIMULATION_FORCING,1013.0,0.0,73.036,0.0,SYNTHETIC,22.152,2026-06-24T01:00:00+00:00,180.0,1.896
SIMULATION_FORCING,1013.0,0.0,71.234,0.0,SYNTHETIC,21.981,2026-06-24T02:00:00+00:00,180.0,2.469
SIMULATION_FORCING,1013.0,0.0,71.733,0.0,SYNTHETIC,22.152,2026-06-24T03:00:00+00:00,180.0,2.223
SIMULATION_FORCING,1013.0,0.0,71.229,0.0,SYNTHETIC,22.651,2026-06-24T04:00:00+00:00,180.0,1.88
SIMULATION_FORCING,1013.0,0.0,71.105,0.0,SYNTHETIC,23.446,2026-06-24T05:00:00+00:00,180.0,2.304
SIMULATION_FORCING,1013.0,0.0,71.836,0.0,SYNTHETIC,24.481,2026-06-24T06:00:00+00:00,180.0,2.06
SIMULATION_FORCING,1013.0,0.0,66.731,219.996,SYNTHETIC,25.687,2026-06-24T07:00:00+00:00,180.0,1.906
SIMULATION_FORCING,1013.0,0.0,61.565,425.0,SYNTHETIC,26.981,2026-06-24T08:00:00+00:00,180.0,1.609
SIMULATION_FORCING,1013.0,0.0,59.428,601.041,SYNTHETIC,28.275,2026-06-24T09:00:00+00:00,180.0,1.895
SIMULATION_FORCING,1013.0,0.0,55.822,736.122,SYNTHETIC,29.481,2026-06-24T10:00:00+00:00,180.0,1.717
SIMULATION_FORCING,1013.0,0.0,54.162,821.037,SYNTHETIC,30.517,2026-06-24T11:00:00+00:00,180.0,1.934
SIMULATION_FORCING,1013.0,0.0,53.159,850.0,SYNTHETIC,31.311,2026-06-24T12:00:00+00:00,180.0,1.628
SIMULATION_FORCING,1013.0,0.0,53.39,821.037,SYNTHETIC,31.811,2026-06-24T13:00:00+00:00,180.0,2.319
SIMULATION_FORCING,1013.0,0.0,58.039,736.122,SYNTHETIC,31.981,2026-06-24T14:00:00+00:00,180.0,1.681
SIMULATION_FORCING,1013.0,0.0,59.575,601.041,SYNTHETIC,31.811,2026-06-24T15:00:00+00:00,180.0,1.77
SIMULATION_FORCING,1013.0,0.0,61.567,425.0,SYNTHETIC,31.311,2026-06-24T16:00:00+00:00,180.0,2.331
SIMULATION_FORCING,1013.0,0.0,65.855,219.996,SYNTHETIC,30.517,2026-06-24T17:00:00+00:00,180.0,1.813
SIMULATION_FORCING,1013.0,0.0,71.672,0.0,SYNTHETIC,29.481,2026-06-24T18:00:00+00:00,180.0,1.597
SIMULATION_FORCING,1013.0,0.0,73.552,0.0,SYNTHETIC,28.275,2026-06-24T19:00:00+00:00,180.0,2.475
SIMULATION_FORCING,1013.0,0.0,70.065,0.0,SYNTHETIC,26.981,2026-06-24T20:00:00+00:00,180.0,1.827
SIMULATION_FORCING,1013.0,0.0,71.13,0.0,SYNTHETIC,25.687,2026-06-24T21:00:00+00:00,180.0,1.801
SIMULATION_FORCING,1013.0,0.0,73.692,0.0,SYNTHETIC,24.481,2026-06-24T22:00:00+00:00,180.0,1.814
SIMULATION_FORCING,1013.0,0.0,70.44,0.0,SYNTHETIC,23.446,2026-06-24T23:00:00+00:00,180.0,1.911
SIMULATION_FORCING,1013.0,0.0,73.96,0.0,SYNTHETIC,22.64,2026-06-25T00:00:00+00:00,180.0,2.302
SIMULATION_FORCING,1013.0,0.0,71.763,0.0,SYNTHETIC,22.14,2026-06-25T01:00:00+00:00,180.0,1.552
SIMULATION_FORCING,1013.0,0.0,70.533,0.0,SYNTHETIC,21.97,2026-06-25T02:00:00+00:00,180.0,2.439
SIMULATION_FORCING,1013.0,0.0,71.782,0.0,SYNTHETIC,22.14,2026-06-25T03:00:00+00:00,180.0,2.2
SIMULATION_FORCING,1013.0,0.0,70.041,0.0,SYNTHETIC,22.64,2026-06-25T04:00:00+00:00,180.0,2.303
SIMULATION_FORCING,1013.0,0.0,72.98,0.0,SYNTHETIC,23.434,2026-06-25T05:00:00+00:00,180.0,2.451
SIMULATION_FORCING,1013.0,0.0,71.283,0.0,SYNTHETIC,24.47,2026-06-25T06:00:00+00:00,180.0,2.267
SIMULATION_FORCING,1013.0,0.0,67.362,219.996,SYNTHETIC,25.676,2026-06-25T07:00:00+00:00,180.0,1.631
SIMULATION_FORCING,1013.0,0.0,62.78,425.0,SYNTHETIC,26.97,2026-06-25T08:00:00+00:00,180.0,2.339
SIMULATION_FORCING,1013.0,0.0,58.489,601.041,SYNTHETIC,28.264,2026-06-25T09:00:00+00:00,180.0,1.961
SIMULATION_FORCING,1013.0,0.0,55.446,736.122,SYNTHETIC,29.47,2026-06-25T10:00:00+00:00,180.0,1.923
SIMULATION_FORCING,1013.0,0.0,53.154,821.037,SYNTHETIC,30.505,2026-06-25T11:00:00+00:00,180.0,2.053
SIMULATION_FORCING,1013.0,0.0,52.973,850.0,SYNTHETIC,31.3,2026-06-25T12:00:00+00:00,180.0,2.091
SIMULATION_FORCING,1013.0,0.0,55.072,821.037,SYNTHETIC,31.8,2026-06-25T13:00:00+00:00,180.0,1.711
SIMULATION_FORCING,1013.0,0.0,56.426,736.122,SYNTHETIC,31.97,2026-06-25T14:00:00+00:00,180.0,2.169
SIMULATION_FORCING,1013.0,0.0,60.819,601.041,SYNTHETIC,31.8,2026-06-25T15:00:00+00:00,180.0,1.823
SIMULATION_FORCING,1013.0,0.0,64.333,425.0,SYNTHETIC,31.3,2026-06-25T16:00:00+00:00,180.0,1.794
SIMULATION_FORCING,1013.0,0.0,66.24,219.996,SYNTHETIC,30.505,2026-06-25T17:00:00+00:00,180.0,1.761
SIMULATION_FORCING,1013.0,0.0,73.298,0.0,SYNTHETIC,29.47,2026-06-25T18:00:00+00:00,180.0,2.07
SIMULATION_FORCING,1013.0,0.0,71.943,0.0,SYNTHETIC,28.264,2026-06-25T19:00:00+00:00,180.0,1.527
SIMULATION_FORCING,1013.0,0.0,72.814,0.0,SYNTHETIC,26.97,2026-06-25T20:00:00+00:00,180.0,2.416
SIMULATION_FORCING,1013.0,0.0,70.631,0.0,SYNTHETIC,25.676,2026-06-25T21:00:00+00:00,180.0,2.205
SIMULATION_FORCING,1013.0,0.0,71.919,0.0,SYNTHETIC,24.47,2026-06-25T22:00:00+00:00,180.0,1.54
SIMULATION_FORCING,1013.0,0.0,72.298,0.0,SYNTHETIC,23.434,2026-06-25T23:00:00+00:00,180.0,2.276
SIMULATION_FORCING,1013.0,0.0,73.719,0.0,SYNTHETIC,22.626,2026-06-26T00:00:00+00:00,180.0,2.162
SIMULATION_FORCING,1013.0,0.0,71.535,0.0,SYNTHETIC,22.126,2026-06-26T01:00:00+00:00,180.0,2.331
SIMULATION_FORCING,1013.0,0.0,72.062,0.0,SYNTHETIC,21.956,2026-06-26T02:00:00+00:00,180.0,2.411
SIMULATION_FORCING,1013.0,0.0,72.663,0.0,SYNTHETIC,22.126,2026-06-26T03:00:00+00:00,180.0,1.989
SIMULATION_FORCING,1013.0,0.0,73.269,0.0,SYNTHETIC,22.626,2026-06-26T04:00:00+00:00,180.0,1.648
SIMULATION_FORCING,1013.0,0.0,73.786,0.0,SYNTHETIC,23.42,2026-06-26T05:00:00+00:00,180.0,1.711
SIMULATION_FORCING,1013.0,0.0,73.374,0.0,SYNTHETIC,24.456,2026-06-26T06:00:00+00:00,180.0,2.036
SIMULATION_FORCING,1013.0,0.0,69.038,219.996,SYNTHETIC,25.662,2026-06-26T07:00:00+00:00,180.0,2.215
SIMULATION_FORCING,1013.0,0.0,64.616,425.0,SYNTHETIC,26.956,2026-06-26T08:00:00+00:00,180.0,2.166
SIMULATION_FORCING,1013.0,0.0,60.181,601.041,SYNTHETIC,28.25,2026-06-26T09:00:00+00:00,180.0,2.372
SIMULATION_FORCING,1013.0,0.0,56.949,736.122,SYNTHETIC,29.456,2026-06-26T10:00:00+00:00,180.0,1.783
SIMULATION_FORCING,1013.0,0.0,54.661,821.037,SYNTHETIC,30.491,2026-06-26T11:00:00+00:00,180.0,1.74
SIMULATION_FORCING,1013.0,0.0,52.609,850.0,SYNTHETIC,31.286,2026-06-26T12:00:00+00:00,180.0,1.684
SIMULATION_FORCING,1013.0,0.0,56.358,821.037,SYNTHETIC,31.786,2026-06-26T13:00:00+00:00,180.0,2.107
SIMULATION_FORCING,1013.0,0.0,56.717,736.122,SYNTHETIC,31.956,2026-06-26T14:00:00+00:00,180.0,2.199
SIMULATION_FORCING,1013.0,0.0,59.313,601.041,SYNTHETIC,31.786,2026-06-26T15:00:00+00:00,180.0,2.181
SIMULATION_FORCING,1013.0,0.0,62.697,425.0,SYNTHETIC,31.286,2026-06-26T16:00:00+00:00,180.0,2.475
SIMULATION_FORCING,1013.0,0.0,65.552,219.996,SYNTHETIC,30.491,2026-06-26T17:00:00+00:00,180.0,2.305
SIMULATION_FORCING,1013.0,0.0,72.075,0.0,SYNTHETIC,29.456,2026-06-26T18:00:00+00:00,180.0,1.702
SIMULATION_FORCING,1013.0,0.0,73.832,0.0,SYNTHETIC,28.25,2026-06-26T19:00:00+00:00,180.0,2.296
SIMULATION_FORCING,1013.0,0.0,73.221,0.0,SYNTHETIC,26.956,2026-06-26T20:00:00+00:00,180.0,2.481
SIMULATION_FORCING,1013.0,0.0,73.78,0.0,SYNTHETIC,25.662,2026-06-26T21:00:00+00:00,180.0,1.574
SIMULATION_FORCING,1013.0,0.0,72.455,0.0,SYNTHETIC,24.456,2026-06-26T22:00:00+00:00,180.0,2.446
SIMULATION_FORCING,1013.0,0.0,73.13,0.0,SYNTHETIC,23.42,2026-06-26T23:00:00+00:00,180.0,2.055
SIMULATION_FORCING,1013.0,0.0,72.464,0.0,SYNTHETIC,22.609,2026-06-27T00:00:00+00:00,180.0,2.226
SIMULATION_FORCING,1013.0,0.0,70.368,0.0,SYNTHETIC,22.11,2026-06-27T01:00:00+00:00,180.0,2.45
SIMULATION_FORCING,1013.0,0.0,71.953,0.0,SYNTHETIC,21.939,2026-06-27T02:00:00+00:00,180.0,1.779
SIMULATION_FORCING,1013.0,0.0,72.406,0.0,SYNTHETIC,22.11,2026-06-27T03:00:00+00:00,180.0,2.418
SIMULATION_FORCING,1013.0,0.0,72.258,0.0,SYNTHETIC,22.609,2026-06-27T04:00:00+00:00,180.0,1.562
SIMULATION_FORCING,1013.0,0.0,73.942,0.0,SYNTHETIC,23.404,2026-06-27T05:00:00+00:00,180.0,2.246
SIMULATION_FORCING,1013.0,0.0,72.383,0.0,SYNTHETIC,24.439,2026-06-27T06:00:00+00:00,180.0,1.728
SIMULATION_FORCING,1013.0,0.0,66.717,219.996,SYNTHETIC,25.645,2026-06-27T07:00:00+00:00,180.0,1.77
SIMULATION_FORCING,1013.0,0.0,63.182,425.0,SYNTHETIC,26.939,2026-06-27T08:00:00+00:00,180.0,1.703
SIMULATION_FORCING,1013.0,0.0,60.018,601.041,SYNTHETIC,28.233,2026-06-27T09:00:00+00:00,180.0,2.048
SIMULATION_FORCING,1013.0,0.0,55.173,736.122,SYNTHETIC,29.439,2026-06-27T10:00:00+00:00,180.0,1.665
SIMULATION_FORCING,1013.0,0.0,55.953,821.037,SYNTHETIC,30.475,2026-06-27T11:00:00+00:00,180.0,2.033
SIMULATION_FORCING,1013.0,0.0,52.739,850.0,SYNTHETIC,31.269,2026-06-27T12:00:00+00:00,180.0,1.723
SIMULATION_FORCING,1013.0,0.0,55.268,821.037,SYNTHETIC,31.769,2026-06-27T13:00:00+00:00,180.0,2.365
SIMULATION_FORCING,1013.0,0.0,57.732,736.122,SYNTHETIC,31.939,2026-06-27T14:00:00+00:00,180.0,1.87
SIMULATION_FORCING,1013.0,0.0,61.197,601.041,SYNTHETIC,31.769,2026-06-27T15:00:00+00:00,180.0,1.587
SIMULATION_FORCING,1013.0,0.0,63.492,425.0,SYNTHETIC,31.269,2026-06-27T16:00:00+00:00,180.0,1.577
SIMULATION_FORCING,1013.0,0.0,67.304,219.996,SYNTHETIC,30.475,2026-06-27T17:00:00+00:00,180.0,2.086
SIMULATION_FORCING,1013.0,0.0,70.279,0.0,SYNTHETIC,29.439,2026-06-27T18:00:00+00:00,180.0,2.207
SIMULATION_FORCING,1013.0,0.0,71.138,0.0,SYNTHETIC,28.233,2026-06-27T19:00:00+00:00,180.0,2.016
SIMULATION_FORCING,1013.0,0.0,72.032,0.0,SYNTHETIC,26.939,2026-06-27T20:00:00+00:00,180.0,2.121
SIMULATION_FORCING,1013.0,0.0,71.515,0.0,SYNTHETIC,25.645,2026-06-27T21:00:00+00:00,180.0,1.69
SIMULATION_FORCING,1013.0,0.0,71.585,0.0,SYNTHETIC,24.439,2026-06-27T22:00:00+00:00,180.0,1.663
SIMULATION_FORCING,1013.0,0.0,73.197,0.0,SYNTHETIC,23.404,2026-06-27T23:00:00+00:00,180.0,1.942
SIMULATION_FORCING,1013.0,0.0,72.485,0.0,SYNTHETIC,22.59,2026-06-28T00:00:00+00:00,180.0,1.813
SIMULATION_FORCING,1013.0,0.0,72.821,0.0,SYNTHETIC,22.09,2026-06-28T01:00:00+00:00,180.0,1.7
SIMULATION_FORCING,1013.0,0.0,71.571,0.0,SYNTHETIC,21.92,2026-06-28T02:00:00+00:00,180.0,2.055
SIMULATION_FORCING,1013.0,0.0,70.372,0.0,SYNTHETIC,22.09,2026-06-28T03:00:00+00:00,180.0,1.68
SIMULATION_FORCING,1013.0,0.0,70.752,0.0,SYNTHETIC,22.59,2026-06-28T04:00:00+00:00,180.0,2.477
SIMULATION_FORCING,1013.0,0.0,70.145,0.0,SYNTHETIC,23.384,2026-06-28T05:00:00+00:00,180.0,2.181
SIMULATION_FORCING,1013.0,0.0,73.362,0.0,SYNTHETIC,24.42,2026-06-28T06:00:00+00:00,180.0,1.977
SIMULATION_FORCING,1013.0,0.0,66.072,219.996,SYNTHETIC,25.626,2026-06-28T07:00:00+00:00,180.0,1.772
SIMULATION_FORCING,1013.0,0.0,63.495,425.0,SYNTHETIC,26.92,2026-06-28T08:00:00+00:00,180.0,2.118
SIMULATION_FORCING,1013.0,0.0,60.342,601.041,SYNTHETIC,28.214,2026-06-28T09:00:00+00:00,180.0,1.659
SIMULATION_FORCING,1013.0,0.0,55.911,736.122,SYNTHETIC,29.42,2026-06-28T10:00:00+00:00,180.0,2.468
SIMULATION_FORCING,1013.0,0.0,52.683,821.037,SYNTHETIC,30.456,2026-06-28T11:00:00+00:00,180.0,2.033
SIMULATION_FORCING,1013.0,0.0,52.07,850.0,SYNTHETIC,31.25,2026-06-28T12:00:00+00:00,180.0,2.377
SIMULATION_FORCING,1013.0,0.0,55.777,821.037,SYNTHETIC,31.75,2026-06-28T13:00:00+00:00,180.0,1.883
SIMULATION_FORCING,1013.0,0.0,57.697,736.122,SYNTHETIC,31.92,2026-06-28T14:00:00+00:00,180.0,2.234
SIMULATION_FORCING,1013.0,0.0,60.967,601.041,SYNTHETIC,31.75,2026-06-28T15:00:00+00:00,180.0,1.881
SIMULATION_FORCING,1013.0,0.0,63.291,425.0,SYNTHETIC,31.25,2026-06-28T16:00:00+00:00,180.0,2.044
SIMULATION_FORCING,1013.0,0.0,69.01,219.996,SYNTHETIC,30.456,2026-06-28T17:00:00+00:00,180.0,1.512
SIMULATION_FORCING,1013.0,0.0,70.896,0.0,SYNTHETIC,29.42,2026-06-28T18:00:00+00:00,180.0,2.328
SIMULATION_FORCING,1013.0,0.0,73.593,0.0,SYNTHETIC,28.214,2026-06-28T19:00:00+00:00,180.0,1.671
SIMULATION_FORCING,1013.0,0.0,70.653,0.0,SYNTHETIC,26.92,2026-06-28T20:00:00+00:00,180.0,1.699
SIMULATION_FORCING,1013.0,0.0,70.355,0.0,SYNTHETIC,25.626,2026-06-28T21:00:00+00:00,180.0,1.538
SIMULATION_FORCING,1013.0,0.0,72.175,0.0,SYNTHETIC,24.42,2026-06-28T22:00:00+00:00,180.0,2.137
SIMULATION_FORCING,1013.0,0.0,73.562,0.0,SYNTHETIC,23.384,2026-06-28T23:00:00+00:00,180.0,1.979
SIMULATION_FORCING,1013.0,0.0,70.66,0.0,SYNTHETIC,22.568,2026-06-29T00:00:00+00:00,180.0,1.695
SIMULATION_FORCING,1013.0,0.0,72.447,0.0,SYNTHETIC,22.068,2026-06-29T01:00:00+00:00,180.0,1.742
SIMULATION_FORCING,1013.0,0.0,72.893,0.0,SYNTHETIC,21.898,2026-06-29T02:00:00+00:00,180.0,2.444
SIMULATION_FORCING,1013.0,0.0,73.857,0.0,SYNTHETIC,22.068,2026-06-29T03:00:00+00:00,180.0,2.254
SIMULATION_FORCING,1013.0,0.0,72.476,0.0,SYNTHETIC,22.568,2026-06-29T04:00:00+00:00,180.0,1.651
SIMULATION_FORCING,1013.0,0.0,71.77,0.0,SYNTHETIC,23.363,2026-06-29T05:00:00+00:00,180.0,1.856
SIMULATION_FORCING,1013.0,0.0,72.742,0.0,SYNTHETIC,24.398,2026-06-29T06:00:00+00:00,180.0,1.96
SIMULATION_FORCING,1013.0,0.0,67.798,219.996,SYNTHETIC,25.604,2026-06-29T07:00:00+00:00,180.0,1.962
SIMULATION_FORCING,1013.0,0.0,62.503,425.0,SYNTHETIC,26.898,2026-06-29T08:00:00+00:00,180.0,1.799
SIMULATION_FORCING,1013.0,0.0,58.062,601.041,SYNTHETIC,28.192,2026-06-29T09:00:00+00:00,180.0,2.311
SIMULATION_FORCING,1013.0,0.0,58.358,736.122,SYNTHETIC,29.398,2026-06-29T10:00:00+00:00,180.0,1.93
SIMULATION_FORCING,1013.0,0.0,53.189,821.037,SYNTHETIC,30.434,2026-06-29T11:00:00+00:00,180.0,2.415
SIMULATION_FORCING,1013.0,0.0,52.402,850.0,SYNTHETIC,31.228,2026-06-29T12:00:00+00:00,180.0,2.08
SIMULATION_FORCING,1013.0,0.0,56.595,821.037,SYNTHETIC,31.728,2026-06-29T13:00:00+00:00,180.0,2.455
SIMULATION_FORCING,1013.0,0.0,56.997,736.122,SYNTHETIC,31.898,2026-06-29T14:00:00+00:00,180.0,1.934
SIMULATION_FORCING,1013.0,0.0,57.295,601.041,SYNTHETIC,31.728,2026-06-29T15:00:00+00:00,180.0,1.961
SIMULATION_FORCING,1013.0,0.0,61.984,425.0,SYNTHETIC,31.228,2026-06-29T16:00:00+00:00,180.0,1.597
SIMULATION_FORCING,1013.0,0.0,67.922,219.996,SYNTHETIC,30.434,2026-06-29T17:00:00+00:00,180.0,1.74
SIMULATION_FORCING,1013.0,0.0,70.356,0.0,SYNTHETIC,29.398,2026-06-29T18:00:00+00:00,180.0,2.358
SIMULATION_FORCING,1013.0,0.0,70.215,0.0,SYNTHETIC,28.192,2026-06-29T19:00:00+00:00,180.0,2.224
SIMULATION_FORCING,1013.0,0.0,73.646,0.0,SYNTHETIC,26.898,2026-06-29T20:00:00+00:00,180.0,2.138
SIMULATION_FORCING,1013.0,0.0,70.708,0.0,SYNTHETIC,25.604,2026-06-29T21:00:00+00:00,180.0,2.108
SIMULATION_FORCING,1013.0,0.0,72.159,0.0,SYNTHETIC,24.398,2026-06-29T22:00:00+00:00,180.0,1.533
SIMULATION_FORCING,1013.0,0.0,71.577,0.0,SYNTHETIC,23.363,2026-06-29T23:00:00+00:00,180.0,2.375
SIMULATION_FORCING,1013.0,0.0,72.625,0.0,SYNTHETIC,22.543,2026-06-30T00:00:00+00:00,180.0,1.576
SIMULATION_FORCING,1013.0,0.0,73.597,0.0,SYNTHETIC,22.044,2026-06-30T01:00:00+00:00,180.0,1.604
SIMULATION_FORCING,1013.0,0.0,73.437,0.0,SYNTHETIC,21.874,2026-06-30T02:00:00+00:00,180.0,2.002
SIMULATION_FORCING,1013.0,0.0,72.752,0.0,SYNTHETIC,22.044,2026-06-30T03:00:00+00:00,180.0,1.903
SIMULATION_FORCING,1013.0,0.0,72.381,0.0,SYNTHETIC,22.543,2026-06-30T04:00:00+00:00,180.0,2.174
SIMULATION_FORCING,1013.0,0.0,70.538,0.0,SYNTHETIC,23.338,2026-06-30T05:00:00+00:00,180.0,1.752
SIMULATION_FORCING,1013.0,0.0,72.63,0.0,SYNTHETIC,24.374,2026-06-30T06:00:00+00:00,180.0,2.232
SIMULATION_FORCING,1013.0,0.0,65.847,219.996,SYNTHETIC,25.579,2026-06-30T07:00:00+00:00,180.0,2.371
SIMULATION_FORCING,1013.0,0.0,63.177,425.0,SYNTHETIC,26.874,2026-06-30T08:00:00+00:00,180.0,1.784
SIMULATION_FORCING,1013.0,0.0,59.692,601.041,SYNTHETIC,28.168,2026-06-30T09:00:00+00:00,180.0,1.767
SIMULATION_FORCING,1013.0,0.0,55.401,736.122,SYNTHETIC,29.374,2026-06-30T10:00:00+00:00,180.0,1.804
SIMULATION_FORCING,1013.0,0.0,52.9,821.037,SYNTHETIC,30.409,2026-06-30T11:00:00+00:00,180.0,2.223
SIMULATION_FORCING,1013.0,0.0,52.024,850.0,SYNTHETIC,31.204,2026-06-30T12:00:00+00:00,180.0,1.717
SIMULATION_FORCING,1013.0,0.0,55.66,821.037,SYNTHETIC,31.703,2026-06-30T13:00:00+00:00,180.0,1.869
SIMULATION_FORCING,1013.0,0.0,55.023,736.122,SYNTHETIC,31.874,2026-06-30T14:00:00+00:00,180.0,1.715
SIMULATION_FORCING,1013.0,0.0,61.132,601.041,SYNTHETIC,31.703,2026-06-30T15:00:00+00:00,180.0,1.719
SIMULATION_FORCING,1013.0,0.0,61.779,425.0,SYNTHETIC,31.204,2026-06-30T16:00:00+00:00,180.0,2.42
SIMULATION_FORCING,1013.0,0.0,68.379,219.996,SYNTHETIC,30.409,2026-06-30T17:00:00+00:00,180.0,1.898
SIMULATION_FORCING,1013.0,0.0,73.867,0.0,SYNTHETIC,29.374,2026-06-30T18:00:00+00:00,180.0,2.461
SIMULATION_FORCING,1013.0,0.0,73.681,0.0,SYNTHETIC,28.168,2026-06-30T19:00:00+00:00,180.0,2.35
SIMULATION_FORCING,1013.0,0.0,70.645,0.0,SYNTHETIC,26.874,2026-06-30T20:00:00+00:00,180.0,2.426
SIMULATION_FORCING,1013.0,0.0,72.311,0.0,SYNTHETIC,25.579,2026-06-30T21:00:00+00:00,180.0,2.459
SIMULATION_FORCING,1013.0,0.0,70.181,0.0,SYNTHETIC,24.374,2026-06-30T22:00:00+00:00,180.0,2.307
SIMULATION_FORCING,1013.0,0.0,72.434,0.0,SYNTHETIC,23.338,2026-06-30T23:00:00+00:00,180.0,1.684
SIMULATION_FORCING,1013.0,0.0,70.885,0.0,SYNTHETIC,22.516,2026-07-01T00:00:00+00:00,180.0,1.675
SIMULATION_FORCING,1013.0,0.0,70.902,0.0,SYNTHETIC,22.017,2026-07-01T01:00:00+00:00,180.0,1.925
SIMULATION_FORCING,1013.0,0.0,71.995,0.0,SYNTHETIC,21.846,2026-07-01T02:00:00+00:00,180.0,2.043
SIMULATION_FORCING,1013.0,0.0,73.759,0.0,SYNTHETIC,22.017,2026-07-01T03:00:00+00:00,180.0,1.663
SIMULATION_FORCING,1013.0,0.0,70.618,0.0,SYNTHETIC,22.516,2026-07-01T04:00:00+00:00,180.0,1.519
SIMULATION_FORCING,1013.0,0.0,71.085,0.0,SYNTHETIC,23.311,2026-07-01T05:00:00+00:00,180.0,2.094
SIMULATION_FORCING,1013.0,0.0,72.676,0.0,SYNTHETIC,24.346,2026-07-01T06:00:00+00:00,180.0,1.973
SIMULATION_FORCING,1013.0,0.0,67.626,219.996,SYNTHETIC,25.552,2026-07-01T07:00:00+00:00,180.0,1.661
SIMULATION_FORCING,1013.0,0.0,63.958,425.0,SYNTHETIC,26.846,2026-07-01T08:00:00+00:00,180.0,1.562
SIMULATION_FORCING,1013.0,0.0,58.763,601.041,SYNTHETIC,28.14,2026-07-01T09:00:00+00:00,180.0,1.985
SIMULATION_FORCING,1013.0,0.0,56.123,736.122,SYNTHETIC,29.346,2026-07-01T10:00:00+00:00,180.0,2.179
SIMULATION_FORCING,1013.0,0.0,55.36,821.037,SYNTHETIC,30.382,2026-07-01T11:00:00+00:00,180.0,2.011
SIMULATION_FORCING,1013.0,0.0,53.05,850.0,SYNTHETIC,31.176,2026-07-01T12:00:00+00:00,180.0,1.839
SIMULATION_FORCING,1013.0,0.0,54.447,821.037,SYNTHETIC,31.676,2026-07-01T13:00:00+00:00,180.0,2.44
SIMULATION_FORCING,1013.0,0.0,55.902,736.122,SYNTHETIC,31.846,2026-07-01T14:00:00+00:00,180.0,1.856
SIMULATION_FORCING,1013.0,0.0,61.192,601.041,SYNTHETIC,31.676,2026-07-01T15:00:00+00:00,180.0,1.568
SIMULATION_FORCING,1013.0,0.0,64.482,425.0,SYNTHETIC,31.176,2026-07-01T16:00:00+00:00,180.0,2.457
SIMULATION_FORCING,1013.0,0.0,65.494,219.996,SYNTHETIC,30.382,2026-07-01T17:00:00+00:00,180.0,1.937
SIMULATION_FORCING,1013.0,0.0,71.926,0.0,SYNTHETIC,29.346,2026-07-01T18:00:00+00:00,180.0,2.142
SIMULATION_FORCING,1013.0,0.0,73.786,0.0,SYNTHETIC,28.14,2026-07-01T19:00:00+00:00,180.0,2.073
SIMULATION_FORCING,1013.0,0.0,72.953,0.0,SYNTHETIC,26.846,2026-07-01T20:00:00+00:00,180.0,2.426
SIMULATION_FORCING,1013.0,0.0,70.487,0.0,SYNTHETIC,25.552,2026-07-01T21:00:00+00:00,180.0,2.493
SIMULATION_FORCING,1013.0,0.0,72.574,0.0,SYNTHETIC,24.346,2026-07-01T22:00:00+00:00,180.0,2.176
SIMULATION_FORCING,1013.0,0.0,71.026,0.0,SYNTHETIC,23.311,2026-07-01T23:00:00+00:00,180.0,1.639
SIMULATION_FORCING,1013.0,0.0,72.576,0.0,SYNTHETIC,22.486,2026-07-02T00:00:00+00:00,180.0,1.851
SIMULATION_FORCING,1013.0,0.0,70.198,0.0,SYNTHETIC,21.987,2026-07-02T01:00:00+00:00,180.0,2.073
SIMULATION_FORCING,1013.0,0.0,71.768,0.0,SYNTHETIC,21.817,2026-07-02T02:00:00+00:00,180.0,2.241
SIMULATION_FORCING,1013.0,0.0,71.744,0.0,SYNTHETIC,21.987,2026-07-02T03:00:00+00:00,180.0,1.616
SIMULATION_FORCING,1013.0,0.0,73.974,0.0,SYNTHETIC,22.486,2026-07-02T04:00:00+00:00,180.0,2.398
SIMULATION_FORCING,1013.0,0.0,71.59,0.0,SYNTHETIC,23.281,2026-07-02T05:00:00+00:00,180.0,2.179
SIMULATION_FORCING,1013.0,0.0,71.069,0.0,SYNTHETIC,24.317,2026-07-02T06:00:00+00:00,180.0,1.746
SIMULATION_FORCING,1013.0,0.0,66.366,219.996,SYNTHETIC,25.522,2026-07-02T07:00:00+00:00,180.0,1.724
SIMULATION_FORCING,1013.0,0.0,64.018,425.0,SYNTHETIC,26.817,2026-07-02T08:00:00+00:00,180.0,1.604
SIMULATION_FORCING,1013.0,0.0,58.584,601.041,SYNTHETIC,28.111,2026-07-02T09:00:00+00:00,180.0,1.809
SIMULATION_FORCING,1013.0,0.0,57.377,736.122,SYNTHETIC,29.317,2026-07-02T10:00:00+00:00,180.0,1.629
SIMULATION_FORCING,1013.0,0.0,56.47,821.037,SYNTHETIC,30.352,2026-07-02T11:00:00+00:00,180.0,2.054
SIMULATION_FORCING,1013.0,0.0,53.777,850.0,SYNTHETIC,31.147,2026-07-02T12:00:00+00:00,180.0,2.398
SIMULATION_FORCING,1013.0,0.0,56.55,821.037,SYNTHETIC,31.646,2026-07-02T13:00:00+00:00,180.0,1.703
SIMULATION_FORCING,1013.0,0.0,54.996,736.122,SYNTHETIC,31.817,2026-07-02T14:00:00+00:00,180.0,2.38
SIMULATION_FORCING,1013.0,0.0,59.543,601.041,SYNTHETIC,31.646,2026-07-02T15:00:00+00:00,180.0,1.668
SIMULATION_FORCING,1013.0,0.0,61.446,425.0,SYNTHETIC,31.147,2026-07-02T16:00:00+00:00,180.0,1.807
SIMULATION_FORCING,1013.0,0.0,66.822,219.996,SYNTHETIC,30.352,2026-07-02T17:00:00+00:00,180.0,2.448
SIMULATION_FORCING,1013.0,0.0,73.674,0.0,SYNTHETIC,29.317,2026-07-02T18:00:00+00:00,180.0,2.406
SIMULATION_FORCING,1013.0,0.0,70.597,0.0,SYNTHETIC,28.111,2026-07-02T19:00:00+00:00,180.0,1.706
SIMULATION_FORCING,1013.0,0.0,73.77,0.0,SYNTHETIC,26.817,2026-07-02T20:00:00+00:00,180.0,2.369
SIMULATION_FORCING,1013.0,0.0,70.8,0.0,SYNTHETIC,25.522,2026-07-02T21:00:00+00:00,180.0,1.956
SIMULATION_FORCING,1013.0,0.0,72.975,0.0,SYNTHETIC,24.317,2026-07-02T22:00:00+00:00,180.0,2.082
SIMULATION_FORCING,1013.0,0.0,72.055,0.0,SYNTHETIC,23.281,2026-07-02T23:00:00+00:00,180.0,1.687
SIMULATION_FORCING,1013.0,0.0,71.453,0.0,SYNTHETIC,22.454,2026-07-03T00:00:00+00:00,180.0,2.458
SIMULATION_FORCING,1013.0,0.0,70.185,0.0,SYNTHETIC,21.954,2026-07-03T01:00:00+00:00,180.0,2.303
SIMULATION_FORCING,1013.0,0.0,73.372,0.0,SYNTHETIC,21.784,2026-07-03T02:00:00+00:00,180.0,2.095
SIMULATION_FORCING,1013.0,0.0,70.88,0.0,SYNTHETIC,21.954,2026-07-03T03:00:00+00:00,180.0,2.456
SIMULATION_FORCING,1013.0,0.0,71.66,0.0,SYNTHETIC,22.454,2026-07-03T04:00:00+00:00,180.0,2.431
SIMULATION_FORCING,1013.0,0.0,72.683,0.0,SYNTHETIC,23.249,2026-07-03T05:00:00+00:00,180.0,1.833
SIMULATION_FORCING,1013.0,0.0,72.313,0.0,SYNTHETIC,24.284,2026-07-03T06:00:00+00:00,180.0,1.89
SIMULATION_FORCING,1013.0,0.0,69.323,219.996,SYNTHETIC,25.49,2026-07-03T07:00:00+00:00,180.0,1.5
SIMULATION_FORCING,1013.0,0.0,64.372,425.0,SYNTHETIC,26.784,2026-07-03T08:00:00+00:00,180.0,2.385
SIMULATION_FORCING,1013.0,0.0,60.546,601.041,SYNTHETIC,28.078,2026-07-03T09:00:00+00:00,180.0,1.796
SIMULATION_FORCING,1013.0,0.0,56.336,736.122,SYNTHETIC,29.284,2026-07-03T10:00:00+00:00,180.0,2.135
SIMULATION_FORCING,1013.0,0.0,55.651,821.037,SYNTHETIC,30.32,2026-07-03T11:00:00+00:00,180.0,2.444
SIMULATION_FORCING,1013.0,0.0,52.189,850.0,SYNTHETIC,31.114,2026-07-03T12:00:00+00:00,180.0,1.758
SIMULATION_FORCING,1013.0,0.0,54.442,821.037,SYNTHETIC,31.614,2026-07-03T13:00:00+00:00,180.0,1.802
SIMULATION_FORCING,1013.0,0.0,56.67,736.122,SYNTHETIC,31.784,2026-07-03T14:00:00+00:00,180.0,1.972
SIMULATION_FORCING,1013.0,0.0,57.996,601.041,SYNTHETIC,31.614,2026-07-03T15:00:00+00:00,180.0,1.904
SIMULATION_FORCING,1013.0,0.0,62.149,425.0,SYNTHETIC,31.114,2026-07-03T16:00:00+00:00,180.0,2.356
SIMULATION_FORCING,1013.0,0.0,68.443,219.996,SYNTHETIC,30.32,2026-07-03T17:00:00+00:00,180.0,1.963
SIMULATION_FORCING,1013.0,0.0,70.64,0.0,SYNTHETIC,29.284,2026-07-03T18:00:00+00:00,180.0,1.838
SIMULATION_FORCING,1013.0,0.0,71.793,0.0,SYNTHETIC,28.078,2026-07-03T19:00:00+00:00,180.0,1.931
SIMULATION_FORCING,1013.0,0.0,71.216,0.0,SYNTHETIC,26.784,2026-07-03T20:00:00+00:00,180.0,1.743
SIMULATION_FORCING,1013.0,0.0,71.036,0.0,SYNTHETIC,25.49,2026-07-03T21:00:00+00:00,180.0,1.949
SIMULATION_FORCING,1013.0,0.0,72.12,0.0,SYNTHETIC,24.284,2026-07-03T22:00:00+00:00,180.0,1.669
SIMULATION_FORCING,1013.0,0.0,70.526,0.0,SYNTHETIC,23.249,2026-07-03T23:00:00+00:00,180.0,2.071
SIMULATION_FORCING,1013.0,0.0,70.055,0.0,SYNTHETIC,22.419,2026-07-04T00:00:00+00:00,180.0,1.778
SIMULATION_FORCING,1013.0,0.0,72.525,0.0,SYNTHETIC,21.919,2026-07-04T01:00:00+00:00,180.0,2.076
SIMULATION_FORCING,1013.0,0.0,73.121,0.0,SYNTHETIC,21.749,2026-07-04T02:00:00+00:00,180.0,2.017
SIMULATION_FORCING,1013.0,0.0,73.668,0.0,SYNTHETIC,21.919,2026-07-04T03:00:00+00:00,180.0,1.63
SIMULATION_FORCING,1013.0,0.0,73.067,0.0,SYNTHETIC,22.419,2026-07-04T04:00:00+00:00,180.0,2.211
SIMULATION_FORCING,1013.0,0.0,70.012,0.0,SYNTHETIC,23.214,2026-07-04T05:00:00+00:00,180.0,1.793
SIMULATION_FORCING,1013.0,0.0,72.277,0.0,SYNTHETIC,24.249,2026-07-04T06:00:00+00:00,180.0,2.449
SIMULATION_FORCING,1013.0,0.0,66.765,219.996,SYNTHETIC,25.455,2026-07-04T07:00:00+00:00,180.0,1.617
SIMULATION_FORCING,1013.0,0.0,62.067,425.0,SYNTHETIC,26.749,2026-07-04T08:00:00+00:00,180.0,1.864
SIMULATION_FORCING,1013.0,0.0,61.105,601.041,SYNTHETIC,28.043,2026-07-04T09:00:00+00:00,180.0,2.35
SIMULATION_FORCING,1013.0,0.0,56.935,736.122,SYNTHETIC,29.249,2026-07-04T10:00:00+00:00,180.0,1.6
SIMULATION_FORCING,1013.0,0.0,54.133,821.037,SYNTHETIC,30.285,2026-07-04T11:00:00+00:00,180.0,1.706
SIMULATION_FORCING,1013.0,0.0,55.024,850.0,SYNTHETIC,31.079,2026-07-04T12:00:00+00:00,180.0,1.879
SIMULATION_FORCING,1013.0,0.0,55.514,821.037,SYNTHETIC,31.579,2026-07-04T13:00:00+00:00,180.0,2.385
SIMULATION_FORCING,1013.0,0.0,56.906,736.122,SYNTHETIC,31.749,2026-07-04T14:00:00+00:00,180.0,2.032
SIMULATION_FORCING,1013.0,0.0,59.387,601.041,SYNTHETIC,31.579,2026-07-04T15:00:00+00:00,180.0,2.119
SIMULATION_FORCING,1013.0,0.0,62.185,425.0,SYNTHETIC,31.079,2026-07-04T16:00:00+00:00,180.0,2.481
SIMULATION_FORCING,1013.0,0.0,65.534,219.996,SYNTHETIC,30.285,2026-07-04T17:00:00+00:00,180.0,2.456
SIMULATION_FORCING,1013.0,0.0,70.227,0.0,SYNTHETIC,29.249,2026-07-04T18:00:00+00:00,180.0,2.269
SIMULATION_FORCING,1013.0,0.0,72.357,0.0,SYNTHETIC,28.043,2026-07-04T19:00:00+00:00,180.0,1.897
SIMULATION_FORCING,1013.0,0.0,72.337,0.0,SYNTHETIC,26.749,2026-07-04T20:00:00+00:00,180.0,2.241
SIMULATION_FORCING,1013.0,0.0,70.598,0.0,SYNTHETIC,25.455,2026-07-04T21:00:00+00:00,180.0,2.449
SIMULATION_FORCING,1013.0,0.0,71.69,0.0,SYNTHETIC,24.249,2026-07-04T22:00:00+00:00,180.0,1.714
SIMULATION_FORCING,1013.0,0.0,71.561,0.0,SYNTHETIC,23.214,2026-07-04T23:00:00+00:00,180.0,2.237
SIMULATION_FORCING,1013.0,0.0,71.913,0.0,SYNTHETIC,22.381,2026-07-05T00:00:00+00:00,180.0,1.845
SIMULATION_FORCING,1013.0,0.0,70.845,0.0,SYNTHETIC,21.882,2026-07-05T01:00:00+00:00,180.0,2.435
SIMULATION_FORCING,1013.0,0.0,70.178,0.0,SYNTHETIC,21.711,2026-07-05T02:00:00+00:00,180.0,1.572
SIMULATION_FORCING,1013.0,0.0,73.331,0.0,SYNTHETIC,21.882,2026-07-05T03:00:00+00:00,180.0,1.983
SIMULATION_FORCING,1013.0,0.0,70.968,0.0,SYNTHETIC,22.381,2026-07-05T04:00:00+00:00,180.0,2.301
SIMULATION_FORCING,1013.0,0.0,71.886,0.0,SYNTHETIC,23.176,2026-07-05T05:00:00+00:00,180.0,2.052
SIMULATION_FORCING,1013.0,0.0,70.533,0.0,SYNTHETIC,24.211,2026-07-05T06:00:00+00:00,180.0,1.597
SIMULATION_FORCING,1013.0,0.0,66.415,219.996,SYNTHETIC,25.417,2026-07-05T07:00:00+00:00,180.0,2.367
SIMULATION_FORCING,1013.0,0.0,61.276,425.0,SYNTHETIC,26.711,2026-07-05T08:00:00+00:00,180.0,2.427
SIMULATION_FORCING,1013.0,0.0,60.362,601.041,SYNTHETIC,28.006,2026-07-05T09:00:00+00:00,180.0,1.525
SIMULATION_FORCING,1013.0,0.0,55.309,736.122,SYNTHETIC,29.211,2026-07-05T10:00:00+00:00,180.0,1.818
SIMULATION_FORCING,1013.0,0.0,55.583,821.037,SYNTHETIC,30.247,2026-07-05T11:00:00+00:00,180.0,1.613
SIMULATION_FORCING,1013.0,0.0,52.43,850.0,SYNTHETIC,31.042,2026-07-05T12:00:00+00:00,180.0,2.336
SIMULATION_FORCING,1013.0,0.0,56.453,821.037,SYNTHETIC,31.541,2026-07-05T13:00:00+00:00,180.0,2.205
SIMULATION_FORCING,1013.0,0.0,56.895,736.122,SYNTHETIC,31.711,2026-07-05T14:00:00+00:00,180.0,2.446
SIMULATION_FORCING,1013.0,0.0,58.875,601.041,SYNTHETIC,31.541,2026-07-05T15:00:00+00:00,180.0,1.624
SIMULATION_FORCING,1013.0,0.0,64.392,425.0,SYNTHETIC,31.042,2026-07-05T16:00:00+00:00,180.0,2.046
SIMULATION_FORCING,1013.0,0.0,69.297,219.996,SYNTHETIC,30.247,2026-07-05T17:00:00+00:00,180.0,2.461
SIMULATION_FORCING,1013.0,0.0,73.727,0.0,SYNTHETIC,29.211,2026-07-05T18:00:00+00:00,180.0,1.533
SIMULATION_FORCING,1013.0,0.0,73.288,0.0,SYNTHETIC,28.006,2026-07-05T19:00:00+00:00,180.0,2.215
SIMULATION_FORCING,1013.0,0.0,72.301,0.0,SYNTHETIC,26.711,2026-07-05T20:00:00+00:00,180.0,2.447
SIMULATION_FORCING,1013.0,0.0,70.862,0.0,SYNTHETIC,25.417,2026-07-05T21:00:00+00:00,180.0,2.114
SIMULATION_FORCING,1013.0,0.0,72.027,0.0,SYNTHETIC,24.211,2026-07-05T22:00:00+00:00,180.0,2.057
SIMULATION_FORCING,1013.0,0.0,71.31,0.0,SYNTHETIC,23.176,2026-07-05T23:00:00+00:00,180.0,1.869
SIMULATION_FORCING,1013.0,0.0,70.784,0.0,SYNTHETIC,22.341,2026-07-06T00:00:00+00:00,180.0,2.316
SIMULATION_FORCING,1013.0,0.0,72.038,0.0,SYNTHETIC,21.842,2026-07-06T01:00:00+00:00,180.0,1.769
SIMULATION_FORCING,1013.0,0.0,73.83,0.0,SYNTHETIC,21.671,2026-07-06T02:00:00+00:00,180.0,1.795
SIMULATION_FORCING,1013.0,0.0,71.068,0.0,SYNTHETIC,21.842,2026-07-06T03:00:00+00:00,180.0,2.432
SIMULATION_FORCING,1013.0,0.0,72.063,0.0,SYNTHETIC,22.341,2026-07-06T04:00:00+00:00,180.0,1.521
SIMULATION_FORCING,1013.0,0.0,70.657,0.0,SYNTHETIC,23.136,2026-07-06T05:00:00+00:00,180.0,1.797
SIMULATION_FORCING,1013.0,0.0,70.684,0.0,SYNTHETIC,24.171,2026-07-06T06:00:00+00:00,180.0,2.381
SIMULATION_FORCING,1013.0,0.0,66.78,219.996,SYNTHETIC,25.377,2026-07-06T07:00:00+00:00,180.0,2.403
SIMULATION_FORCING,1013.0,0.0,62.017,425.0,SYNTHETIC,26.671,2026-07-06T08:00:00+00:00,180.0,2.35
SIMULATION_FORCING,1013.0,0.0,57.455,601.041,SYNTHETIC,27.965,2026-07-06T09:00:00+00:00,180.0,2.298
SIMULATION_FORCING,1013.0,0.0,54.77,736.122,SYNTHETIC,29.171,2026-07-06T10:00:00+00:00,180.0,1.509
SIMULATION_FORCING,1013.0,0.0,54.261,821.037,SYNTHETIC,30.207,2026-07-06T11:00:00+00:00,180.0,2.216
SIMULATION_FORCING,1013.0,0.0,53.371,850.0,SYNTHETIC,31.001,2026-07-06T12:00:00+00:00,180.0,2.428
SIMULATION_FORCING,1013.0,0.0,56.485,821.037,SYNTHETIC,31.501,2026-07-06T13:00:00+00:00,180.0,2.149
SIMULATION_FORCING,1013.0,0.0,57.791,736.122,SYNTHETIC,31.671,2026-07-06T14:00:00+00:00,180.0,2.156
SIMULATION_FORCING,1013.0,0.0,58.566,601.041,SYNTHETIC,31.501,2026-07-06T15:00:00+00:00,180.0,2.049
SIMULATION_FORCING,1013.0,0.0,64.286,425.0,SYNTHETIC,31.001,2026-07-06T16:00:00+00:00,180.0,2.089
SIMULATION_FORCING,1013.0,0.0,66.248,219.996,SYNTHETIC,30.207,2026-07-06T17:00:00+00:00,180.0,1.76
SIMULATION_FORCING,1013.0,0.0,73.42,0.0,SYNTHETIC,29.171,2026-07-06T18:00:00+00:00,180.0,1.969
SIMULATION_FORCING,1013.0,0.0,70.449,0.0,SYNTHETIC,27.965,2026-07-06T19:00:00+00:00,180.0,2.339
SIMULATION_FORCING,1013.0,0.0,73.556,0.0,SYNTHETIC,26.671,2026-07-06T20:00:00+00:00,180.0,2.367
SIMULATION_FORCING,1013.0,0.0,70.2,0.0,SYNTHETIC,25.377,2026-07-06T21:00:00+00:00,180.0,2.004
SIMULATION_FORCING,1013.0,0.0,71.237,0.0,SYNTHETIC,24.171,2026-07-06T22:00:00+00:00,180.0,1.635
SIMULATION_FORCING,1013.0,0.0,72.622,0.0,SYNTHETIC,23.136,2026-07-06T23:00:00+00:00,180.0,1.968
SIMULATION_FORCING,1013.0,0.0,70.338,0.0,SYNTHETIC,22.298,2026-07-07T00:00:00+00:00,180.0,1.959
SIMULATION_FORCING,1013.0,0.0,70.909,0.0,SYNTHETIC,21.799,2026-07-07T01:00:00+00:00,180.0,2.324
SIMULATION_FORCING,1013.0,0.0,73.615,0.0,SYNTHETIC,21.628,2026-07-07T02:00:00+00:00,180.0,1.626
SIMULATION_FORCING,1013.0,0.0,70.195,0.0,SYNTHETIC,21.799,2026-07-07T03:00:00+00:00,180.0,2.314
SIMULATION_FORCING,1013.0,0.0,70.815,0.0,SYNTHETIC,22.298,2026-07-07T04:00:00+00:00,180.0,1.675
SIMULATION_FORCING,1013.0,0.0,73.447,0.0,SYNTHETIC,23.093,2026-07-07T05:00:00+00:00,180.0,2.062
SIMULATION_FORCING,1013.0,0.0,72.899,0.0,SYNTHETIC,24.128,2026-07-07T06:00:00+00:00,180.0,1.524
SIMULATION_FORCING,1013.0,0.0,68.595,219.996,SYNTHETIC,25.334,2026-07-07T07:00:00+00:00,180.0,2.101
SIMULATION_FORCING,1013.0,0.0,62.867,425.0,SYNTHETIC,26.628,2026-07-07T08:00:00+00:00,180.0,2.166
SIMULATION_FORCING,1013.0,0.0,57.609,601.041,SYNTHETIC,27.923,2026-07-07T09:00:00+00:00,180.0,1.691
SIMULATION_FORCING,1013.0,0.0,57.651,736.122,SYNTHETIC,29.128,2026-07-07T10:00:00+00:00,180.0,1.713
SIMULATION_FORCING,1013.0,0.0,53.554,821.037,SYNTHETIC,30.164,2026-07-07T11:00:00+00:00,180.0,2.052
SIMULATION_FORCING,1013.0,0.0,54.572,850.0,SYNTHETIC,30.959,2026-07-07T12:00:00+00:00,180.0,1.58
SIMULATION_FORCING,1013.0,0.0,52.944,821.037,SYNTHETIC,31.458,2026-07-07T13:00:00+00:00,180.0,2.25
SIMULATION_FORCING,1013.0,0.0,57.093,736.122,SYNTHETIC,31.628,2026-07-07T14:00:00+00:00,180.0,1.749
SIMULATION_FORCING,1013.0,0.0,57.586,601.041,SYNTHETIC,31.458,2026-07-07T15:00:00+00:00,180.0,1.505
SIMULATION_FORCING,1013.0,0.0,62.643,425.0,SYNTHETIC,30.959,2026-07-07T16:00:00+00:00,180.0,2.183
SIMULATION_FORCING,1013.0,0.0,68.337,219.996,SYNTHETIC,30.164,2026-07-07T17:00:00+00:00,180.0,1.623
SIMULATION_FORCING,1013.0,0.0,71.4,0.0,SYNTHETIC,29.128,2026-07-07T18:00:00+00:00,180.0,1.767
SIMULATION_FORCING,1013.0,0.0,72.309,0.0,SYNTHETIC,27.923,2026-07-07T19:00:00+00:00,180.0,2.273
SIMULATION_FORCING,1013.0,0.0,73.013,0.0,SYNTHETIC,26.628,2026-07-07T20:00:00+00:00,180.0,2.495
SIMULATION_FORCING,1013.0,0.0,70.766,0.0,SYNTHETIC,25.334,2026-07-07T21:00:00+00:00,180.0,1.783
SIMULATION_FORCING,1013.0,0.0,70.828,0.0,SYNTHETIC,24.128,2026-07-07T22:00:00+00:00,180.0,1.547
SIMULATION_FORCING,1013.0,0.0,70.962,0.0,SYNTHETIC,23.093,2026-07-07T23:00:00+00:00,180.0,2.446
SIMULATION_FORCING,1013.0,0.0,73.409,0.0,SYNTHETIC,22.253,2026-07-08T00:00:00+00:00,180.0,2.289
SIMULATION_FORCING,1013.0,0.0,73.93,0.0,SYNTHETIC,21.753,2026-07-08T01:00:00+00:00,180.0,2.031
SIMULATION_FORCING,1013.0,0.0,73.438,0.0,SYNTHETIC,21.583,2026-07-08T02:00:00+00:00,180.0,2.376
SIMULATION_FORCING,1013.0,0.0,70.24,0.0,SYNTHETIC,21.753,2026-07-08T03:00:00+00:00,180.0,1.791
SIMULATION_FORCING,1013.0,0.0,72.955,0.0,SYNTHETIC,22.253,2026-07-08T04:00:00+00:00,180.0,1.842
SIMULATION_FORCING,1013.0,0.0,72.644,0.0,SYNTHETIC,23.048,2026-07-08T05:00:00+00:00,180.0,1.7
SIMULATION_FORCING,1013.0,0.0,70.822,0.0,SYNTHETIC,24.083,2026-07-08T06:00:00+00:00,180.0,1.918
SIMULATION_FORCING,1013.0,0.0,68.778,219.996,SYNTHETIC,25.289,2026-07-08T07:00:00+00:00,180.0,1.787
SIMULATION_FORCING,1013.0,0.0,64.78,425.0,SYNTHETIC,26.583,2026-07-08T08:00:00+00:00,180.0,1.772
SIMULATION_FORCING,1013.0,0.0,59.445,601.041,SYNTHETIC,27.877,2026-07-08T09:00:00+00:00,180.0,2.378
SIMULATION_FORCING,1013.0,0.0,57.07,736.122,SYNTHETIC,29.083,2026-07-08T10:00:00+00:00,180.0,1.978
SIMULATION_FORCING,1013.0,0.0,56.344,821.037,SYNTHETIC,30.119,2026-07-08T11:00:00+00:00,180.0,1.799
SIMULATION_FORCING,1013.0,0.0,53.599,850.0,SYNTHETIC,30.913,2026-07-08T12:00:00+00:00,180.0,1.733
SIMULATION_FORCING,1013.0,0.0,55.496,821.037,SYNTHETIC,31.413,2026-07-08T13:00:00+00:00,180.0,2.138
SIMULATION_FORCING,1013.0,0.0,55.26,736.122,SYNTHETIC,31.583,2026-07-08T14:00:00+00:00,180.0,2.124
SIMULATION_FORCING,1013.0,0.0,58.11,601.041,SYNTHETIC,31.413,2026-07-08T15:00:00+00:00,180.0,1.664
SIMULATION_FORCING,1013.0,0.0,63.082,425.0,SYNTHETIC,30.913,2026-07-08T16:00:00+00:00,180.0,2.373
SIMULATION_FORCING,1013.0,0.0,68.904,219.996,SYNTHETIC,30.119,2026-07-08T17:00:00+00:00,180.0,2.302
SIMULATION_FORCING,1013.0,0.0,73.263,0.0,SYNTHETIC,29.083,2026-07-08T18:00:00+00:00,180.0,1.757
SIMULATION_FORCING,1013.0,0.0,70.991,0.0,SYNTHETIC,27.877,2026-07-08T19:00:00+00:00,180.0,2.128
SIMULATION_FORCING,1013.0,0.0,71.038,0.0,SYNTHETIC,26.583,2026-07-08T20:00:00+00:00,180.0,2.131
SIMULATION_FORCING,1013.0,0.0,73.599,0.0,SYNTHETIC,25.289,2026-07-08T21:00:00+00:00,180.0,1.957
SIMULATION_FORCING,1013.0,0.0,70.673,0.0,SYNTHETIC,24.083,2026-07-08T22:00:00+00:00,180.0,2.227
SIMULATION_FORCING,1013.0,0.0,72.088,0.0,SYNTHETIC,23.048,2026-07-08T23:00:00+00:00,180.0,1.771
SIMULATION_FORCING,1013.0,0.0,70.841,0.0,SYNTHETIC,22.205,2026-07-09T00:00:00+00:00,180.0,1.826
SIMULATION_FORCING,1013.0,0.0,73.532,0.0,SYNTHETIC,21.706,2026-07-09T01:00:00+00:00,180.0,2.255
SIMULATION_FORCING,1013.0,0.0,70.255,0.0,SYNTHETIC,21.535,2026-07-09T02:00:00+00:00,180.0,1.743
SIMULATION_FORCING,1013.0,0.0,73.416,0.0,SYNTHETIC,21.706,2026-07-09T03:00:00+00:00,180.0,1.627
SIMULATION_FORCING,1013.0,0.0,72.884,0.0,SYNTHETIC,22.205,2026-07-09T04:00:00+00:00,180.0,1.68
SIMULATION_FORCING,1013.0,0.0,71.391,0.0,SYNTHETIC,23.0,2026-07-09T05:00:00+00:00,180.0,2.161
SIMULATION_FORCING,1013.0,0.0,72.496,0.0,SYNTHETIC,24.035,2026-07-09T06:00:00+00:00,180.0,2.44
SIMULATION_FORCING,1013.0,0.0,68.84,219.996,SYNTHETIC,25.241,2026-07-09T07:00:00+00:00,180.0,2.068
SIMULATION_FORCING,1013.0,0.0,64.97,425.0,SYNTHETIC,26.535,2026-07-09T08:00:00+00:00,180.0,2.433
SIMULATION_FORCING,1013.0,0.0,57.814,601.041,SYNTHETIC,27.829,2026-07-09T09:00:00+00:00,180.0,2.201
SIMULATION_FORCING,1013.0,0.0,55.279,736.122,SYNTHETIC,29.035,2026-07-09T10:00:00+00:00,180.0,1.616
SIMULATION_FORCING,1013.0,0.0,52.687,821.037,SYNTHETIC,30.071,2026-07-09T11:00:00+00:00,180.0,1.636
SIMULATION_FORCING,1013.0,0.0,54.234,850.0,SYNTHETIC,30.865,2026-07-09T12:00:00+00:00,180.0,1.925
SIMULATION_FORCING,1013.0,0.0,56.524,821.037,SYNTHETIC,31.365,2026-07-09T13:00:00+00:00,180.0,1.834
SIMULATION_FORCING,1013.0,0.0,54.558,736.122,SYNTHETIC,31.535,2026-07-09T14:00:00+00:00,180.0,1.968
SIMULATION_FORCING,1013.0,0.0,60.006,601.041,SYNTHETIC,31.365,2026-07-09T15:00:00+00:00,180.0,1.569
SIMULATION_FORCING,1013.0,0.0,61.883,425.0,SYNTHETIC,30.865,2026-07-09T16:00:00+00:00,180.0,2.394
SIMULATION_FORCING,1013.0,0.0,66.396,219.996,SYNTHETIC,30.071,2026-07-09T17:00:00+00:00,180.0,1.565
SIMULATION_FORCING,1013.0,0.0,71.781,0.0,SYNTHETIC,29.035,2026-07-09T18:00:00+00:00,180.0,2.375
SIMULATION_FORCING,1013.0,0.0,72.309,0.0,SYNTHETIC,27.829,2026-07-09T19:00:00+00:00,180.0,2.281
SIMULATION_FORCING,1013.0,0.0,70.921,0.0,SYNTHETIC,26.535,2026-07-09T20:00:00+00:00,180.0,1.984
SIMULATION_FORCING,1013.0,0.0,71.459,0.0,SYNTHETIC,25.241,2026-07-09T21:00:00+00:00,180.0,2.288
SIMULATION_FORCING,1013.0,0.0,73.628,0.0,SYNTHETIC,24.035,2026-07-09T22:00:00+00:00,180.0,1.906
SIMULATION_FORCING,1013.0,0.0,70.252,0.0,SYNTHETIC,23.0,2026-07-09T23:00:00+00:00,180.0,1.925
SIMULATION_FORCING,1013.0,0.0,72.855,0.0,SYNTHETIC,22.155,2026-07-10T00:00:00+00:00,180.0,2.019
SIMULATION_FORCING,1013.0,0.0,72.989,0.0,SYNTHETIC,21.655,2026-07-10T01:00:00+00:00,180.0,2.196
SIMULATION_FORCING,1013.0,0.0,72.364,0.0,SYNTHETIC,21.485,2026-07-10T02:00:00+00:00,180.0,1.834
SIMULATION_FORCING,1013.0,0.0,70.08,0.0,SYNTHETIC,21.655,2026-07-10T03:00:00+00:00,180.0,2.102
SIMULATION_FORCING,1013.0,0.0,70.415,0.0,SYNTHETIC,22.155,2026-07-10T04:00:00+00:00,180.0,1.648
SIMULATION_FORCING,1013.0,0.0,72.971,0.0,SYNTHETIC,22.949,2026-07-10T05:00:00+00:00,180.0,1.958
SIMULATION_FORCING,1013.0,0.0,73.788,0.0,SYNTHETIC,23.985,2026-07-10T06:00:00+00:00,180.0,2.047
SIMULATION_FORCING,1013.0,0.0,68.377,219.996,SYNTHETIC,25.191,2026-07-10T07:00:00+00:00,180.0,2.06
SIMULATION_FORCING,1013.0,0.0,63.554,425.0,SYNTHETIC,26.485,2026-07-10T08:00:00+00:00,180.0,2.046
SIMULATION_FORCING,1013.0,0.0,59.601,601.041,SYNTHETIC,27.779,2026-07-10T09:00:00+00:00,180.0,1.945
SIMULATION_FORCING,1013.0,0.0,58.162,736.122,SYNTHETIC,28.985,2026-07-10T10:00:00+00:00,180.0,1.947
SIMULATION_FORCING,1013.0,0.0,54.97,821.037,SYNTHETIC,30.02,2026-07-10T11:00:00+00:00,180.0,1.945
SIMULATION_FORCING,1013.0,0.0,53.219,850.0,SYNTHETIC,30.815,2026-07-10T12:00:00+00:00,180.0,1.602
SIMULATION_FORCING,1013.0,0.0,55.076,821.037,SYNTHETIC,31.314,2026-07-10T13:00:00+00:00,180.0,2.07
SIMULATION_FORCING,1013.0,0.0,57.085,736.122,SYNTHETIC,31.485,2026-07-10T14:00:00+00:00,180.0,1.847
SIMULATION_FORCING,1013.0,0.0,60.861,601.041,SYNTHETIC,31.314,2026-07-10T15:00:00+00:00,180.0,2.476
SIMULATION_FORCING,1013.0,0.0,62.597,425.0,SYNTHETIC,30.815,2026-07-10T16:00:00+00:00,180.0,1.501
SIMULATION_FORCING,1013.0,0.0,67.696,219.996,SYNTHETIC,30.02,2026-07-10T17:00:00+00:00,180.0,2.044
SIMULATION_FORCING,1013.0,0.0,70.221,0.0,SYNTHETIC,28.985,2026-07-10T18:00:00+00:00,180.0,2.241
SIMULATION_FORCING,1013.0,0.0,71.844,0.0,SYNTHETIC,27.779,2026-07-10T19:00:00+00:00,180.0,1.836
SIMULATION_FORCING,1013.0,0.0,70.674,0.0,SYNTHETIC,26.485,2026-07-10T20:00:00+00:00,180.0,2.051
SIMULATION_FORCING,1013.0,0.0,73.669,0.0,SYNTHETIC,25.191,2026-07-10T21:00:00+00:00,180.0,1.737
SIMULATION_FORCING,1013.0,0.0,73.119,0.0,SYNTHETIC,23.985,2026-07-10T22:00:00+00:00,180.0,2.329
SIMULATION_FORCING,1013.0,0.0,70.45,0.0,SYNTHETIC,22.949,2026-07-10T23:00:00+00:00,180.0,2.314
SIMULATION_FORCING,1013.0,0.0,70.29,0.0,SYNTHETIC,22.102,2026-07-11T00:00:00+00:00,180.0,1.834
SIMULATION_FORCING,1013.0,0.0,73.59,0.0,SYNTHETIC,21.602,2026-07-11T01:00:00+00:00,180.0,1.56
SIMULATION_FORCING,1013.0,0.0,72.854,0.0,SYNTHETIC,21.432,2026-07-11T02:00:00+00:00,180.0,1.727
SIMULATION_FORCING,1013.0,0.0,72.371,0.0,SYNTHETIC,21.602,2026-07-11T03:00:00+00:00,180.0,1.927
SIMULATION_FORCING,1013.0,0.0,73.953,0.0,SYNTHETIC,22.102,2026-07-11T04:00:00+00:00,180.0,2.169
SIMULATION_FORCING,1013.0,0.0,71.407,0.0,SYNTHETIC,22.896,2026-07-11T05:00:00+00:00,180.0,1.866
SIMULATION_FORCING,1013.0,0.0,70.464,0.0,SYNTHETIC,23.932,2026-07-11T06:00:00+00:00,180.0,1.954
SIMULATION_FORCING,1013.0,0.0,67.024,219.996,SYNTHETIC,25.138,2026-07-11T07:00:00+00:00,180.0,2.31
SIMULATION_FORCING,1013.0,0.0,64.907,425.0,SYNTHETIC,26.432,2026-07-11T08:00:00+00:00,180.0,2.39
SIMULATION_FORCING,1013.0,0.0,60.861,601.041,SYNTHETIC,27.726,2026-07-11T09:00:00+00:00,180.0,2.233
SIMULATION_FORCING,1013.0,0.0,57.784,736.122,SYNTHETIC,28.932,2026-07-11T10:00:00+00:00,180.0,2.022
SIMULATION_FORCING,1013.0,0.0,53.144,821.037,SYNTHETIC,29.967,2026-07-11T11:00:00+00:00,180.0,2.438
SIMULATION_FORCING,1013.0,0.0,54.566,850.0,SYNTHETIC,30.762,2026-07-11T12:00:00+00:00,180.0,1.649
SIMULATION_FORCING,1013.0,0.0,56.145,821.037,SYNTHETIC,31.262,2026-07-11T13:00:00+00:00,180.0,1.557
SIMULATION_FORCING,1013.0,0.0,56.383,736.122,SYNTHETIC,31.432,2026-07-11T14:00:00+00:00,180.0,1.954
SIMULATION_FORCING,1013.0,0.0,59.152,601.041,SYNTHETIC,31.262,2026-07-11T15:00:00+00:00,180.0,2.166
SIMULATION_FORCING,1013.0,0.0,63.345,425.0,SYNTHETIC,30.762,2026-07-11T16:00:00+00:00,180.0,2.388
SIMULATION_FORCING,1013.0,0.0,66.42,219.996,SYNTHETIC,29.967,2026-07-11T17:00:00+00:00,180.0,2.052
SIMULATION_FORCING,1013.0,0.0,70.188,0.0,SYNTHETIC,28.932,2026-07-11T18:00:00+00:00,180.0,1.834
SIMULATION_FORCING,1013.0,0.0,73.397,0.0,SYNTHETIC,27.726,2026-07-11T19:00:00+00:00,180.0,1.587
SIMULATION_FORCING,1013.0,0.0,72.975,0.0,SYNTHETIC,26.432,2026-07-11T20:00:00+00:00,180.0,2.085
SIMULATION_FORCING,1013.0,0.0,73.574,0.0,SYNTHETIC,25.138,2026-07-11T21:00:00+00:00,180.0,1.534
SIMULATION_FORCING,1013.0,0.0,72.152,0.0,SYNTHETIC,23.932,2026-07-11T22:00:00+00:00,180.0,2.305
SIMULATION_FORCING,1013.0,0.0,71.696,0.0,SYNTHETIC,22.896,2026-07-11T23:00:00+00:00,180.0,2.372
SIMULATION_FORCING,1013.0,0.0,71.545,0.0,SYNTHETIC,22.046,2026-07-12T00:00:00+00:00,180.0,2.271
SIMULATION_FORCING,1013.0,0.0,70.386,0.0,SYNTHETIC,21.547,2026-07-12T01:00:00+00:00,180.0,2.171
SIMULATION_FORCING,1013.0,0.0,71.317,0.0,SYNTHETIC,21.377,2026-07-12T02:00:00+00:00,180.0,2.222
SIMULATION_FORCING,1013.0,0.0,70.751,0.0,SYNTHETIC,21.547,2026-07-12T03:00:00+00:00,180.0,1.613
SIMULATION_FORCING,1013.0,0.0,72.41,0.0,SYNTHETIC,22.046,2026-07-12T04:00:00+00:00,180.0,2.148
SIMULATION_FORCING,1013.0,0.0,71.231,0.0,SYNTHETIC,22.841,2026-07-12T05:00:00+00:00,180.0,1.953
SIMULATION_FORCING,1013.0,0.0,70.149,0.0,SYNTHETIC,23.877,2026-07-12T06:00:00+00:00,180.0,1.836
SIMULATION_FORCING,1013.0,0.0,66.926,219.996,SYNTHETIC,25.082,2026-07-12T07:00:00+00:00,180.0,1.564
SIMULATION_FORCING,1013.0,0.0,62.695,425.0,SYNTHETIC,26.377,2026-07-12T08:00:00+00:00,180.0,1.81
SIMULATION_FORCING,1013.0,0.0,60.269,601.041,SYNTHETIC,27.671,2026-07-12T09:00:00+00:00,180.0,2.067
SIMULATION_FORCING,1013.0,0.0,55.07,736.122,SYNTHETIC,28.877,2026-07-12T10:00:00+00:00,180.0,1.868
SIMULATION_FORCING,1013.0,0.0,53.688,821.037,SYNTHETIC,29.912,2026-07-12T11:00:00+00:00,180.0,1.708
SIMULATION_FORCING,1013.0,0.0,52.294,850.0,SYNTHETIC,30.707,2026-07-12T12:00:00+00:00,180.0,1.753
SIMULATION_FORCING,1013.0,0.0,54.591,821.037,SYNTHETIC,31.206,2026-07-12T13:00:00+00:00,180.0,1.669
SIMULATION_FORCING,1013.0,0.0,57.691,736.122,SYNTHETIC,31.377,2026-07-12T14:00:00+00:00,180.0,1.924
SIMULATION_FORCING,1013.0,0.0,57.278,601.041,SYNTHETIC,31.206,2026-07-12T15:00:00+00:00,180.0,1.958
SIMULATION_FORCING,1013.0,0.0,61.003,425.0,SYNTHETIC,30.707,2026-07-12T16:00:00+00:00,180.0,2.318
SIMULATION_FORCING,1013.0,0.0,67.85,219.996,SYNTHETIC,29.912,2026-07-12T17:00:00+00:00,180.0,1.706
SIMULATION_FORCING,1013.0,0.0,73.216,0.0,SYNTHETIC,28.877,2026-07-12T18:00:00+00:00,180.0,2.289
SIMULATION_FORCING,1013.0,0.0,72.963,0.0,SYNTHETIC,27.671,2026-07-12T19:00:00+00:00,180.0,1.741
SIMULATION_FORCING,1013.0,0.0,71.441,0.0,SYNTHETIC,26.377,2026-07-12T20:00:00+00:00,180.0,2.409
SIMULATION_FORCING,1013.0,0.0,70.589,0.0,SYNTHETIC,25.082,2026-07-12T21:00:00+00:00,180.0,2.418
SIMULATION_FORCING,1013.0,0.0,71.222,0.0,SYNTHETIC,23.877,2026-07-12T22:00:00+00:00,180.0,2.478
SIMULATION_FORCING,1013.0,0.0,71.628,0.0,SYNTHETIC,22.841,2026-07-12T23:00:00+00:00,180.0,2.263
SIMULATION_FORCING,1013.0,0.0,72.577,0.0,SYNTHETIC,21.988,2026-07-13T00:00:00+00:00,180.0,2.089
SIMULATION_FORCING,1013.0,0.0,70.851,0.0,SYNTHETIC,21.489,2026-07-13T01:00:00+00:00,180.0,1.569
SIMULATION_FORCING,1013.0,0.0,72.346,0.0,SYNTHETIC,21.319,2026-07-13T02:00:00+00:00,180.0,1.605
SIMULATION_FORCING,1013.0,0.0,72.806,0.0,SYNTHETIC,21.489,2026-07-13T03:00:00+00:00,180.0,1.51
SIMULATION_FORCING,1013.0,0.0,73.14,0.0,SYNTHETIC,21.988,2026-07-13T04:00:00+00:00,180.0,2.372
SIMULATION_FORCING,1013.0,0.0,73.227,0.0,SYNTHETIC,22.783,2026-07-13T05:00:00+00:00,180.0,1.694
SIMULATION_FORCING,1013.0,0.0,73.688,0.0,SYNTHETIC,23.819,2026-07-13T06:00:00+00:00,180.0,2.113
SIMULATION_FORCING,1013.0,0.0,68.528,219.996,SYNTHETIC,25.025,2026-07-13T07:00:00+00:00,180.0,1.812
SIMULATION_FORCING,1013.0,0.0,61.065,425.0,SYNTHETIC,26.319,2026-07-13T08:00:00+00:00,180.0,2.412
SIMULATION_FORCING,1013.0,0.0,61.248,601.041,SYNTHETIC,27.613,2026-07-13T09:00:00+00:00,180.0,1.937
SIMULATION_FORCING,1013.0,0.0,56.61,736.122,SYNTHETIC,28.819,2026-07-13T10:00:00+00:00,180.0,2.006
SIMULATION_FORCING,1013.0,0.0,55.317,821.037,SYNTHETIC,29.854,2026-07-13T11:00:00+00:00,180.0,2.242
SIMULATION_FORCING,1013.0,0.0,52.713,850.0,SYNTHETIC,30.649,2026-07-13T12:00:00+00:00,180.0,2.321
SIMULATION_FORCING,1013.0,0.0,54.555,821.037,SYNTHETIC,31.148,2026-07-13T13:00:00+00:00,180.0,2.44
SIMULATION_FORCING,1013.0,0.0,54.545,736.122,SYNTHETIC,31.319,2026-07-13T14:00:00+00:00,180.0,1.585
SIMULATION_FORCING,1013.0,0.0,61.103,601.041,SYNTHETIC,31.148,2026-07-13T15:00:00+00:00,180.0,1.84
SIMULATION_FORCING,1013.0,0.0,62.664,425.0,SYNTHETIC,30.649,2026-07-13T16:00:00+00:00,180.0,2.168
SIMULATION_FORCING,1013.0,0.0,67.848,219.996,SYNTHETIC,29.854,2026-07-13T17:00:00+00:00,180.0,2.082
SIMULATION_FORCING,1013.0,0.0,71.754,0.0,SYNTHETIC,28.819,2026-07-13T18:00:00+00:00,180.0,2.445
SIMULATION_FORCING,1013.0,0.0,70.222,0.0,SYNTHETIC,27.613,2026-07-13T19:00:00+00:00,180.0,2.259
SIMULATION_FORCING,1013.0,0.0,72.319,0.0,SYNTHETIC,26.319,2026-07-13T20:00:00+00:00,180.0,1.925
SIMULATION_FORCING,1013.0,0.0,72.496,0.0,SYNTHETIC,25.025,2026-07-13T21:00:00+00:00,180.0,1.974
SIMULATION_FORCING,1013.0,0.0,71.797,0.0,SYNTHETIC,23.819,2026-07-13T22:00:00+00:00,180.0,2.45
SIMULATION_FORCING,1013.0,0.0,72.8,0.0,SYNTHETIC,22.783,2026-07-13T23:00:00+00:00,180.0,1.958
SIMULATION_FORCING,1013.0,0.0,72.861,0.0,SYNTHETIC,21.928,2026-07-14T00:00:00+00:00,180.0,1.646
SIMULATION_FORCING,1013.0,0.0,72.355,0.0,SYNTHETIC,21.429,2026-07-14T01:00:00+00:00,180.0,2.111
SIMULATION_FORCING,1013.0,0.0,70.199,0.0,SYNTHETIC,21.258,2026-07-14T02:00:00+00:00,180.0,1.969
SIMULATION_FORCING,1013.0,0.0,72.327,0.0,SYNTHETIC,21.429,2026-07-14T03:00:00+00:00,180.0,2.197
SIMULATION_FORCING,1013.0,0.0,70.521,0.0,SYNTHETIC,21.928,2026-07-14T04:00:00+00:00,180.0,1.936
SIMULATION_FORCING,1013.0,0.0,72.187,0.0,SYNTHETIC,22.723,2026-07-14T05:00:00+00:00,180.0,1.985
SIMULATION_FORCING,1013.0,0.0,71.403,0.0,SYNTHETIC,23.758,2026-07-14T06:00:00+00:00,180.0,2.192
SIMULATION_FORCING,1013.0,0.0,66.199,219.996,SYNTHETIC,24.964,2026-07-14T07:00:00+00:00,180.0,1.732
SIMULATION_FORCING,1013.0,0.0,63.894,425.0,SYNTHETIC,26.258,2026-07-14T08:00:00+00:00,180.0,1.964
SIMULATION_FORCING,1013.0,0.0,59.563,601.041,SYNTHETIC,27.552,2026-07-14T09:00:00+00:00,180.0,1.527
SIMULATION_FORCING,1013.0,0.0,56.687,736.122,SYNTHETIC,28.758,2026-07-14T10:00:00+00:00,180.0,1.977
SIMULATION_FORCING,1013.0,0.0,55.714,821.037,SYNTHETIC,29.794,2026-07-14T11:00:00+00:00,180.0,2.03
SIMULATION_FORCING,1013.0,0.0,52.752,850.0,SYNTHETIC,30.588,2026-07-14T12:00:00+00:00,180.0,2.475
SIMULATION_FORCING,1013.0,0.0,54.201,821.037,SYNTHETIC,31.088,2026-07-14T13:00:00+00:00,180.0,2.231
SIMULATION_FORCING,1013.0,0.0,56.521,736.122,SYNTHETIC,31.258,2026-07-14T14:00:00+00:00,180.0,1.885
SIMULATION_FORCING,1013.0,0.0,59.504,601.041,SYNTHETIC,31.088,2026-07-14T15:00:00+00:00,180.0,1.892
SIMULATION_FORCING,1013.0,0.0,64.41,425.0,SYNTHETIC,30.588,2026-07-14T16:00:00+00:00,180.0,1.818
SIMULATION_FORCING,1013.0,0.0,66.947,219.996,SYNTHETIC,29.794,2026-07-14T17:00:00+00:00,180.0,1.853
SIMULATION_FORCING,1013.0,0.0,70.096,0.0,SYNTHETIC,28.758,2026-07-14T18:00:00+00:00,180.0,1.56
SIMULATION_FORCING,1013.0,0.0,70.889,0.0,SYNTHETIC,27.552,2026-07-14T19:00:00+00:00,180.0,2.112
SIMULATION_FORCING,1013.0,0.0,71.459,0.0,SYNTHETIC,26.258,2026-07-14T20:00:00+00:00,180.0,1.812
SIMULATION_FORCING,1013.0,0.0,73.816,0.0,SYNTHETIC,24.964,2026-07-14T21:00:00+00:00,180.0,2.158
SIMULATION_FORCING,1013.0,0.0,72.485,0.0,SYNTHETIC,23.758,2026-07-14T22:00:00+00:00,180.0,2.034
SIMULATION_FORCING,1013.0,0.0,72.511,0.0,SYNTHETIC,22.723,2026-07-14T23:00:00+00:00,180.0,1.824
SIMULATION_FORCING,1013.0,0.0,71.695,0.0,SYNTHETIC,21.865,2026-07-15T00:00:00+00:00,180.0,1.987
SIMULATION_FORCING,1013.0,0.0,70.852,0.0,SYNTHETIC,21.366,2026-07-15T01:00:00+00:00,180.0,2.304
SIMULATION_FORCING,1013.0,0.0,73.869,0.0,SYNTHETIC,21.195,2026-07-15T02:00:00+00:00,180.0,1.77
SIMULATION_FORCING,1013.0,0.0,72.657,0.0,SYNTHETIC,21.366,2026-07-15T03:00:00+00:00,180.0,1.899
SIMULATION_FORCING,1013.0,0.0,70.514,0.0,SYNTHETIC,21.865,2026-07-15T04:00:00+00:00,180.0,1.653
SIMULATION_FORCING,1013.0,0.0,73.487,0.0,SYNTHETIC,22.66,2026-07-15T05:00:00+00:00,180.0,1.65
SIMULATION_FORCING,1013.0,0.0,72.371,0.0,SYNTHETIC,23.695,2026-07-15T06:00:00+00:00,180.0,2.214
SIMULATION_FORCING,1013.0,0.0,66.229,219.996,SYNTHETIC,24.901,2026-07-15T07:00:00+00:00,180.0,1.925
SIMULATION_FORCING,1013.0,0.0,62.39,425.0,SYNTHETIC,26.195,2026-07-15T08:00:00+00:00,180.0,2.192
SIMULATION_FORCING,1013.0,0.0,60.182,601.041,SYNTHETIC,27.49,2026-07-15T09:00:00+00:00,180.0,1.609
SIMULATION_FORCING,1013.0,0.0,55.036,736.122,SYNTHETIC,28.695,2026-07-15T10:00:00+00:00,180.0,1.705
SIMULATION_FORCING,1013.0,0.0,52.743,821.037,SYNTHETIC,29.731,2026-07-15T11:00:00+00:00,180.0,1.539
SIMULATION_FORCING,1013.0,0.0,55.38,850.0,SYNTHETIC,30.526,2026-07-15T12:00:00+00:00,180.0,2.009
SIMULATION_FORCING,1013.0,0.0,56.152,821.037,SYNTHETIC,31.025,2026-07-15T13:00:00+00:00,180.0,1.852
SIMULATION_FORCING,1013.0,0.0,54.539,736.122,SYNTHETIC,31.195,2026-07-15T14:00:00+00:00,180.0,2.288
SIMULATION_FORCING,1013.0,0.0,60.211,601.041,SYNTHETIC,31.025,2026-07-15T15:00:00+00:00,180.0,1.532
SIMULATION_FORCING,1013.0,0.0,61.719,425.0,SYNTHETIC,30.526,2026-07-15T16:00:00+00:00,180.0,2.072
SIMULATION_FORCING,1013.0,0.0,67.191,219.996,SYNTHETIC,29.731,2026-07-15T17:00:00+00:00,180.0,1.748
SIMULATION_FORCING,1013.0,0.0,70.942,0.0,SYNTHETIC,28.695,2026-07-15T18:00:00+00:00,180.0,1.883
SIMULATION_FORCING,1013.0,0.0,73.446,0.0,SYNTHETIC,27.49,2026-07-15T19:00:00+00:00,180.0,1.693
SIMULATION_FORCING,1013.0,0.0,72.478,0.0,SYNTHETIC,26.195,2026-07-15T20:00:00+00:00,180.0,2.177
SIMULATION_FORCING,1013.0,0.0,72.561,0.0,SYNTHETIC,24.901,2026-07-15T21:00:00+00:00,180.0,1.805
SIMULATION_FORCING,1013.0,0.0,70.065,0.0,SYNTHETIC,23.695,2026-07-15T22:00:00+00:00,180.0,2.127
SIMULATION_FORCING,1013.0,0.0,72.883,0.0,SYNTHETIC,22.66,2026-07-15T23:00:00+00:00,180.0,2.404
SIMULATION_FORCING,1013.0,0.0,71.815,0.0,SYNTHETIC,21.8,2026-07-16T00:00:00+00:00,180.0,2.26
SIMULATION_FORCING,1013.0,0.0,73.8,0.0,SYNTHETIC,21.301,2026-07-16T01:00:00+00:00,180.0,1.623
SIMULATION_FORCING,1013.0,0.0,73.912,0.0,SYNTHETIC,21.13,2026-07-16T02:00:00+00:00,180.0,2.096
SIMULATION_FORCING,1013.0,0.0,72.769,0.0,SYNTHETIC,21.301,2026-07-16T03:00:00+00:00,180.0,1.612
SIMULATION_FORCING,1013.0,0.0,73.555,0.0,SYNTHETIC,21.8,2026-07-16T04:00:00+00:00,180.0,2.057
SIMULATION_FORCING,1013.0,0.0,73.691,0.0,SYNTHETIC,22.595,2026-07-16T05:00:00+00:00,180.0,2.422
SIMULATION_FORCING,1013.0,0.0,72.658,0.0,SYNTHETIC,23.63,2026-07-16T06:00:00+00:00,180.0,2.042
SIMULATION_FORCING,1013.0,0.0,67.894,219.996,SYNTHETIC,24.836,2026-07-16T07:00:00+00:00,180.0,1.977
SIMULATION_FORCING,1013.0,0.0,61.044,425.0,SYNTHETIC,26.13,2026-07-16T08:00:00+00:00,180.0,2.486
SIMULATION_FORCING,1013.0,0.0,61.151,601.041,SYNTHETIC,27.424,2026-07-16T09:00:00+00:00,180.0,2.118
SIMULATION_FORCING,1013.0,0.0,56.583,736.122,SYNTHETIC,28.63,2026-07-16T10:00:00+00:00,180.0,1.672
SIMULATION_FORCING,1013.0,0.0,53.157,821.037,SYNTHETIC,29.666,2026-07-16T11:00:00+00:00,180.0,2.181
SIMULATION_FORCING,1013.0,0.0,52.268,850.0,SYNTHETIC,30.46,2026-07-16T12:00:00+00:00,180.0,1.806
SIMULATION_FORCING,1013.0,0.0,54.122,821.037,SYNTHETIC,30.96,2026-07-16T13:00:00+00:00,180.0,2.309
SIMULATION_FORCING,1013.0,0.0,57.153,736.122,SYNTHETIC,31.13,2026-07-16T14:00:00+00:00,180.0,2.366
SIMULATION_FORCING,1013.0,0.0,59.847,601.041,SYNTHETIC,30.96,2026-07-16T15:00:00+00:00,180.0,1.785
SIMULATION_FORCING,1013.0,0.0,62.028,425.0,SYNTHETIC,30.46,2026-07-16T16:00:00+00:00,180.0,1.783
SIMULATION_FORCING,1013.0,0.0,65.407,219.996,SYNTHETIC,29.666,2026-07-16T17:00:00+00:00,180.0,2.473
SIMULATION_FORCING,1013.0,0.0,73.205,0.0,SYNTHETIC,28.63,2026-07-16T18:00:00+00:00,180.0,1.777
SIMULATION_FORCING,1013.0,0.0,71.385,0.0,SYNTHETIC,27.424,2026-07-16T19:00:00+00:00,180.0,2.354
SIMULATION_FORCING,1013.0,0.0,72.594,0.0,SYNTHETIC,26.13,2026-07-16T20:00:00+00:00,180.0,1.924
SIMULATION_FORCING,1013.0,0.0,72.523,0.0,SYNTHETIC,24.836,2026-07-16T21:00:00+00:00,180.0,1.643
SIMULATION_FORCING,1013.0,0.0,73.193,0.0,SYNTHETIC,23.63,2026-07-16T22:00:00+00:00,180.0,2.006
SIMULATION_FORCING,1013.0,0.0,70.48,0.0,SYNTHETIC,22.595,2026-07-16T23:00:00+00:00,180.0,1.924
SIMULATION_FORCING,1013.0,0.0,70.089,0.0,SYNTHETIC,21.732,2026-07-17T00:00:00+00:00,180.0,1.787
SIMULATION_FORCING,1013.0,0.0,73.823,0.0,SYNTHETIC,21.233,2026-07-17T01:00:00+00:00,180.0,1.714
SIMULATION_FORCING,1013.0,0.0,73.5,0.0,SYNTHETIC,21.063,2026-07-17T02:00:00+00:00,180.0,1.776
SIMULATION_FORCING,1013.0,0.0,72.824,0.0,SYNTHETIC,21.233,2026-07-17T03:00:00+00:00,180.0,1.802
SIMULATION_FORCING,1013.0,0.0,72.429,0.0,SYNTHETIC,21.732,2026-07-17T04:00:00+00:00,180.0,2.441
SIMULATION_FORCING,1013.0,0.0,72.152,0.0,SYNTHETIC,22.527,2026-07-17T05:00:00+00:00,180.0,1.721
SIMULATION_FORCING,1013.0,0.0,72.648,0.0,SYNTHETIC,23.563,2026-07-17T06:00:00+00:00,180.0,1.912
SIMULATION_FORCING,1013.0,0.0,65.767,219.996,SYNTHETIC,24.768,2026-07-17T07:00:00+00:00,180.0,2.329
SIMULATION_FORCING,1013.0,0.0,62.996,425.0,SYNTHETIC,26.063,2026-07-17T08:00:00+00:00,180.0,1.648
SIMULATION_FORCING,1013.0,0.0,57.916,601.041,SYNTHETIC,27.357,2026-07-17T09:00:00+00:00,180.0,1.674
SIMULATION_FORCING,1013.0,0.0,56.235,736.122,SYNTHETIC,28.563,2026-07-17T10:00:00+00:00,180.0,2.446
SIMULATION_FORCING,1013.0,0.0,54.574,821.037,SYNTHETIC,29.598,2026-07-17T11:00:00+00:00,180.0,2.006
SIMULATION_FORCING,1013.0,0.0,52.301,850.0,SYNTHETIC,30.393,2026-07-17T12:00:00+00:00,180.0,1.684
SIMULATION_FORCING,1013.0,0.0,53.429,821.037,SYNTHETIC,30.892,2026-07-17T13:00:00+00:00,180.0,1.61
SIMULATION_FORCING,1013.0,0.0,54.662,736.122,SYNTHETIC,31.063,2026-07-17T14:00:00+00:00,180.0,2.032
SIMULATION_FORCING,1013.0,0.0,58.297,601.041,SYNTHETIC,30.892,2026-07-17T15:00:00+00:00,180.0,2.105
SIMULATION_FORCING,1013.0,0.0,61.811,425.0,SYNTHETIC,30.393,2026-07-17T16:00:00+00:00,180.0,2.252
SIMULATION_FORCING,1013.0,0.0,65.502,219.996,SYNTHETIC,29.598,2026-07-17T17:00:00+00:00,180.0,2.172
SIMULATION_FORCING,1013.0,0.0,72.131,0.0,SYNTHETIC,28.563,2026-07-17T18:00:00+00:00,180.0,1.582
SIMULATION_FORCING,1013.0,0.0,72.123,0.0,SYNTHETIC,27.357,2026-07-17T19:00:00+00:00,180.0,1.501
SIMULATION_FORCING,1013.0,0.0,73.222,0.0,SYNTHETIC,26.063,2026-07-17T20:00:00+00:00,180.0,1.746
SIMULATION_FORCING,1013.0,0.0,72.47,0.0,SYNTHETIC,24.768,2026-07-17T21:00:00+00:00,180.0,2.475
SIMULATION_FORCING,1013.0,0.0,71.346,0.0,SYNTHETIC,23.563,2026-07-17T22:00:00+00:00,180.0,2.29
SIMULATION_FORCING,1013.0,0.0,71.684,0.0,SYNTHETIC,22.527,2026-07-17T23:00:00+00:00,180.0,1.558
SIMULATION_FORCING,1013.0,0.0,73.463,0.0,SYNTHETIC,21.662,2026-07-18T00:00:00+00:00,180.0,2.302
SIMULATION_FORCING,1013.0,0.0,70.808,0.0,SYNTHETIC,21.163,2026-07-18T01:00:00+00:00,180.0,1.701
SIMULATION_FORCING,1013.0,0.0,71.164,0.0,SYNTHETIC,20.993,2026-07-18T02:00:00+00:00,180.0,2.069
SIMULATION_FORCING,1013.0,0.0,70.383,0.0,SYNTHETIC,21.163,2026-07-18T03:00:00+00:00,180.0,1.556
SIMULATION_FORCING,1013.0,0.0,72.673,0.0,SYNTHETIC,21.662,2026-07-18T04:00:00+00:00,180.0,2.234
SIMULATION_FORCING,1013.0,0.0,71.139,0.0,SYNTHETIC,22.457,2026-07-18T05:00:00+00:00,180.0,1.69
SIMULATION_FORCING,1013.0,0.0,73.011,0.0,SYNTHETIC,23.493,2026-07-18T06:00:00+00:00,180.0,2.038
SIMULATION_FORCING,1013.0,0.0,65.818,219.996,SYNTHETIC,24.698,2026-07-18T07:00:00+00:00,180.0,2.457
SIMULATION_FORCING,1013.0,0.0,64.949,425.0,SYNTHETIC,25.993,2026-07-18T08:00:00+00:00,180.0,1.549
SIMULATION_FORCING,1013.0,0.0,60.603,601.041,SYNTHETIC,27.287,2026-07-18T09:00:00+00:00,180.0,1.566
SIMULATION_FORCING,1013.0,0.0,56.805,736.122,SYNTHETIC,28.493,2026-07-18T10:00:00+00:00,180.0,1.571
SIMULATION_FORCING,1013.0,0.0,54.147,821.037,SYNTHETIC,29.528,2026-07-18T11:00:00+00:00,180.0,2.159
SIMULATION_FORCING,1013.0,0.0,55.738,850.0,SYNTHETIC,30.323,2026-07-18T12:00:00+00:00,180.0,2.27
SIMULATION_FORCING,1013.0,0.0,55.937,821.037,SYNTHETIC,30.822,2026-07-18T13:00:00+00:00,180.0,2.444
SIMULATION_FORCING,1013.0,0.0,57.888,736.122,SYNTHETIC,30.993,2026-07-18T14:00:00+00:00,180.0,2.098
SIMULATION_FORCING,1013.0,0.0,59.457,601.041,SYNTHETIC,30.822,2026-07-18T15:00:00+00:00,180.0,2.319
SIMULATION_FORCING,1013.0,0.0,64.2,425.0,SYNTHETIC,30.323,2026-07-18T16:00:00+00:00,180.0,2.124
SIMULATION_FORCING,1013.0,0.0,67.352,219.996,SYNTHETIC,29.528,2026-07-18T17:00:00+00:00,180.0,1.926
SIMULATION_FORCING,1013.0,0.0,71.866,0.0,SYNTHETIC,28.493,2026-07-18T18:00:00+00:00,180.0,1.599
SIMULATION_FORCING,1013.0,0.0,71.75,0.0,SYNTHETIC,27.287,2026-07-18T19:00:00+00:00,180.0,2.318
SIMULATION_FORCING,1013.0,0.0,72.018,0.0,SYNTHETIC,25.993,2026-07-18T20:00:00+00:00,180.0,1.913
SIMULATION_FORCING,1013.0,0.0,70.805,0.0,SYNTHETIC,24.698,2026-07-18T21:00:00+00:00,180.0,1.517
SIMULATION_FORCING,1013.0,0.0,70.167,0.0,SYNTHETIC,23.493,2026-07-18T22:00:00+00:00,180.0,2.284
SIMULATION_FORCING,1013.0,0.0,73.214,0.0,SYNTHETIC,22.457,2026-07-18T23:00:00+00:00,180.0,2.477
SIMULATION_FORCING,1013.0,0.0,71.519,0.0,SYNTHETIC,21.59,2026-07-19T00:00:00+00:00,180.0,1.603
SIMULATION_FORCING,1013.0,0.0,72.443,0.0,SYNTHETIC,21.09,2026-07-19T01:00:00+00:00,180.0,2.022
SIMULATION_FORCING,1013.0,0.0,73.17,0.0,SYNTHETIC,20.92,2026-07-19T02:00:00+00:00,180.0,2.371
SIMULATION_FORCING,1013.0,0.0,72.03,0.0,SYNTHETIC,21.09,2026-07-19T03:00:00+00:00,180.0,2.393
SIMULATION_FORCING,1013.0,0.0,70.368,0.0,SYNTHETIC,21.59,2026-07-19T04:00:00+00:00,180.0,2.272
SIMULATION_FORCING,1013.0,0.0,70.391,0.0,SYNTHETIC,22.385,2026-07-19T05:00:00+00:00,180.0,2.133
SIMULATION_FORCING,1013.0,0.0,72.585,0.0,SYNTHETIC,23.42,2026-07-19T06:00:00+00:00,180.0,1.977
SIMULATION_FORCING,1013.0,0.0,67.63,219.996,SYNTHETIC,24.626,2026-07-19T07:00:00+00:00,180.0,2.276
SIMULATION_FORCING,1013.0,0.0,63.913,425.0,SYNTHETIC,25.92,2026-07-19T08:00:00+00:00,180.0,1.959
SIMULATION_FORCING,1013.0,0.0,58.943,601.041,SYNTHETIC,27.214,2026-07-19T09:00:00+00:00,180.0,1.667
SIMULATION_FORCING,1013.0,0.0,56.474,736.122,SYNTHETIC,28.42,2026-07-19T10:00:00+00:00,180.0,2.423
SIMULATION_FORCING,1013.0,0.0,55.477,821.037,SYNTHETIC,29.456,2026-07-19T11:00:00+00:00,180.0,1.694
SIMULATION_FORCING,1013.0,0.0,55.383,850.0,SYNTHETIC,30.25,2026-07-19T12:00:00+00:00,180.0,1.987
SIMULATION_FORCING,1013.0,0.0,53.083,821.037,SYNTHETIC,30.75,2026-07-19T13:00:00+00:00,180.0,1.721
SIMULATION_FORCING,1013.0,0.0,54.426,736.122,SYNTHETIC,30.92,2026-07-19T14:00:00+00:00,180.0,1.511
SIMULATION_FORCING,1013.0,0.0,59.499,601.041,SYNTHETIC,30.75,2026-07-19T15:00:00+00:00,180.0,2.361
SIMULATION_FORCING,1013.0,0.0,64.288,425.0,SYNTHETIC,30.25,2026-07-19T16:00:00+00:00,180.0,2.171
SIMULATION_FORCING,1013.0,0.0,68.752,219.996,SYNTHETIC,29.456,2026-07-19T17:00:00+00:00,180.0,2.297
SIMULATION_FORCING,1013.0,0.0,71.064,0.0,SYNTHETIC,28.42,2026-07-19T18:00:00+00:00,180.0,2.348
SIMULATION_FORCING,1013.0,0.0,72.184,0.0,SYNTHETIC,27.214,2026-07-19T19:00:00+00:00,180.0,1.736
SIMULATION_FORCING,1013.0,0.0,72.437,0.0,SYNTHETIC,25.92,2026-07-19T20:00:00+00:00,180.0,2.447
SIMULATION_FORCING,1013.0,0.0,72.013,0.0,SYNTHETIC,24.626,2026-07-19T21:00:00+00:00,180.0,1.514
SIMULATION_FORCING,1013.0,0.0,73.897,0.0,SYNTHETIC,23.42,2026-07-19T22:00:00+00:00,180.0,1.596
SIMULATION_FORCING,1013.0,0.0,70.726,0.0,SYNTHETIC,22.385,2026-07-19T23:00:00+00:00,180.0,1.753
SIMULATION_FORCING,1013.0,0.0,73.353,0.0,SYNTHETIC,21.515,2026-07-20T00:00:00+00:00,180.0,1.561
SIMULATION_FORCING,1013.0,0.0,70.171,0.0,SYNTHETIC,21.016,2026-07-20T01:00:00+00:00,180.0,2.345
SIMULATION_FORCING,1013.0,0.0,72.374,0.0,SYNTHETIC,20.845,2026-07-20T02:00:00+00:00,180.0,1.548
SIMULATION_FORCING,1013.0,0.0,71.929,0.0,SYNTHETIC,21.016,2026-07-20T03:00:00+00:00,180.0,2.079
SIMULATION_FORCING,1013.0,0.0,73.212,0.0,SYNTHETIC,21.515,2026-07-20T04:00:00+00:00,180.0,2.159
SIMULATION_FORCING,1013.0,0.0,73.939,0.0,SYNTHETIC,22.31,2026-07-20T05:00:00+00:00,180.0,2.321
SIMULATION_FORCING,1013.0,0.0,72.885,0.0,SYNTHETIC,23.345,2026-07-20T06:00:00+00:00,180.0,1.831
SIMULATION_FORCING,1013.0,0.0,66.998,219.996,SYNTHETIC,24.551,2026-07-20T07:00:00+00:00,180.0,1.717
SIMULATION_FORCING,1013.0,0.0,64.454,425.0,SYNTHETIC,25.845,2026-07-20T08:00:00+00:00,180.0,2.0
SIMULATION_FORCING,1013.0,0.0,58.339,601.041,SYNTHETIC,27.139,2026-07-20T09:00:00+00:00,180.0,2.354
SIMULATION_FORCING,1013.0,0.0,58.171,736.122,SYNTHETIC,28.345,2026-07-20T10:00:00+00:00,180.0,1.811
SIMULATION_FORCING,1013.0,0.0,55.097,821.037,SYNTHETIC,29.381,2026-07-20T11:00:00+00:00,180.0,1.996
SIMULATION_FORCING,1013.0,0.0,54.487,850.0,SYNTHETIC,30.175,2026-07-20T12:00:00+00:00,180.0,2.072
SIMULATION_FORCING,1013.0,0.0,55.193,821.037,SYNTHETIC,30.675,2026-07-20T13:00:00+00:00,180.0,2.431
SIMULATION_FORCING,1013.0,0.0,55.934,736.122,SYNTHETIC,30.845,2026-07-20T14:00:00+00:00,180.0,1.586
SIMULATION_FORCING,1013.0,0.0,59.156,601.041,SYNTHETIC,30.675,2026-07-20T15:00:00+00:00,180.0,2.42
SIMULATION_FORCING,1013.0,0.0,62.705,425.0,SYNTHETIC,30.175,2026-07-20T16:00:00+00:00,180.0,1.696
SIMULATION_FORCING,1013.0,0.0,66.34,219.996,SYNTHETIC,29.381,2026-07-20T17:00:00+00:00,180.0,2.34
SIMULATION_FORCING,1013.0,0.0,70.541,0.0,SYNTHETIC,28.345,2026-07-20T18:00:00+00:00,180.0,1.815
SIMULATION_FORCING,1013.0,0.0,73.058,0.0,SYNTHETIC,27.139,2026-07-20T19:00:00+00:00,180.0,1.945
SIMULATION_FORCING,1013.0,0.0,73.749,0.0,SYNTHETIC,25.845,2026-07-20T20:00:00+00:00,180.0,1.996
SIMULATION_FORCING,1013.0,0.0,70.388,0.0,SYNTHETIC,24.551,2026-07-20T21:00:00+00:00,180.0,2.254
SIMULATION_FORCING,1013.0,0.0,70.678,0.0,SYNTHETIC,23.345,2026-07-20T22:00:00+00:00,180.0,1.567
SIMULATION_FORCING,1013.0,0.0,72.059,0.0,SYNTHETIC,22.31,2026-07-20T23:00:00+00:00,180.0,2.23
SIMULATION_FORCING,1013.0,0.0,73.885,0.0,SYNTHETIC,21.438,2026-07-21T00:00:00+00:00,180.0,2.368
SIMULATION_FORCING,1013.0,0.0,70.166,0.0,SYNTHETIC,20.939,2026-07-21T01:00:00+00:00,180.0,1.866
SIMULATION_FORCING,1013.0,0.0,71.058,0.0,SYNTHETIC,20.768,2026-07-21T02:00:00+00:00,180.0,1.751
SIMULATION_FORCING,1013.0,0.0,71.822,0.0,SYNTHETIC,20.939,2026-07-21T03:00:00+00:00,180.0,2.118
SIMULATION_FORCING,1013.0,0.0,70.394,0.0,SYNTHETIC,21.438,2026-07-21T04:00:00+00:00,180.0,2.49
SIMULATION_FORCING,1013.0,0.0,72.828,0.0,SYNTHETIC,22.233,2026-07-21T05:00:00+00:00,180.0,2.347
SIMULATION_FORCING,1013.0,0.0,70.05,0.0,SYNTHETIC,23.268,2026-07-21T06:00:00+00:00,180.0,1.68
SIMULATION_FORCING,1013.0,0.0,66.004,219.996,SYNTHETIC,24.474,2026-07-21T07:00:00+00:00,180.0,2.099
SIMULATION_FORCING,1013.0,0.0,64.677,425.0,SYNTHETIC,25.768,2026-07-21T08:00:00+00:00,180.0,1.864
SIMULATION_FORCING,1013.0,0.0,58.344,601.041,SYNTHETIC,27.062,2026-07-21T09:00:00+00:00,180.0,1.739
SIMULATION_FORCING,1013.0,0.0,55.0,736.122,SYNTHETIC,28.268,2026-07-21T10:00:00+00:00,180.0,2.309
SIMULATION_FORCING,1013.0,0.0,53.244,821.037,SYNTHETIC,29.304,2026-07-21T11:00:00+00:00,180.0,1.583
SIMULATION_FORCING,1013.0,0.0,55.894,850.0,SYNTHETIC,30.098,2026-07-21T12:00:00+00:00,180.0,2.373
SIMULATION_FORCING,1013.0,0.0,56.569,821.037,SYNTHETIC,30.598,2026-07-21T13:00:00+00:00,180.0,1.603
SIMULATION_FORCING,1013.0,0.0,54.498,736.122,SYNTHETIC,30.768,2026-07-21T14:00:00+00:00,180.0,1.779
SIMULATION_FORCING,1013.0,0.0,59.093,601.041,SYNTHETIC,30.598,2026-07-21T15:00:00+00:00,180.0,2.148
SIMULATION_FORCING,1013.0,0.0,63.768,425.0,SYNTHETIC,30.098,2026-07-21T16:00:00+00:00,180.0,2.396
SIMULATION_FORCING,1013.0,0.0,67.395,219.996,SYNTHETIC,29.304,2026-07-21T17:00:00+00:00,180.0,2.013
SIMULATION_FORCING,1013.0,0.0,72.879,0.0,SYNTHETIC,28.268,2026-07-21T18:00:00+00:00,180.0,1.571
SIMULATION_FORCING,1013.0,0.0,70.971,0.0,SYNTHETIC,27.062,2026-07-21T19:00:00+00:00,180.0,1.577
SIMULATION_FORCING,1013.0,0.0,73.877,0.0,SYNTHETIC,25.768,2026-07-21T20:00:00+00:00,180.0,2.093
SIMULATION_FORCING,1013.0,0.0,70.4,0.0,SYNTHETIC,24.474,2026-07-21T21:00:00+00:00,180.0,2.316
SIMULATION_FORCING,1013.0,0.0,73.483,0.0,SYNTHETIC,23.268,2026-07-21T22:00:00+00:00,180.0,2.363
SIMULATION_FORCING,1013.0,0.0,73.196,0.0,SYNTHETIC,22.233,2026-07-21T23:00:00+00:00,180.0,2.269
SIMULATION_FORCING,1013.0,0.0,73.966,0.0,SYNTHETIC,21.359,2026-07-22T00:00:00+00:00,180.0,2.157
SIMULATION_FORCING,1013.0,0.0,73.262,0.0,SYNTHETIC,20.859,2026-07-22T01:00:00+00:00,180.0,2.208
SIMULATION_FORCING,1013.0,0.0,71.98,0.0,SYNTHETIC,20.689,2026-07-22T02:00:00+00:00,180.0,1.886
SIMULATION_FORCING,1013.0,0.0,72.713,0.0,SYNTHETIC,20.859,2026-07-22T03:00:00+00:00,180.0,2.45
SIMULATION_FORCING,1013.0,0.0,73.425,0.0,SYNTHETIC,21.359,2026-07-22T04:00:00+00:00,180.0,2.107
SIMULATION_FORCING,1013.0,0.0,71.2,0.0,SYNTHETIC,22.153,2026-07-22T05:00:00+00:00,180.0,2.065
SIMULATION_FORCING,1013.0,0.0,71.045,0.0,SYNTHETIC,23.189,2026-07-22T06:00:00+00:00,180.0,1.559
SIMULATION_FORCING,1013.0,0.0,65.707,219.996,SYNTHETIC,24.395,2026-07-22T07:00:00+00:00,180.0,2.359
SIMULATION_FORCING,1013.0,0.0,64.201,425.0,SYNTHETIC,25.689,2026-07-22T08:00:00+00:00,180.0,1.752
SIMULATION_FORCING,1013.0,0.0,60.017,601.041,SYNTHETIC,26.983,2026-07-22T09:00:00+00:00,180.0,2.183
SIMULATION_FORCING,1013.0,0.0,57.126,736.122,SYNTHETIC,28.189,2026-07-22T10:00:00+00:00,180.0,2.164
SIMULATION_FORCING,1013.0,0.0,56.448,821.037,SYNTHETIC,29.224,2026-07-22T11:00:00+00:00,180.0,2.399
SIMULATION_FORCING,1013.0,0.0,54.575,850.0,SYNTHETIC,30.019,2026-07-22T12:00:00+00:00,180.0,1.689
SIMULATION_FORCING,1013.0,0.0,54.451,821.037,SYNTHETIC,30.519,2026-07-22T13:00:00+00:00,180.0,1.728
SIMULATION_FORCING,1013.0,0.0,56.342,736.122,SYNTHETIC,30.689,2026-07-22T14:00:00+00:00,180.0,1.602
SIMULATION_FORCING,1013.0,0.0,57.817,601.041,SYNTHETIC,30.519,2026-07-22T15:00:00+00:00,180.0,2.456
SIMULATION_FORCING,1013.0,0.0,63.625,425.0,SYNTHETIC,30.019,2026-07-22T16:00:00+00:00,180.0,1.785
SIMULATION_FORCING,1013.0,0.0,67.564,219.996,SYNTHETIC,29.224,2026-07-22T17:00:00+00:00,180.0,1.832
SIMULATION_FORCING,1013.0,0.0,72.78,0.0,SYNTHETIC,28.189,2026-07-22T18:00:00+00:00,180.0,2.158
SIMULATION_FORCING,1013.0,0.0,70.913,0.0,SYNTHETIC,26.983,2026-07-22T19:00:00+00:00,180.0,1.527
SIMULATION_FORCING,1013.0,0.0,70.831,0.0,SYNTHETIC,25.689,2026-07-22T20:00:00+00:00,180.0,1.993
SIMULATION_FORCING,1013.0,0.0,73.635,0.0,SYNTHETIC,24.395,2026-07-22T21:00:00+00:00,180.0,2.108
SIMULATION_FORCING,1013.0,0.0,73.875,0.0,SYNTHETIC,23.189,2026-07-22T22:00:00+00:00,180.0,2.116
SIMULATION_FORCING,1013.0,0.0,72.243,0.0,SYNTHETIC,22.153,2026-07-22T23:00:00+00:00,180.0,1.9
SIMULATION_FORCING,1013.0,0.0,73.32,0.0,SYNTHETIC,21.277,2026-07-23T00:00:00+00:00,180.0,1.629
SIMULATION_FORCING,1013.0,0.0,70.919,0.0,SYNTHETIC,20.778,2026-07-23T01:00:00+00:00,180.0,1.963
SIMULATION_FORCING,1013.0,0.0,72.361,0.0,SYNTHETIC,20.607,2026-07-23T02:00:00+00:00,180.0,1.605
SIMULATION_FORCING,1013.0,0.0,71.105,0.0,SYNTHETIC,20.778,2026-07-23T03:00:00+00:00,180.0,1.813
SIMULATION_FORCING,1013.0,0.0,70.157,0.0,SYNTHETIC,21.277,2026-07-23T04:00:00+00:00,180.0,1.986
SIMULATION_FORCING,1013.0,0.0,71.105,0.0,SYNTHETIC,22.072,2026-07-23T05:00:00+00:00,180.0,1.642
SIMULATION_FORCING,1013.0,0.0,72.538,0.0,SYNTHETIC,23.107,2026-07-23T06:00:00+00:00,180.0,1.65
SIMULATION_FORCING,1013.0,0.0,66.201,219.996,SYNTHETIC,24.313,2026-07-23T07:00:00+00:00,180.0,1.864
SIMULATION_FORCING,1013.0,0.0,61.196,425.0,SYNTHETIC,25.607,2026-07-23T08:00:00+00:00,180.0,1.95
SIMULATION_FORCING,1013.0,0.0,58.4,601.041,SYNTHETIC,26.901,2026-07-23T09:00:00+00:00,180.0,2.325
SIMULATION_FORCING,1013.0,0.0,56.078,736.122,SYNTHETIC,28.107,2026-07-23T10:00:00+00:00,180.0,2.023
SIMULATION_FORCING,1013.0,0.0,54.008,821.037,SYNTHETIC,29.143,2026-07-23T11:00:00+00:00,180.0,1.545
SIMULATION_FORCING,1013.0,0.0,52.039,850.0,SYNTHETIC,29.937,2026-07-23T12:00:00+00:00,180.0,1.752
SIMULATION_FORCING,1013.0,0.0,53.347,821.037,SYNTHETIC,30.437,2026-07-23T13:00:00+00:00,180.0,1.557
SIMULATION_FORCING,1013.0,0.0,54.944,736.122,SYNTHETIC,30.607,2026-07-23T14:00:00+00:00,180.0,1.585
SIMULATION_FORCING,1013.0,0.0,60.544,601.041,SYNTHETIC,30.437,2026-07-23T15:00:00+00:00,180.0,1.733
SIMULATION_FORCING,1013.0,0.0,64.278,425.0,SYNTHETIC,29.937,2026-07-23T16:00:00+00:00,180.0,2.055
SIMULATION_FORCING,1013.0,0.0,67.739,219.996,SYNTHETIC,29.143,2026-07-23T17:00:00+00:00,180.0,1.813
SIMULATION_FORCING,1013.0,0.0,73.113,0.0,SYNTHETIC,28.107,2026-07-23T18:00:00+00:00,180.0,1.823
SIMULATION_FORCING,1013.0,0.0,72.618,0.0,SYNTHETIC,26.901,2026-07-23T19:00:00+00:00,180.0,2.044
SIMULATION_FORCING,1013.0,0.0,70.729,0.0,SYNTHETIC,25.607,2026-07-23T20:00:00+00:00,180.0,1.722
SIMULATION_FORCING,1013.0,0.0,70.246,0.0,SYNTHETIC,24.313,2026-07-23T21:00:00+00:00,180.0,2.112
SIMULATION_FORCING,1013.0,0.0,71.852,0.0,SYNTHETIC,23.107,2026-07-23T22:00:00+00:00,180.0,1.501
SIMULATION_FORCING,1013.0,0.0,72.514,0.0,SYNTHETIC,22.072,2026-07-23T23:00:00+00:00,180.0,1.665
SIMULATION_FORCING,1013.0,0.0,72.268,0.0,SYNTHETIC,21.193,2026-07-24T00:00:00+00:00,180.0,1.983
SIMULATION_FORCING,1013.0,0.0,73.417,0.0,SYNTHETIC,20.694,2026-07-24T01:00:00+00:00,180.0,2.18
SIMULATION_FORCING,1013.0,0.0,73.06,0.0,SYNTHETIC,20.523,2026-07-24T02:00:00+00:00,180.0,2.031
SIMULATION_FORCING,1013.0,0.0,72.147,0.0,SYNTHETIC,20.694,2026-07-24T03:00:00+00:00,180.0,2.267
SIMULATION_FORCING,1013.0,0.0,73.728,0.0,SYNTHETIC,21.193,2026-07-24T04:00:00+00:00,180.0,1.564
SIMULATION_FORCING,1013.0,0.0,72.718,0.0,SYNTHETIC,21.988,2026-07-24T05:00:00+00:00,180.0,1.711
SIMULATION_FORCING,1013.0,0.0,72.08,0.0,SYNTHETIC,23.023,2026-07-24T06:00:00+00:00,180.0,1.669
SIMULATION_FORCING,1013.0,0.0,68.131,219.996,SYNTHETIC,24.229,2026-07-24T07:00:00+00:00,180.0,1.588
SIMULATION_FORCING,1013.0,0.0,63.798,425.0,SYNTHETIC,25.523,2026-07-24T08:00:00+00:00,180.0,2.491
SIMULATION_FORCING,1013.0,0.0,57.324,601.041,SYNTHETIC,26.817,2026-07-24T09:00:00+00:00,180.0,2.411
SIMULATION_FORCING,1013.0,0.0,57.621,736.122,SYNTHETIC,28.023,2026-07-24T10:00:00+00:00,180.0,2.277
SIMULATION_FORCING,1013.0,0.0,55.222,821.037,SYNTHETIC,29.059,2026-07-24T11:00:00+00:00,180.0,2.028
SIMULATION_FORCING,1013.0,0.0,54.66,850.0,SYNTHETIC,29.853,2026-07-24T12:00:00+00:00,180.0,1.586
SIMULATION_FORCING,1013.0,0.0,52.77,821.037,SYNTHETIC,30.353,2026-07-24T13:00:00+00:00,180.0,1.924
SIMULATION_FORCING,1013.0,0.0,57.227,736.122,SYNTHETIC,30.523,2026-07-24T14:00:00+00:00,180.0,2.03
SIMULATION_FORCING,1013.0,0.0,58.911,601.041,SYNTHETIC,30.353,2026-07-24T15:00:00+00:00,180.0,1.816
SIMULATION_FORCING,1013.0,0.0,63.295,425.0,SYNTHETIC,29.853,2026-07-24T16:00:00+00:00,180.0,2.281
SIMULATION_FORCING,1013.0,0.0,68.792,219.996,SYNTHETIC,29.059,2026-07-24T17:00:00+00:00,180.0,1.501
SIMULATION_FORCING,1013.0,0.0,72.623,0.0,SYNTHETIC,28.023,2026-07-24T18:00:00+00:00,180.0,1.583
SIMULATION_FORCING,1013.0,0.0,73.832,0.0,SYNTHETIC,26.817,2026-07-24T19:00:00+00:00,180.0,2.275
SIMULATION_FORCING,1013.0,0.0,70.572,0.0,SYNTHETIC,25.523,2026-07-24T20:00:00+00:00,180.0,2.347
SIMULATION_FORCING,1013.0,0.0,71.474,0.0,SYNTHETIC,24.229,2026-07-24T21:00:00+00:00,180.0,2.257
SIMULATION_FORCING,1013.0,0.0,72.569,0.0,SYNTHETIC,23.023,2026-07-24T22:00:00+00:00,180.0,2.012
SIMULATION_FORCING,1013.0,0.0,71.091,0.0,SYNTHETIC,21.988,2026-07-24T23:00:00+00:00,180.0,1.758
SIMULATION_FORCING,1013.0,0.0,73.9,0.0,SYNTHETIC,21.107,2026-07-25T00:00:00+00:00,180.0,1.905
SIMULATION_FORCING,1013.0,0.0,73.535,0.0,SYNTHETIC,20.608,2026-07-25T01:00:00+00:00,180.0,1.889
SIMULATION_FORCING,1013.0,0.0,71.202,0.0,SYNTHETIC,20.437,2026-07-25T02:00:00+00:00,180.0,2.078
SIMULATION_FORCING,1013.0,0.0,71.211,0.0,SYNTHETIC,20.608,2026-07-25T03:00:00+00:00,180.0,2.134
SIMULATION_FORCING,1013.0,0.0,72.933,0.0,SYNTHETIC,21.107,2026-07-25T04:00:00+00:00,180.0,1.593
SIMULATION_FORCING,1013.0,0.0,72.113,0.0,SYNTHETIC,21.902,2026-07-25T05:00:00+00:00,180.0,1.838
SIMULATION_FORCING,1013.0,0.0,71.989,0.0,SYNTHETIC,22.937,2026-07-25T06:00:00+00:00,180.0,2.151
SIMULATION_FORCING,1013.0,0.0,68.746,219.996,SYNTHETIC,24.143,2026-07-25T07:00:00+00:00,180.0,1.956
SIMULATION_FORCING,1013.0,0.0,63.416,425.0,SYNTHETIC,25.437,2026-07-25T08:00:00+00:00,180.0,1.814
SIMULATION_FORCING,1013.0,0.0,59.805,601.041,SYNTHETIC,26.731,2026-07-25T09:00:00+00:00,180.0,1.859
SIMULATION_FORCING,1013.0,0.0,57.035,736.122,SYNTHETIC,27.937,2026-07-25T10:00:00+00:00,180.0,2.449
SIMULATION_FORCING,1013.0,0.0,54.449,821.037,SYNTHETIC,28.973,2026-07-25T11:00:00+00:00,180.0,1.527
SIMULATION_FORCING,1013.0,0.0,52.997,850.0,SYNTHETIC,29.767,2026-07-25T12:00:00+00:00,180.0,2.054
SIMULATION_FORCING,1013.0,0.0,55.526,821.037,SYNTHETIC,30.267,2026-07-25T13:00:00+00:00,180.0,1.624
SIMULATION_FORCING,1013.0,0.0,55.074,736.122,SYNTHETIC,30.437,2026-07-25T14:00:00+00:00,180.0,2.019
SIMULATION_FORCING,1013.0,0.0,58.14,601.041,SYNTHETIC,30.267,2026-07-25T15:00:00+00:00,180.0,2.014
SIMULATION_FORCING,1013.0,0.0,62.047,425.0,SYNTHETIC,29.767,2026-07-25T16:00:00+00:00,180.0,2.077
SIMULATION_FORCING,1013.0,0.0,66.293,219.996,SYNTHETIC,28.973,2026-07-25T17:00:00+00:00,180.0,2.211
SIMULATION_FORCING,1013.0,0.0,73.076,0.0,SYNTHETIC,27.937,2026-07-25T18:00:00+00:00,180.0,2.065
SIMULATION_FORCING,1013.0,0.0,72.087,0.0,SYNTHETIC,26.731,2026-07-25T19:00:00+00:00,180.0,1.772
SIMULATION_FORCING,1013.0,0.0,70.321,0.0,SYNTHETIC,25.437,2026-07-25T20:00:00+00:00,180.0,1.518
SIMULATION_FORCING,1013.0,0.0,70.554,0.0,SYNTHETIC,24.143,2026-07-25T21:00:00+00:00,180.0,2.234
SIMULATION_FORCING,1013.0,0.0,70.071,0.0,SYNTHETIC,22.937,2026-07-25T22:00:00+00:00,180.0,1.976
SIMULATION_FORCING,1013.0,0.0,72.818,0.0,SYNTHETIC,21.902,2026-07-25T23:00:00+00:00,180.0,1.931
SIMULATION_FORCING,1013.0,0.0,71.882,0.0,SYNTHETIC,21.019,2026-07-26T00:00:00+00:00,180.0,2.185
SIMULATION_FORCING,1013.0,0.0,70.13,0.0,SYNTHETIC,20.519,2026-07-26T01:00:00+00:00,180.0,2.191
SIMULATION_FORCING,1013.0,0.0,73.933,0.0,SYNTHETIC,20.349,2026-07-26T02:00:00+00:00,180.0,2.283
SIMULATION_FORCING,1013.0,0.0,70.127,0.0,SYNTHETIC,20.519,2026-07-26T03:00:00+00:00,180.0,2.443
SIMULATION_FORCING,1013.0,0.0,70.49,0.0,SYNTHETIC,21.019,2026-07-26T04:00:00+00:00,180.0,1.935
SIMULATION_FORCING,1013.0,0.0,70.537,0.0,SYNTHETIC,21.813,2026-07-26T05:00:00+00:00,180.0,2.498
SIMULATION_FORCING,1013.0,0.0,71.867,0.0,SYNTHETIC,22.849,2026-07-26T06:00:00+00:00,180.0,1.893
SIMULATION_FORCING,1013.0,0.0,67.679,219.996,SYNTHETIC,24.055,2026-07-26T07:00:00+00:00,180.0,1.702
SIMULATION_FORCING,1013.0,0.0,61.464,425.0,SYNTHETIC,25.349,2026-07-26T08:00:00+00:00,180.0,1.604
SIMULATION_FORCING,1013.0,0.0,57.414,601.041,SYNTHETIC,26.643,2026-07-26T09:00:00+00:00,180.0,1.591
SIMULATION_FORCING,1013.0,0.0,57.385,736.122,SYNTHETIC,27.849,2026-07-26T10:00:00+00:00,180.0,1.885
SIMULATION_FORCING,1013.0,0.0,55.119,821.037,SYNTHETIC,28.884,2026-07-26T11:00:00+00:00,180.0,2.194
SIMULATION_FORCING,1013.0,0.0,53.205,850.0,SYNTHETIC,29.679,2026-07-26T12:00:00+00:00,180.0,1.965
SIMULATION_FORCING,1013.0,0.0,55.871,821.037,SYNTHETIC,30.178,2026-07-26T13:00:00+00:00,180.0,1.69
SIMULATION_FORCING,1013.0,0.0,57.211,736.122,SYNTHETIC,30.349,2026-07-26T14:00:00+00:00,180.0,1.782
SIMULATION_FORCING,1013.0,0.0,58.452,601.041,SYNTHETIC,30.178,2026-07-26T15:00:00+00:00,180.0,1.838
SIMULATION_FORCING,1013.0,0.0,62.307,425.0,SYNTHETIC,29.679,2026-07-26T16:00:00+00:00,180.0,1.9
SIMULATION_FORCING,1013.0,0.0,65.986,219.996,SYNTHETIC,28.884,2026-07-26T17:00:00+00:00,180.0,1.906
SIMULATION_FORCING,1013.0,0.0,71.451,0.0,SYNTHETIC,27.849,2026-07-26T18:00:00+00:00,180.0,2.447
SIMULATION_FORCING,1013.0,0.0,71.349,0.0,SYNTHETIC,26.643,2026-07-26T19:00:00+00:00,180.0,1.91
SIMULATION_FORCING,1013.0,0.0,70.527,0.0,SYNTHETIC,25.349,2026-07-26T20:00:00+00:00,180.0,1.823
SIMULATION_FORCING,1013.0,0.0,73.322,0.0,SYNTHETIC,24.055,2026-07-26T21:00:00+00:00,180.0,2.238
SIMULATION_FORCING,1013.0,0.0,72.343,0.0,SYNTHETIC,22.849,2026-07-26T22:00:00+00:00,180.0,1.969
SIMULATION_FORCING,1013.0,0.0,70.82,0.0,SYNTHETIC,21.813,2026-07-26T23:00:00+00:00,180.0,1.969
SIMULATION_FORCING,1013.0,0.0,70.421,0.0,SYNTHETIC,20.928,2026-07-27T00:00:00+00:00,180.0,2.293
SIMULATION_FORCING,1013.0,0.0,70.72,0.0,SYNTHETIC,20.429,2026-07-27T01:00:00+00:00,180.0,1.976
SIMULATION_FORCING,1013.0,0.0,70.056,0.0,SYNTHETIC,20.258,2026-07-27T02:00:00+00:00,180.0,2.037
SIMULATION_FORCING,1013.0,0.0,70.567,0.0,SYNTHETIC,20.429,2026-07-27T03:00:00+00:00,180.0,2.163
SIMULATION_FORCING,1013.0,0.0,73.768,0.0,SYNTHETIC,20.928,2026-07-27T04:00:00+00:00,180.0,2.301
SIMULATION_FORCING,1013.0,0.0,72.846,0.0,SYNTHETIC,21.723,2026-07-27T05:00:00+00:00,180.0,2.386
SIMULATION_FORCING,1013.0,0.0,73.407,0.0,SYNTHETIC,22.758,2026-07-27T06:00:00+00:00,180.0,1.876
SIMULATION_FORCING,1013.0,0.0,66.758,219.996,SYNTHETIC,23.964,2026-07-27T07:00:00+00:00,180.0,2.416
SIMULATION_FORCING,1013.0,0.0,61.421,425.0,SYNTHETIC,25.258,2026-07-27T08:00:00+00:00,180.0,1.523
SIMULATION_FORCING,1013.0,0.0,60.123,601.041,SYNTHETIC,26.552,2026-07-27T09:00:00+00:00,180.0,2.297
SIMULATION_FORCING,1013.0,0.0,55.181,736.122,SYNTHETIC,27.758,2026-07-27T10:00:00+00:00,180.0,1.788
SIMULATION_FORCING,1013.0,0.0,55.581,821.037,SYNTHETIC,28.794,2026-07-27T11:00:00+00:00,180.0,1.51
SIMULATION_FORCING,1013.0,0.0,54.823,850.0,SYNTHETIC,29.588,2026-07-27T12:00:00+00:00,180.0,2.057
SIMULATION_FORCING,1013.0,0.0,55.415,821.037,SYNTHETIC,30.088,2026-07-27T13:00:00+00:00,180.0,2.112
SIMULATION_FORCING,1013.0,0.0,55.298,736.122,SYNTHETIC,30.258,2026-07-27T14:00:00+00:00,180.0,2.035
SIMULATION_FORCING,1013.0,0.0,59.694,601.041,SYNTHETIC,30.088,2026-07-27T15:00:00+00:00,180.0,2.008
SIMULATION_FORCING,1013.0,0.0,64.556,425.0,SYNTHETIC,29.588,2026-07-27T16:00:00+00:00,180.0,1.53
SIMULATION_FORCING,1013.0,0.0,65.428,219.996,SYNTHETIC,28.794,2026-07-27T17:00:00+00:00,180.0,2.066
SIMULATION_FORCING,1013.0,0.0,73.236,0.0,SYNTHETIC,27.758,2026-07-27T18:00:00+00:00,180.0,2.255
SIMULATION_FORCING,1013.0,0.0,70.894,0.0,SYNTHETIC,26.552,2026-07-27T19:00:00+00:00,180.0,2.155
SIMULATION_FORCING,1013.0,0.0,72.458,0.0,SYNTHETIC,25.258,2026-07-27T20:00:00+00:00,180.0,2.275
SIMULATION_FORCING,1013.0,0.0,73.936,0.0,SYNTHETIC,23.964,2026-07-27T21:00:00+00:00,180.0,1.791
SIMULATION_FORCING,1013.0,0.0,70.279,0.0,SYNTHETIC,22.758,2026-07-27T22:00:00+00:00,180.0,2.182
SIMULATION_FORCING,1013.0,0.0,71.879,0.0,SYNTHETIC,21.723,2026-07-27T23:00:00+00:00,180.0,2.235
SIMULATION_FORCING,1013.0,0.0,71.081,0.0,SYNTHETIC,20.836,2026-07-28T00:00:00+00:00,180.0,1.976
SIMULATION_FORCING,1013.0,0.0,72.559,0.0,SYNTHETIC,20.336,2026-07-28T01:00:00+00:00,180.0,1.522
SIMULATION_FORCING,1013.0,0.0,71.319,0.0,SYNTHETIC,20.166,2026-07-28T02:00:00+00:00,180.0,2.29
SIMULATION_FORCING,1013.0,0.0,73.836,0.0,SYNTHETIC,20.336,2026-07-28T03:00:00+00:00,180.0,1.875
SIMULATION_FORCING,1013.0,0.0,71.326,0.0,SYNTHETIC,20.836,2026-07-28T04:00:00+00:00,180.0,2.079
SIMULATION_FORCING,1013.0,0.0,70.26,0.0,SYNTHETIC,21.63,2026-07-28T05:00:00+00:00,180.0,1.839
SIMULATION_FORCING,1013.0,0.0,73.393,0.0,SYNTHETIC,22.666,2026-07-28T06:00:00+00:00,180.0,2.425
SIMULATION_FORCING,1013.0,0.0,67.485,219.996,SYNTHETIC,23.872,2026-07-28T07:00:00+00:00,180.0,2.156
SIMULATION_FORCING,1013.0,0.0,61.71,425.0,SYNTHETIC,25.166,2026-07-28T08:00:00+00:00,180.0,2.465
SIMULATION_FORCING,1013.0,0.0,58.254,601.041,SYNTHETIC,26.46,2026-07-28T09:00:00+00:00,180.0,1.837
SIMULATION_FORCING,1013.0,0.0,57.922,736.122,SYNTHETIC,27.666,2026-07-28T10:00:00+00:00,180.0,1.981
SIMULATION_FORCING,1013.0,0.0,52.85,821.037,SYNTHETIC,28.701,2026-07-28T11:00:00+00:00,180.0,2.05
SIMULATION_FORCING,1013.0,0.0,54.285,850.0,SYNTHETIC,29.496,2026-07-28T12:00:00+00:00,180.0,2.331
SIMULATION_FORCING,1013.0,0.0,53.324,821.037,SYNTHETIC,29.995,2026-07-28T13:00:00+00:00,180.0,1.56
SIMULATION_FORCING,1013.0,0.0,57.682,736.122,SYNTHETIC,30.166,2026-07-28T14:00:00+00:00,180.0,2.27
SIMULATION_FORCING,1013.0,0.0,60.682,601.041,SYNTHETIC,29.995,2026-07-28T15:00:00+00:00,180.0,2.176
SIMULATION_FORCING,1013.0,0.0,62.034,425.0,SYNTHETIC,29.496,2026-07-28T16:00:00+00:00,180.0,2.376
SIMULATION_FORCING,1013.0,0.0,67.561,219.996,SYNTHETIC,28.701,2026-07-28T17:00:00+00:00,180.0,1.797
SIMULATION_FORCING,1013.0,0.0,72.53,0.0,SYNTHETIC,27.666,2026-07-28T18:00:00+00:00,180.0,2.161
SIMULATION_FORCING,1013.0,0.0,71.407,0.0,SYNTHETIC,26.46,2026-07-28T19:00:00+00:00,180.0,2.172
SIMULATION_FORCING,1013.0,0.0,73.014,0.0,SYNTHETIC,25.166,2026-07-28T20:00:00+00:00,180.0,1.518
SIMULATION_FORCING,1013.0,0.0,71.845,0.0,SYNTHETIC,23.872,2026-07-28T21:00:00+00:00,180.0,1.872
SIMULATION_FORCING,1013.0,0.0,73.875,0.0,SYNTHETIC,22.666,2026-07-28T22:00:00+00:00,180.0,2.115
SIMULATION_FORCING,1013.0,0.0,71.765,0.0,SYNTHETIC,21.63,2026-07-28T23:00:00+00:00,180.0,1.842
SIMULATION_FORCING,1013.0,0.0,72.214,0.0,SYNTHETIC,20.741,2026-07-29T00:00:00+00:00,180.0,1.78
SIMULATION_FORCING,1013.0,0.0,71.256,0.0,SYNTHETIC,20.241,2026-07-29T01:00:00+00:00,180.0,2.135
SIMULATION_FORCING,1013.0,0.0,70.746,0.0,SYNTHETIC,20.071,2026-07-29T02:00:00+00:00,180.0,1.561
SIMULATION_FORCING,1013.0,0.0,70.935,0.0,SYNTHETIC,20.241,2026-07-29T03:00:00+00:00,180.0,1.743
SIMULATION_FORCING,1013.0,0.0,70.124,0.0,SYNTHETIC,20.741,2026-07-29T04:00:00+00:00,180.0,2.072
SIMULATION_FORCING,1013.0,0.0,72.923,0.0,SYNTHETIC,21.535,2026-07-29T05:00:00+00:00,180.0,2.307
SIMULATION_FORCING,1013.0,0.0,71.763,0.0,SYNTHETIC,22.571,2026-07-29T06:00:00+00:00,180.0,1.77
SIMULATION_FORCING,1013.0,0.0,65.549,219.996,SYNTHETIC,23.777,2026-07-29T07:00:00+00:00,180.0,1.573
SIMULATION_FORCING,1013.0,0.0,64.73,425.0,SYNTHETIC,25.071,2026-07-29T08:00:00+00:00,180.0,2.48
SIMULATION_FORCING,1013.0,0.0,58.44,601.041,SYNTHETIC,26.365,2026-07-29T09:00:00+00:00,180.0,2.389
SIMULATION_FORCING,1013.0,0.0,58.273,736.122,SYNTHETIC,27.571,2026-07-29T10:00:00+00:00,180.0,1.551
SIMULATION_FORCING,1013.0,0.0,55.164,821.037,SYNTHETIC,28.606,2026-07-29T11:00:00+00:00,180.0,1.919
SIMULATION_FORCING,1013.0,0.0,54.3,850.0,SYNTHETIC,29.401,2026-07-29T12:00:00+00:00,180.0,2.082
SIMULATION_FORCING,1013.0,0.0,52.615,821.037,SYNTHETIC,29.9,2026-07-29T13:00:00+00:00,180.0,2.445
SIMULATION_FORCING,1013.0,0.0,54.437,736.122,SYNTHETIC,30.071,2026-07-29T14:00:00+00:00,180.0,1.798
SIMULATION_FORCING,1013.0,0.0,59.131,601.041,SYNTHETIC,29.9,2026-07-29T15:00:00+00:00,180.0,2.046
SIMULATION_FORCING,1013.0,0.0,64.682,425.0,SYNTHETIC,29.401,2026-07-29T16:00:00+00:00,180.0,1.969
SIMULATION_FORCING,1013.0,0.0,68.805,219.996,SYNTHETIC,28.606,2026-07-29T17:00:00+00:00,180.0,1.982
SIMULATION_FORCING,1013.0,0.0,73.832,0.0,SYNTHETIC,27.571,2026-07-29T18:00:00+00:00,180.0,2.306
SIMULATION_FORCING,1013.0,0.0,72.572,0.0,SYNTHETIC,26.365,2026-07-29T19:00:00+00:00,180.0,2.042
SIMULATION_FORCING,1013.0,0.0,70.297,0.0,SYNTHETIC,25.071,2026-07-29T20:00:00+00:00,180.0,1.546
SIMULATION_FORCING,1013.0,0.0,70.82,0.0,SYNTHETIC,23.777,2026-07-29T21:00:00+00:00,180.0,2.269
SIMULATION_FORCING,1013.0,0.0,71.915,0.0,SYNTHETIC,22.571,2026-07-29T22:00:00+00:00,180.0,1.918
SIMULATION_FORCING,1013.0,0.0,70.065,0.0,SYNTHETIC,21.535,2026-07-29T23:00:00+00:00,180.0,2.139
SIMULATION_FORCING,1013.0,0.0,72.638,0.0,SYNTHETIC,20.644,2026-07-30T00:00:00+00:00,180.0,2.396
SIMULATION_FORCING,1013.0,0.0,70.217,0.0,SYNTHETIC,20.144,2026-07-30T01:00:00+00:00,180.0,2.248
SIMULATION_FORCING,1013.0,0.0,70.93,0.0,SYNTHETIC,19.974,2026-07-30T02:00:00+00:00,180.0,2.101
SIMULATION_FORCING,1013.0,0.0,72.837,0.0,SYNTHETIC,20.144,2026-07-30T03:00:00+00:00,180.0,2.064
SIMULATION_FORCING,1013.0,0.0,73.264,0.0,SYNTHETIC,20.644,2026-07-30T04:00:00+00:00,180.0,2.215
SIMULATION_FORCING,1013.0,0.0,71.565,0.0,SYNTHETIC,21.438,2026-07-30T05:00:00+00:00,180.0,1.678
SIMULATION_FORCING,1013.0,0.0,71.593,0.0,SYNTHETIC,22.474,2026-07-30T06:00:00+00:00,180.0,1.912
SIMULATION_FORCING,1013.0,0.0,68.381,219.996,SYNTHETIC,23.68,2026-07-30T07:00:00+00:00,180.0,2.24
SIMULATION_FORCING,1013.0,0.0,63.74,425.0,SYNTHETIC,24.974,2026-07-30T08:00:00+00:00,180.0,1.632
SIMULATION_FORCING,1013.0,0.0,58.96,601.041,SYNTHETIC,26.268,2026-07-30T09:00:00+00:00,180.0,1.604
SIMULATION_FORCING,1013.0,0.0,54.826,736.122,SYNTHETIC,27.474,2026-07-30T10:00:00+00:00,180.0,1.529
SIMULATION_FORCING,1013.0,0.0,56.414,821.037,SYNTHETIC,28.509,2026-07-30T11:00:00+00:00,180.0,1.999
SIMULATION_FORCING,1013.0,0.0,54.144,850.0,SYNTHETIC,29.304,2026-07-30T12:00:00+00:00,180.0,1.73
SIMULATION_FORCING,1013.0,0.0,53.97,821.037,SYNTHETIC,29.804,2026-07-30T13:00:00+00:00,180.0,1.758
SIMULATION_FORCING,1013.0,0.0,55.014,736.122,SYNTHETIC,29.974,2026-07-30T14:00:00+00:00,180.0,1.968
SIMULATION_FORCING,1013.0,0.0,57.985,601.041,SYNTHETIC,29.804,2026-07-30T15:00:00+00:00,180.0,1.768
SIMULATION_FORCING,1013.0,0.0,64.171,425.0,SYNTHETIC,29.304,2026-07-30T16:00:00+00:00,180.0,2.058
SIMULATION_FORCING,1013.0,0.0,67.276,219.996,SYNTHETIC,28.509,2026-07-30T17:00:00+00:00,180.0,1.693
SIMULATION_FORCING,1013.0,0.0,72.704,0.0,SYNTHETIC,27.474,2026-07-30T18:00:00+00:00,180.0,2.064
SIMULATION_FORCING,1013.0,0.0,73.507,0.0,SYNTHETIC,26.268,2026-07-30T19:00:00+00:00,180.0,2.098
SIMULATION_FORCING,1013.0,0.0,73.568,0.0,SYNTHETIC,24.974,2026-07-30T20:00:00+00:00,180.0,2.279
SIMULATION_FORCING,1013.0,0.0,72.469,0.0,SYNTHETIC,23.68,2026-07-30T21:00:00+00:00,180.0,1.55
SIMULATION_FORCING,1013.0,0.0,73.992,0.0,SYNTHETIC,22.474,2026-07-30T22:00:00+00:00,180.0,2.253
SIMULATION_FORCING,1013.0,0.0,72.523,0.0,SYNTHETIC,21.438,2026-07-30T23:00:00+00:00,180.0,2.318
SIMULATION_FORCING,1013.0,0.0,73.013,0.0,SYNTHETIC,20.545,2026-07-31T00:00:00+00:00,180.0,1.908
SIMULATION_FORCING,1013.0,0.0,71.625,0.0,SYNTHETIC,20.045,2026-07-31T01:00:00+00:00,180.0,2.499
SIMULATION_FORCING,1013.0,0.0,70.376,0.0,SYNTHETIC,19.875,2026-07-31T02:00:00+00:00,180.0,1.553
SIMULATION_FORCING,1013.0,0.0,70.766,0.0,SYNTHETIC,20.045,2026-07-31T03:00:00+00:00,180.0,2.185
SIMULATION_FORCING,1013.0,0.0,73.417,0.0,SYNTHETIC,20.545,2026-07-31T04:00:00+00:00,180.0,1.626
SIMULATION_FORCING,1013.0,0.0,73.082,0.0,SYNTHETIC,21.339,2026-07-31T05:00:00+00:00,180.0,1.92
SIMULATION_FORCING,1013.0,0.0,70.229,0.0,SYNTHETIC,22.375,2026-07-31T06:00:00+00:00,180.0,2.425
SIMULATION_FORCING,1013.0,0.0,68.138,219.996,SYNTHETIC,23.581,2026-07-31T07:00:00+00:00,180.0,1.857
SIMULATION_FORCING,1013.0,0.0,63.449,425.0,SYNTHETIC,24.875,2026-07-31T08:00:00+00:00,180.0,1.975
SIMULATION_FORCING,1013.0,0.0,60.806,601.041,SYNTHETIC,26.169,2026-07-31T09:00:00+00:00,180.0,2.2
SIMULATION_FORCING,1013.0,0.0,56.907,736.122,SYNTHETIC,27.375,2026-07-31T10:00:00+00:00,180.0,1.703
SIMULATION_FORCING,1013.0,0.0,55.166,821.037,SYNTHETIC,28.411,2026-07-31T11:00:00+00:00,180.0,2.111
SIMULATION_FORCING,1013.0,0.0,54.412,850.0,SYNTHETIC,29.205,2026-07-31T12:00:00+00:00,180.0,2.044
SIMULATION_FORCING,1013.0,0.0,55.339,821.037,SYNTHETIC,29.705,2026-07-31T13:00:00+00:00,180.0,2.012
SIMULATION_FORCING,1013.0,0.0,56.681,736.122,SYNTHETIC,29.875,2026-07-31T14:00:00+00:00,180.0,2.467
SIMULATION_FORCING,1013.0,0.0,58.1,601.041,SYNTHETIC,29.705,2026-07-31T15:00:00+00:00,180.0,1.893
SIMULATION_FORCING,1013.0,0.0,62.672,425.0,SYNTHETIC,29.205,2026-07-31T16:00:00+00:00,180.0,2.393
SIMULATION_FORCING,1013.0,0.0,67.419,219.996,SYNTHETIC,28.411,2026-07-31T17:00:00+00:00,180.0,2.21
SIMULATION_FORCING,1013.0,0.0,72.679,0.0,SYNTHETIC,27.375,2026-07-31T18:00:00+00:00,180.0,2.019
SIMULATION_FORCING,1013.0,0.0,73.516,0.0,SYNTHETIC,26.169,2026-07-31T19:00:00+00:00,180.0,1.717
SIMULATION_FORCING,1013.0,0.0,71.056,0.0,SYNTHETIC,24.875,2026-07-31T20:00:00+00:00,180.0,2.11
SIMULATION_FORCING,1013.0,0.0,71.401,0.0,SYNTHETIC,23.581,2026-07-31T21:00:00+00:00,180.0,1.728
SIMULATION_FORCING,1013.0,0.0,73.512,0.0,SYNTHETIC,22.375,2026-07-31T22:00:00+00:00,180.0,1.553
SIMULATION_FORCING,1013.0,0.0,70.209,0.0,SYNTHETIC,21.339,2026-07-31T23:00:00+00:00,180.0,2.082
SIMULATION_FORCING,1013.0,0.0,72.916,0.0,SYNTHETIC,20.444,2026-08-01T00:00:00+00:00,180.0,2.353
SIMULATION_FORCING,1013.0,0.0,71.657,0.0,SYNTHETIC,19.944,2026-08-01T01:00:00+00:00,180.0,2.485
SIMULATION_FORCING,1013.0,0.0,73.95,0.0,SYNTHETIC,19.774,2026-08-01T02:00:00+00:00,180.0,1.568
SIMULATION_FORCING,1013.0,0.0,72.921,0.0,SYNTHETIC,19.944,2026-08-01T03:00:00+00:00,180.0,1.762
SIMULATION_FORCING,1013.0,0.0,73.674,0.0,SYNTHETIC,20.444,2026-08-01T04:00:00+00:00,180.0,1.529
SIMULATION_FORCING,1013.0,0.0,72.02,0.0,SYNTHETIC,21.238,2026-08-01T05:00:00+00:00,180.0,2.344
SIMULATION_FORCING,1013.0,0.0,72.64,0.0,SYNTHETIC,22.274,2026-08-01T06:00:00+00:00,180.0,1.864
SIMULATION_FORCING,1013.0,0.0,68.992,219.996,SYNTHETIC,23.48,2026-08-01T07:00:00+00:00,180.0,1.731
SIMULATION_FORCING,1013.0,0.0,64.832,425.0,SYNTHETIC,24.774,2026-08-01T08:00:00+00:00,180.0,2.221
SIMULATION_FORCING,1013.0,0.0,57.277,601.041,SYNTHETIC,26.068,2026-08-01T09:00:00+00:00,180.0,1.913
SIMULATION_FORCING,1013.0,0.0,57.404,736.122,SYNTHETIC,27.274,2026-08-01T10:00:00+00:00,180.0,2.375
SIMULATION_FORCING,1013.0,0.0,55.062,821.037,SYNTHETIC,28.31,2026-08-01T11:00:00+00:00,180.0,1.908
SIMULATION_FORCING,1013.0,0.0,53.996,850.0,SYNTHETIC,29.104,2026-08-01T12:00:00+00:00,180.0,2.482
SIMULATION_FORCING,1013.0,0.0,55.138,821.037,SYNTHETIC,29.604,2026-08-01T13:00:00+00:00,180.0,1.747
SIMULATION_FORCING,1013.0,0.0,54.955,736.122,SYNTHETIC,29.774,2026-08-01T14:00:00+00:00,180.0,2.424
SIMULATION_FORCING,1013.0,0.0,60.693,601.041,SYNTHETIC,29.604,2026-08-01T15:00:00+00:00,180.0,1.76
SIMULATION_FORCING,1013.0,0.0,62.248,425.0,SYNTHETIC,29.104,2026-08-01T16:00:00+00:00,180.0,1.678
SIMULATION_FORCING,1013.0,0.0,67.821,219.996,SYNTHETIC,28.31,2026-08-01T17:00:00+00:00,180.0,1.881
SIMULATION_FORCING,1013.0,0.0,71.389,0.0,SYNTHETIC,27.274,2026-08-01T18:00:00+00:00,180.0,1.96
SIMULATION_FORCING,1013.0,0.0,73.753,0.0,SYNTHETIC,26.068,2026-08-01T19:00:00+00:00,180.0,2.302
SIMULATION_FORCING,1013.0,0.0,72.908,0.0,SYNTHETIC,24.774,2026-08-01T20:00:00+00:00,180.0,1.856
SIMULATION_FORCING,1013.0,0.0,70.957,0.0,SYNTHETIC,23.48,2026-08-01T21:00:00+00:00,180.0,1.545
SIMULATION_FORCING,1013.0,0.0,71.312,0.0,SYNTHETIC,22.274,2026-08-01T22:00:00+00:00,180.0,1.659
SIMULATION_FORCING,1013.0,0.0,70.971,0.0,SYNTHETIC,21.238,2026-08-01T23:00:00+00:00,180.0,2.324
SIMULATION_FORCING,1013.0,0.0,73.971,0.0,SYNTHETIC,20.341,2026-08-02T00:00:00+00:00,180.0,2.316
SIMULATION_FORCING,1013.0,0.0,73.589,0.0,SYNTHETIC,19.841,2026-08-02T01:00:00+00:00,180.0,1.507
SIMULATION_FORCING,1013.0,0.0,71.192,0.0,SYNTHETIC,19.671,2026-08-02T02:00:00+00:00,180.0,2.128
SIMULATION_FORCING,1013.0,0.0,72.139,0.0,SYNTHETIC,19.841,2026-08-02T03:00:00+00:00,180.0,1.656
SIMULATION_FORCING,1013.0,0.0,70.064,0.0,SYNTHETIC,20.341,2026-08-02T04:00:00+00:00,180.0,1.725
SIMULATION_FORCING,1013.0,0.0,71.498,0.0,SYNTHETIC,21.135,2026-08-02T05:00:00+00:00,180.0,2.311
SIMULATION_FORCING,1013.0,0.0,71.691,0.0,SYNTHETIC,22.171,2026-08-02T06:00:00+00:00,180.0,2.163
SIMULATION_FORCING,1013.0,0.0,65.658,219.996,SYNTHETIC,23.377,2026-08-02T07:00:00+00:00,180.0,1.645
SIMULATION_FORCING,1013.0,0.0,61.029,425.0,SYNTHETIC,24.671,2026-08-02T08:00:00+00:00,180.0,2.481
SIMULATION_FORCING,1013.0,0.0,58.986,601.041,SYNTHETIC,25.965,2026-08-02T09:00:00+00:00,180.0,1.957
SIMULATION_FORCING,1013.0,0.0,55.417,736.122,SYNTHETIC,27.171,2026-08-02T10:00:00+00:00,180.0,1.641
SIMULATION_FORCING,1013.0,0.0,53.643,821.037,SYNTHETIC,28.207,2026-08-02T11:00:00+00:00,180.0,2.203
SIMULATION_FORCING,1013.0,0.0,54.361,850.0,SYNTHETIC,29.001,2026-08-02T12:00:00+00:00,180.0,1.819
SIMULATION_FORCING,1013.0,0.0,56.174,821.037,SYNTHETIC,29.501,2026-08-02T13:00:00+00:00,180.0,2.143
SIMULATION_FORCING,1013.0,0.0,57.849,736.122,SYNTHETIC,29.671,2026-08-02T14:00:00+00:00,180.0,2.03
SIMULATION_FORCING,1013.0,0.0,58.592,601.041,SYNTHETIC,29.501,2026-08-02T15:00:00+00:00,180.0,2.279
SIMULATION_FORCING,1013.0,0.0,61.435,425.0,SYNTHETIC,29.001,2026-08-02T16:00:00+00:00,180.0,1.674
SIMULATION_FORCING,1013.0,0.0,68.272,219.996,SYNTHETIC,28.207,2026-08-02T17:00:00+00:00,180.0,1.989
SIMULATION_FORCING,1013.0,0.0,70.188,0.0,SYNTHETIC,27.171,2026-08-02T18:00:00+00:00,180.0,1.739
SIMULATION_FORCING,1013.0,0.0,70.827,0.0,SYNTHETIC,25.965,2026-08-02T19:00:00+00:00,180.0,2.086
SIMULATION_FORCING,1013.0,0.0,73.366,0.0,SYNTHETIC,24.671,2026-08-02T20:00:00+00:00,180.0,2.412
SIMULATION_FORCING,1013.0,0.0,72.722,0.0,SYNTHETIC,23.377,2026-08-02T21:00:00+00:00,180.0,2.5
SIMULATION_FORCING,1013.0,0.0,70.177,0.0,SYNTHETIC,22.171,2026-08-02T22:00:00+00:00,180.0,1.985
SIMULATION_FORCING,1013.0,0.0,70.665,0.0,SYNTHETIC,21.135,2026-08-02T23:00:00+00:00,180.0,1.858
SIMULATION_FORCING,1013.0,0.0,70.472,0.0,SYNTHETIC,20.236,2026-08-03T00:00:00+00:00,180.0,2.443
SIMULATION_FORCING,1013.0,0.0,71.497,0.0,SYNTHETIC,19.736,2026-08-03T01:00:00+00:00,180.0,1.841
SIMULATION_FORCING,1013.0,0.0,72.46,0.0,SYNTHETIC,19.566,2026-08-03T02:00:00+00:00,180.0,1.745
SIMULATION_FORCING,1013.0,0.0,71.872,0.0,SYNTHETIC,19.736,2026-08-03T03:00:00+00:00,180.0,2.004
SIMULATION_FORCING,1013.0,0.0,72.255,0.0,SYNTHETIC,20.236,2026-08-03T04:00:00+00:00,180.0,1.765
SIMULATION_FORCING,1013.0,0.0,70.482,0.0,SYNTHETIC,21.03,2026-08-03T05:00:00+00:00,180.0,1.855
SIMULATION_FORCING,1013.0,0.0,73.389,0.0,SYNTHETIC,22.066,2026-08-03T06:00:00+00:00,180.0,2.43
SIMULATION_FORCING,1013.0,0.0,67.562,219.996,SYNTHETIC,23.272,2026-08-03T07:00:00+00:00,180.0,2.4
SIMULATION_FORCING,1013.0,0.0,63.741,425.0,SYNTHETIC,24.566,2026-08-03T08:00:00+00:00,180.0,1.531
SIMULATION_FORCING,1013.0,0.0,60.669,601.041,SYNTHETIC,25.86,2026-08-03T09:00:00+00:00,180.0,2.44
SIMULATION_FORCING,1013.0,0.0,57.844,736.122,SYNTHETIC,27.066,2026-08-03T10:00:00+00:00,180.0,2.064
SIMULATION_FORCING,1013.0,0.0,52.723,821.037,SYNTHETIC,28.102,2026-08-03T11:00:00+00:00,180.0,2.125
SIMULATION_FORCING,1013.0,0.0,55.44,850.0,SYNTHETIC,28.896,2026-08-03T12:00:00+00:00,180.0,1.655
SIMULATION_FORCING,1013.0,0.0,53.291,821.037,SYNTHETIC,29.396,2026-08-03T13:00:00+00:00,180.0,1.84
SIMULATION_FORCING,1013.0,0.0,56.883,736.122,SYNTHETIC,29.566,2026-08-03T14:00:00+00:00,180.0,1.731
SIMULATION_FORCING,1013.0,0.0,60.197,601.041,SYNTHETIC,29.396,2026-08-03T15:00:00+00:00,180.0,2.023
SIMULATION_FORCING,1013.0,0.0,63.213,425.0,SYNTHETIC,28.896,2026-08-03T16:00:00+00:00,180.0,2.253
SIMULATION_FORCING,1013.0,0.0,65.624,219.996,SYNTHETIC,28.102,2026-08-03T17:00:00+00:00,180.0,2.15
SIMULATION_FORCING,1013.0,0.0,72.611,0.0,SYNTHETIC,27.066,2026-08-03T18:00:00+00:00,180.0,1.521
SIMULATION_FORCING,1013.0,0.0,73.189,0.0,SYNTHETIC,25.86,2026-08-03T19:00:00+00:00,180.0,2.092
SIMULATION_FORCING,1013.0,0.0,70.338,0.0,SYNTHETIC,24.566,2026-08-03T20:00:00+00:00,180.0,2.16
SIMULATION_FORCING,1013.0,0.0,72.323,0.0,SYNTHETIC,23.272,2026-08-03T21:00:00+00:00,180.0,1.718
SIMULATION_FORCING,1013.0,0.0,70.487,0.0,SYNTHETIC,22.066,2026-08-03T22:00:00+00:00,180.0,2.334
SIMULATION_FORCING,1013.0,0.0,72.33,0.0,SYNTHETIC,21.03,2026-08-03T23:00:00+00:00,180.0,1.825
SIMULATION_FORCING,1013.0,0.0,71.106,0.0,SYNTHETIC,20.129,2026-08-04T00:00:00+00:00,180.0,2.375
SIMULATION_FORCING,1013.0,0.0,70.733,0.0,SYNTHETIC,19.629,2026-08-04T01:00:00+00:00,180.0,2.437
SIMULATION_FORCING,1013.0,0.0,72.59,0.0,SYNTHETIC,19.459,2026-08-04T02:00:00+00:00,180.0,2.29
SIMULATION_FORCING,1013.0,0.0,71.492,0.0,SYNTHETIC,19.629,2026-08-04T03:00:00+00:00,180.0,2.489
SIMULATION_FORCING,1013.0,0.0,71.365,0.0,SYNTHETIC,20.129,2026-08-04T04:00:00+00:00,180.0,1.945
SIMULATION_FORCING,1013.0,0.0,73.377,0.0,SYNTHETIC,20.924,2026-08-04T05:00:00+00:00,180.0,2.371
SIMULATION_FORCING,1013.0,0.0,70.457,0.0,SYNTHETIC,21.959,2026-08-04T06:00:00+00:00,180.0,1.793
SIMULATION_FORCING,1013.0,0.0,67.9,219.996,SYNTHETIC,23.165,2026-08-04T07:00:00+00:00,180.0,1.707
SIMULATION_FORCING,1013.0,0.0,61.06,425.0,SYNTHETIC,24.459,2026-08-04T08:00:00+00:00,180.0,2.341
SIMULATION_FORCING,1013.0,0.0,57.552,601.041,SYNTHETIC,25.753,2026-08-04T09:00:00+00:00,180.0,1.769
SIMULATION_FORCING,1013.0,0.0,58.399,736.122,SYNTHETIC,26.959,2026-08-04T10:00:00+00:00,180.0,1.804
SIMULATION_FORCING,1013.0,0.0,55.995,821.037,SYNTHETIC,27.995,2026-08-04T11:00:00+00:00,180.0,2.127
SIMULATION_FORCING,1013.0,0.0,55.713,850.0,SYNTHETIC,28.789,2026-08-04T12:00:00+00:00,180.0,2.499
SIMULATION_FORCING,1013.0,0.0,56.54,821.037,SYNTHETIC,29.289,2026-08-04T13:00:00+00:00,180.0,1.791
SIMULATION_FORCING,1013.0,0.0,56.735,736.122,SYNTHETIC,29.459,2026-08-04T14:00:00+00:00,180.0,2.164
SIMULATION_FORCING,1013.0,0.0,59.503,601.041,SYNTHETIC,29.289,2026-08-04T15:00:00+00:00,180.0,1.738
SIMULATION_FORCING,1013.0,0.0,63.693,425.0,SYNTHETIC,28.789,2026-08-04T16:00:00+00:00,180.0,1.856
SIMULATION_FORCING,1013.0,0.0,68.751,219.996,SYNTHETIC,27.995,2026-08-04T17:00:00+00:00,180.0,2.305
SIMULATION_FORCING,1013.0,0.0,73.361,0.0,SYNTHETIC,26.959,2026-08-04T18:00:00+00:00,180.0,1.587
SIMULATION_FORCING,1013.0,0.0,71.446,0.0,SYNTHETIC,25.753,2026-08-04T19:00:00+00:00,180.0,2.081
SIMULATION_FORCING,1013.0,0.0,73.554,0.0,SYNTHETIC,24.459,2026-08-04T20:00:00+00:00,180.0,1.982
SIMULATION_FORCING,1013.0,0.0,73.563,0.0,SYNTHETIC,23.165,2026-08-04T21:00:00+00:00,180.0,2.411
SIMULATION_FORCING,1013.0,0.0,70.158,0.0,SYNTHETIC,21.959,2026-08-04T22:00:00+00:00,180.0,1.608
SIMULATION_FORCING,1013.0,0.0,70.784,0.0,SYNTHETIC,20.924,2026-08-04T23:00:00+00:00,180.0,2.047
SIMULATION_FORCING,1013.0,0.0,70.244,0.0,SYNTHETIC,20.02,2026-08-05T00:00:00+00:00,180.0,1.594
SIMULATION_FORCING,1013.0,0.0,72.717,0.0,SYNTHETIC,19.521,2026-08-05T01:00:00+00:00,180.0,1.657
SIMULATION_FORCING,1013.0,0.0,71.599,0.0,SYNTHETIC,19.35,2026-08-05T02:00:00+00:00,180.0,1.895
SIMULATION_FORCING,1013.0,0.0,71.42,0.0,SYNTHETIC,19.521,2026-08-05T03:00:00+00:00,180.0,1.812
SIMULATION_FORCING,1013.0,0.0,73.593,0.0,SYNTHETIC,20.02,2026-08-05T04:00:00+00:00,180.0,1.869
SIMULATION_FORCING,1013.0,0.0,70.098,0.0,SYNTHETIC,20.815,2026-08-05T05:00:00+00:00,180.0,1.55
SIMULATION_FORCING,1013.0,0.0,71.181,0.0,SYNTHETIC,21.85,2026-08-05T06:00:00+00:00,180.0,2.412
SIMULATION_FORCING,1013.0,0.0,68.552,219.996,SYNTHETIC,23.056,2026-08-05T07:00:00+00:00,180.0,1.677
SIMULATION_FORCING,1013.0,0.0,64.556,425.0,SYNTHETIC,24.35,2026-08-05T08:00:00+00:00,180.0,2.026
SIMULATION_FORCING,1013.0,0.0,59.145,601.041,SYNTHETIC,25.644,2026-08-05T09:00:00+00:00,180.0,1.933
SIMULATION_FORCING,1013.0,0.0,58.179,736.122,SYNTHETIC,26.85,2026-08-05T10:00:00+00:00,180.0,2.484
SIMULATION_FORCING,1013.0,0.0,54.656,821.037,SYNTHETIC,27.886,2026-08-05T11:00:00+00:00,180.0,2.141
SIMULATION_FORCING,1013.0,0.0,52.03,850.0,SYNTHETIC,28.68,2026-08-05T12:00:00+00:00,180.0,2.153
SIMULATION_FORCING,1013.0,0.0,53.728,821.037,SYNTHETIC,29.18,2026-08-05T13:00:00+00:00,180.0,1.78
SIMULATION_FORCING,1013.0,0.0,55.887,736.122,SYNTHETIC,29.35,2026-08-05T14:00:00+00:00,180.0,1.97
SIMULATION_FORCING,1013.0,0.0,60.561,601.041,SYNTHETIC,29.18,2026-08-05T15:00:00+00:00,180.0,2.138
SIMULATION_FORCING,1013.0,0.0,61.53,425.0,SYNTHETIC,28.68,2026-08-05T16:00:00+00:00,180.0,2.061
SIMULATION_FORCING,1013.0,0.0,67.53,219.996,SYNTHETIC,27.886,2026-08-05T17:00:00+00:00,180.0,2.276
SIMULATION_FORCING,1013.0,0.0,73.089,0.0,SYNTHETIC,26.85,2026-08-05T18:00:00+00:00,180.0,1.805
SIMULATION_FORCING,1013.0,0.0,72.96,0.0,SYNTHETIC,25.644,2026-08-05T19:00:00+00:00,180.0,1.797
SIMULATION_FORCING,1013.0,0.0,73.249,0.0,SYNTHETIC,24.35,2026-08-05T20:00:00+00:00,180.0,2.316
SIMULATION_FORCING,1013.0,0.0,71.782,0.0,SYNTHETIC,23.056,2026-08-05T21:00:00+00:00,180.0,1.877
SIMULATION_FORCING,1013.0,0.0,73.496,0.0,SYNTHETIC,21.85,2026-08-05T22:00:00+00:00,180.0,1.538
SIMULATION_FORCING,1013.0,0.0,73.169,0.0,SYNTHETIC,20.815,2026-08-05T23:00:00+00:00,180.0,2.122
SIMULATION_FORCING,1013.0,0.0,70.67,0.0,SYNTHETIC,19.909,2026-08-06T00:00:00+00:00,180.0,1.911
SIMULATION_FORCING,1013.0,0.0,71.112,0.0,SYNTHETIC,19.41,2026-08-06T01:00:00+00:00,180.0,1.781
SIMULATION_FORCING,1013.0,0.0,73.226,0.0,SYNTHETIC,19.24,2026-08-06T02:00:00+00:00,180.0,2.417
SIMULATION_FORCING,1013.0,0.0,70.71,0.0,SYNTHETIC,19.41,2026-08-06T03:00:00+00:00,180.0,2.103
SIMULATION_FORCING,1013.0,0.0,73.638,0.0,SYNTHETIC,19.909,2026-08-06T04:00:00+00:00,180.0,1.643
SIMULATION_FORCING,1013.0,0.0,73.087,0.0,SYNTHETIC,20.704,2026-08-06T05:00:00+00:00,180.0,1.811
SIMULATION_FORCING,1013.0,0.0,73.017,0.0,SYNTHETIC,21.74,2026-08-06T06:00:00+00:00,180.0,2.493
SIMULATION_FORCING,1013.0,0.0,65.772,219.996,SYNTHETIC,22.945,2026-08-06T07:00:00+00:00,180.0,2.301
SIMULATION_FORCING,1013.0,0.0,61.181,425.0,SYNTHETIC,24.24,2026-08-06T08:00:00+00:00,180.0,1.866
SIMULATION_FORCING,1013.0,0.0,60.345,601.041,SYNTHETIC,25.534,2026-08-06T09:00:00+00:00,180.0,1.902
SIMULATION_FORCING,1013.0,0.0,54.748,736.122,SYNTHETIC,26.74,2026-08-06T10:00:00+00:00,180.0,1.883
SIMULATION_FORCING,1013.0,0.0,54.765,821.037,SYNTHETIC,27.775,2026-08-06T11:00:00+00:00,180.0,2.435
SIMULATION_FORCING,1013.0,0.0,53.707,850.0,SYNTHETIC,28.57,2026-08-06T12:00:00+00:00,180.0,1.66
SIMULATION_FORCING,1013.0,0.0,53.534,821.037,SYNTHETIC,29.069,2026-08-06T13:00:00+00:00,180.0,1.701
SIMULATION_FORCING,1013.0,0.0,58.03,736.122,SYNTHETIC,29.24,2026-08-06T14:00:00+00:00,180.0,1.582
SIMULATION_FORCING,1013.0,0.0,59.392,601.041,SYNTHETIC,29.069,2026-08-06T15:00:00+00:00,180.0,2.179
SIMULATION_FORCING,1013.0,0.0,63.046,425.0,SYNTHETIC,28.57,2026-08-06T16:00:00+00:00,180.0,1.595
SIMULATION_FORCING,1013.0,0.0,68.584,219.996,SYNTHETIC,27.775,2026-08-06T17:00:00+00:00,180.0,1.506
SIMULATION_FORCING,1013.0,0.0,70.563,0.0,SYNTHETIC,26.74,2026-08-06T18:00:00+00:00,180.0,1.628
SIMULATION_FORCING,1013.0,0.0,71.303,0.0,SYNTHETIC,25.534,2026-08-06T19:00:00+00:00,180.0,2.012
SIMULATION_FORCING,1013.0,0.0,71.351,0.0,SYNTHETIC,24.24,2026-08-06T20:00:00+00:00,180.0,2.202
SIMULATION_FORCING,1013.0,0.0,72.769,0.0,SYNTHETIC,22.945,2026-08-06T21:00:00+00:00,180.0,2.453
SIMULATION_FORCING,1013.0,0.0,70.642,0.0,SYNTHETIC,21.74,2026-08-06T22:00:00+00:00,180.0,2.084
SIMULATION_FORCING,1013.0,0.0,73.784,0.0,SYNTHETIC,20.704,2026-08-06T23:00:00+00:00,180.0,1.879
SIMULATION_FORCING,1013.0,0.0,71.914,0.0,SYNTHETIC,19.797,2026-08-07T00:00:00+00:00,180.0,2.224
SIMULATION_FORCING,1013.0,0.0,71.335,0.0,SYNTHETIC,19.297,2026-08-07T01:00:00+00:00,180.0,1.95
SIMULATION_FORCING,1013.0,0.0,71.297,0.0,SYNTHETIC,19.127,2026-08-07T02:00:00+00:00,180.0,1.747
SIMULATION_FORCING,1013.0,0.0,72.814,0.0,SYNTHETIC,19.297,2026-08-07T03:00:00+00:00,180.0,2.261
SIMULATION_FORCING,1013.0,0.0,70.842,0.0,SYNTHETIC,19.797,2026-08-07T04:00:00+00:00,180.0,2.327
SIMULATION_FORCING,1013.0,0.0,71.922,0.0,SYNTHETIC,20.591,2026-08-07T05:00:00+00:00,180.0,1.576
SIMULATION_FORCING,1013.0,0.0,70.554,0.0,SYNTHETIC,21.627,2026-08-07T06:00:00+00:00,180.0,2.167
SIMULATION_FORCING,1013.0,0.0,66.019,219.996,SYNTHETIC,22.833,2026-08-07T07:00:00+00:00,180.0,2.158
SIMULATION_FORCING,1013.0,0.0,63.434,425.0,SYNTHETIC,24.127,2026-08-07T08:00:00+00:00,180.0,2.429
SIMULATION_FORCING,1013.0,0.0,59.394,601.041,SYNTHETIC,25.421,2026-08-07T09:00:00+00:00,180.0,1.704
SIMULATION_FORCING,1013.0,0.0,54.712,736.122,SYNTHETIC,26.627,2026-08-07T10:00:00+00:00,180.0,2.194
SIMULATION_FORCING,1013.0,0.0,55.932,821.037,SYNTHETIC,27.662,2026-08-07T11:00:00+00:00,180.0,1.869
SIMULATION_FORCING,1013.0,0.0,52.867,850.0,SYNTHETIC,28.457,2026-08-07T12:00:00+00:00,180.0,2.139
SIMULATION_FORCING,1013.0,0.0,55.88,821.037,SYNTHETIC,28.957,2026-08-07T13:00:00+00:00,180.0,2.439
SIMULATION_FORCING,1013.0,0.0,55.443,736.122,SYNTHETIC,29.127,2026-08-07T14:00:00+00:00,180.0,1.943
SIMULATION_FORCING,1013.0,0.0,58.065,601.041,SYNTHETIC,28.957,2026-08-07T15:00:00+00:00,180.0,2.154
SIMULATION_FORCING,1013.0,0.0,63.306,425.0,SYNTHETIC,28.457,2026-08-07T16:00:00+00:00,180.0,2.398
SIMULATION_FORCING,1013.0,0.0,66.701,219.996,SYNTHETIC,27.662,2026-08-07T17:00:00+00:00,180.0,2.374
SIMULATION_FORCING,1013.0,0.0,72.517,0.0,SYNTHETIC,26.627,2026-08-07T18:00:00+00:00,180.0,2.038
SIMULATION_FORCING,1013.0,0.0,71.023,0.0,SYNTHETIC,25.421,2026-08-07T19:00:00+00:00,180.0,2.223
SIMULATION_FORCING,1013.0,0.0,70.545,0.0,SYNTHETIC,24.127,2026-08-07T20:00:00+00:00,180.0,1.801
SIMULATION_FORCING,1013.0,0.0,73.506,0.0,SYNTHETIC,22.833,2026-08-07T21:00:00+00:00,180.0,1.834
SIMULATION_FORCING,1013.0,0.0,72.514,0.0,SYNTHETIC,21.627,2026-08-07T22:00:00+00:00,180.0,2.369
SIMULATION_FORCING,1013.0,0.0,71.87,0.0,SYNTHETIC,20.591,2026-08-07T23:00:00+00:00,180.0,1.717
SIMULATION_FORCING,1013.0,0.0,73.893,0.0,SYNTHETIC,19.682,2026-08-08T00:00:00+00:00,180.0,2.008
SIMULATION_FORCING,1013.0,0.0,73.477,0.0,SYNTHETIC,19.183,2026-08-08T01:00:00+00:00,180.0,1.574
SIMULATION_FORCING,1013.0,0.0,73.958,0.0,SYNTHETIC,19.013,2026-08-08T02:00:00+00:00,180.0,1.971
SIMULATION_FORCING,1013.0,0.0,72.432,0.0,SYNTHETIC,19.183,2026-08-08T03:00:00+00:00,180.0,1.517
SIMULATION_FORCING,1013.0,0.0,70.317,0.0,SYNTHETIC,19.682,2026-08-08T04:00:00+00:00,180.0,1.57
SIMULATION_FORCING,1013.0,0.0,71.578,0.0,SYNTHETIC,20.477,2026-08-08T05:00:00+00:00,180.0,1.582
SIMULATION_FORCING,1013.0,0.0,71.147,0.0,SYNTHETIC,21.513,2026-08-08T06:00:00+00:00,180.0,1.553
SIMULATION_FORCING,1013.0,0.0,68.305,219.996,SYNTHETIC,22.718,2026-08-08T07:00:00+00:00,180.0,1.692
SIMULATION_FORCING,1013.0,0.0,61.049,425.0,SYNTHETIC,24.013,2026-08-08T08:00:00+00:00,180.0,2.453
SIMULATION_FORCING,1013.0,0.0,57.915,601.041,SYNTHETIC,25.307,2026-08-08T09:00:00+00:00,180.0,1.607
SIMULATION_FORCING,1013.0,0.0,56.137,736.122,SYNTHETIC,26.513,2026-08-08T10:00:00+00:00,180.0,1.561
SIMULATION_FORCING,1013.0,0.0,56.011,821.037,SYNTHETIC,27.548,2026-08-08T11:00:00+00:00,180.0,1.644
SIMULATION_FORCING,1013.0,0.0,54.957,850.0,SYNTHETIC,28.343,2026-08-08T12:00:00+00:00,180.0,1.603
SIMULATION_FORCING,1013.0,0.0,54.169,821.037,SYNTHETIC,28.842,2026-08-08T13:00:00+00:00,180.0,1.843
SIMULATION_FORCING,1013.0,0.0,55.803,736.122,SYNTHETIC,29.013,2026-08-08T14:00:00+00:00,180.0,2.142
SIMULATION_FORCING,1013.0,0.0,58.102,601.041,SYNTHETIC,28.842,2026-08-08T15:00:00+00:00,180.0,2.132
SIMULATION_FORCING,1013.0,0.0,64.751,425.0,SYNTHETIC,28.343,2026-08-08T16:00:00+00:00,180.0,2.147
SIMULATION_FORCING,1013.0,0.0,67.601,219.996,SYNTHETIC,27.548,2026-08-08T17:00:00+00:00,180.0,2.308
SIMULATION_FORCING,1013.0,0.0,70.034,0.0,SYNTHETIC,26.513,2026-08-08T18:00:00+00:00,180.0,1.742
SIMULATION_FORCING,1013.0,0.0,73.111,0.0,SYNTHETIC,25.307,2026-08-08T19:00:00+00:00,180.0,1.597
SIMULATION_FORCING,1013.0,0.0,73.266,0.0,SYNTHETIC,24.013,2026-08-08T20:00:00+00:00,180.0,1.791
SIMULATION_FORCING,1013.0,0.0,73.644,0.0,SYNTHETIC,22.718,2026-08-08T21:00:00+00:00,180.0,1.855
SIMULATION_FORCING,1013.0,0.0,72.012,0.0,SYNTHETIC,21.513,2026-08-08T22:00:00+00:00,180.0,2.358
SIMULATION_FORCING,1013.0,0.0,71.248,0.0,SYNTHETIC,20.477,2026-08-08T23:00:00+00:00,180.0,2.106
SIMULATION_FORCING,1013.0,0.0,70.121,0.0,SYNTHETIC,19.566,2026-08-09T00:00:00+00:00,180.0,1.778
SIMULATION_FORCING,1013.0,0.0,70.659,0.0,SYNTHETIC,19.067,2026-08-09T01:00:00+00:00,180.0,2.452
SIMULATION_FORCING,1013.0,0.0,71.934,0.0,SYNTHETIC,18.896,2026-08-09T02:00:00+00:00,180.0,2.343
SIMULATION_FORCING,1013.0,0.0,70.029,0.0,SYNTHETIC,19.067,2026-08-09T03:00:00+00:00,180.0,1.938
SIMULATION_FORCING,1013.0,0.0,71.553,0.0,SYNTHETIC,19.566,2026-08-09T04:00:00+00:00,180.0,1.962
SIMULATION_FORCING,1013.0,0.0,70.792,0.0,SYNTHETIC,20.361,2026-08-09T05:00:00+00:00,180.0,1.689
SIMULATION_FORCING,1013.0,0.0,73.172,0.0,SYNTHETIC,21.396,2026-08-09T06:00:00+00:00,180.0,1.806
SIMULATION_FORCING,1013.0,0.0,69.308,219.996,SYNTHETIC,22.602,2026-08-09T07:00:00+00:00,180.0,1.962
SIMULATION_FORCING,1013.0,0.0,61.642,425.0,SYNTHETIC,23.896,2026-08-09T08:00:00+00:00,180.0,2.352
SIMULATION_FORCING,1013.0,0.0,60.023,601.041,SYNTHETIC,25.191,2026-08-09T09:00:00+00:00,180.0,2.219
SIMULATION_FORCING,1013.0,0.0,55.545,736.122,SYNTHETIC,26.396,2026-08-09T10:00:00+00:00,180.0,1.689
SIMULATION_FORCING,1013.0,0.0,52.873,821.037,SYNTHETIC,27.432,2026-08-09T11:00:00+00:00,180.0,1.63
SIMULATION_FORCING,1013.0,0.0,52.702,850.0,SYNTHETIC,28.227,2026-08-09T12:00:00+00:00,180.0,2.378
SIMULATION_FORCING,1013.0,0.0,53.516,821.037,SYNTHETIC,28.726,2026-08-09T13:00:00+00:00,180.0,1.505
SIMULATION_FORCING,1013.0,0.0,57.917,736.122,SYNTHETIC,28.896,2026-08-09T14:00:00+00:00,180.0,1.774
SIMULATION_FORCING,1013.0,0.0,57.972,601.041,SYNTHETIC,28.726,2026-08-09T15:00:00+00:00,180.0,1.563
SIMULATION_FORCING,1013.0,0.0,64.19,425.0,SYNTHETIC,28.227,2026-08-09T16:00:00+00:00,180.0,2.068
SIMULATION_FORCING,1013.0,0.0,66.024,219.996,SYNTHETIC,27.432,2026-08-09T17:00:00+00:00,180.0,1.804
SIMULATION_FORCING,1013.0,0.0,70.295,0.0,SYNTHETIC,26.396,2026-08-09T18:00:00+00:00,180.0,1.823
SIMULATION_FORCING,1013.0,0.0,72.355,0.0,SYNTHETIC,25.191,2026-08-09T19:00:00+00:00,180.0,2.055
SIMULATION_FORCING,1013.0,0.0,70.274,0.0,SYNTHETIC,23.896,2026-08-09T20:00:00+00:00,180.0,1.991
SIMULATION_FORCING,1013.0,0.0,73.48,0.0,SYNTHETIC,22.602,2026-08-09T21:00:00+00:00,180.0,2.003
SIMULATION_FORCING,1013.0,0.0,72.704,0.0,SYNTHETIC,21.396,2026-08-09T22:00:00+00:00,180.0,2.027
SIMULATION_FORCING,1013.0,0.0,70.734,0.0,SYNTHETIC,20.361,2026-08-09T23:00:00+00:00,180.0,1.886
SIMULATION_FORCING,1013.0,0.0,73.695,0.0,SYNTHETIC,19.448,2026-08-10T00:00:00+00:00,180.0,2.012
SIMULATION_FORCING,1013.0,0.0,71.072,0.0,SYNTHETIC,18.949,2026-08-10T01:00:00+00:00,180.0,1.981
SIMULATION_FORCING,1013.0,0.0,71.609,0.0,SYNTHETIC,18.778,2026-08-10T02:00:00+00:00,180.0,2.151
SIMULATION_FORCING,1013.0,0.0,73.999,0.0,SYNTHETIC,18.949,2026-08-10T03:00:00+00:00,180.0,1.983
SIMULATION_FORCING,1013.0,0.0,71.173,0.0,SYNTHETIC,19.448,2026-08-10T04:00:00+00:00,180.0,2.363
SIMULATION_FORCING,1013.0,0.0,72.679,0.0,SYNTHETIC,20.243,2026-08-10T05:00:00+00:00,180.0,2.457
SIMULATION_FORCING,1013.0,0.0,72.661,0.0,SYNTHETIC,21.278,2026-08-10T06:00:00+00:00,180.0,1.733
SIMULATION_FORCING,1013.0,0.0,67.476,219.996,SYNTHETIC,22.484,2026-08-10T07:00:00+00:00,180.0,1.904
SIMULATION_FORCING,1013.0,0.0,64.258,425.0,SYNTHETIC,23.778,2026-08-10T08:00:00+00:00,180.0,2.018
SIMULATION_FORCING,1013.0,0.0,57.984,601.041,SYNTHETIC,25.073,2026-08-10T09:00:00+00:00,180.0,1.861
SIMULATION_FORCING,1013.0,0.0,54.655,736.122,SYNTHETIC,26.278,2026-08-10T10:00:00+00:00,180.0,2.258
SIMULATION_FORCING,1013.0,0.0,53.712,821.037,SYNTHETIC,27.314,2026-08-10T11:00:00+00:00,180.0,1.587
SIMULATION_FORCING,1013.0,0.0,54.78,850.0,SYNTHETIC,28.109,2026-08-10T12:00:00+00:00,180.0,1.66
SIMULATION_FORCING,1013.0,0.0,53.089,821.037,SYNTHETIC,28.608,2026-08-10T13:00:00+00:00,180.0,2.273
SIMULATION_FORCING,1013.0,0.0,54.928,736.122,SYNTHETIC,28.778,2026-08-10T14:00:00+00:00,180.0,1.94
SIMULATION_FORCING,1013.0,0.0,58.739,601.041,SYNTHETIC,28.608,2026-08-10T15:00:00+00:00,180.0,2.061
SIMULATION_FORCING,1013.0,0.0,64.649,425.0,SYNTHETIC,28.109,2026-08-10T16:00:00+00:00,180.0,2.344
SIMULATION_FORCING,1013.0,0.0,66.294,219.996,SYNTHETIC,27.314,2026-08-10T17:00:00+00:00,180.0,2.449
SIMULATION_FORCING,1013.0,0.0,73.322,0.0,SYNTHETIC,26.278,2026-08-10T18:00:00+00:00,180.0,1.808
SIMULATION_FORCING,1013.0,0.0,72.504,0.0,SYNTHETIC,25.073,2026-08-10T19:00:00+00:00,180.0,2.498
SIMULATION_FORCING,1013.0,0.0,73.589,0.0,SYNTHETIC,23.778,2026-08-10T20:00:00+00:00,180.0,2.239
SIMULATION_FORCING,1013.0,0.0,70.001,0.0,SYNTHETIC,22.484,2026-08-10T21:00:00+00:00,180.0,1.617
SIMULATION_FORCING,1013.0,0.0,72.301,0.0,SYNTHETIC,21.278,2026-08-10T22:00:00+00:00,180.0,1.825
SIMULATION_FORCING,1013.0,0.0,72.536,0.0,SYNTHETIC,20.243,2026-08-10T23:00:00+00:00,180.0,2.117
SIMULATION_FORCING,1013.0,0.0,73.536,0.0,SYNTHETIC,19.329,2026-08-11T00:00:00+00:00,180.0,1.54
SIMULATION_FORCING,1013.0,0.0,72.12,0.0,SYNTHETIC,18.829,2026-08-11T01:00:00+00:00,180.0,2.221
SIMULATION_FORCING,1013.0,0.0,72.285,0.0,SYNTHETIC,18.659,2026-08-11T02:00:00+00:00,180.0,1.942
SIMULATION_FORCING,1013.0,0.0,72.429,0.0,SYNTHETIC,18.829,2026-08-11T03:00:00+00:00,180.0,1.86
SIMULATION_FORCING,1013.0,0.0,72.755,0.0,SYNTHETIC,19.329,2026-08-11T04:00:00+00:00,180.0,1.987
SIMULATION_FORCING,1013.0,0.0,71.669,0.0,SYNTHETIC,20.123,2026-08-11T05:00:00+00:00,180.0,2.465
SIMULATION_FORCING,1013.0,0.0,71.116,0.0,SYNTHETIC,21.159,2026-08-11T06:00:00+00:00,180.0,2.016
SIMULATION_FORCING,1013.0,0.0,65.847,219.996,SYNTHETIC,22.365,2026-08-11T07:00:00+00:00,180.0,2.392
SIMULATION_FORCING,1013.0,0.0,62.187,425.0,SYNTHETIC,23.659,2026-08-11T08:00:00+00:00,180.0,2.039
SIMULATION_FORCING,1013.0,0.0,59.973,601.041,SYNTHETIC,24.953,2026-08-11T09:00:00+00:00,180.0,1.858
SIMULATION_FORCING,1013.0,0.0,56.398,736.122,SYNTHETIC,26.159,2026-08-11T10:00:00+00:00,180.0,2.304
SIMULATION_FORCING,1013.0,0.0,55.106,821.037,SYNTHETIC,27.194,2026-08-11T11:00:00+00:00,180.0,2.091
SIMULATION_FORCING,1013.0,0.0,53.801,850.0,SYNTHETIC,27.989,2026-08-11T12:00:00+00:00,180.0,2.472
SIMULATION_FORCING,1013.0,0.0,54.802,821.037,SYNTHETIC,28.488,2026-08-11T13:00:00+00:00,180.0,1.724
SIMULATION_FORCING,1013.0,0.0,55.084,736.122,SYNTHETIC,28.659,2026-08-11T14:00:00+00:00,180.0,2.209
SIMULATION_FORCING,1013.0,0.0,58.951,601.041,SYNTHETIC,28.488,2026-08-11T15:00:00+00:00,180.0,1.818
SIMULATION_FORCING,1013.0,0.0,64.099,425.0,SYNTHETIC,27.989,2026-08-11T16:00:00+00:00,180.0,1.896
SIMULATION_FORCING,1013.0,0.0,66.685,219.996,SYNTHETIC,27.194,2026-08-11T17:00:00+00:00,180.0,1.943
SIMULATION_FORCING,1013.0,0.0,71.704,0.0,SYNTHETIC,26.159,2026-08-11T18:00:00+00:00,180.0,1.73
SIMULATION_FORCING,1013.0,0.0,72.786,0.0,SYNTHETIC,24.953,2026-08-11T19:00:00+00:00,180.0,2.492
SIMULATION_FORCING,1013.0,0.0,71.425,0.0,SYNTHETIC,23.659,2026-08-11T20:00:00+00:00,180.0,2.278
SIMULATION_FORCING,1013.0,0.0,71.042,0.0,SYNTHETIC,22.365,2026-08-11T21:00:00+00:00,180.0,1.675
SIMULATION_FORCING,1013.0,0.0,73.223,0.0,SYNTHETIC,21.159,2026-08-11T22:00:00+00:00,180.0,1.91
SIMULATION_FORCING,1013.0,0.0,72.614,0.0,SYNTHETIC,20.123,2026-08-11T23:00:00+00:00,180.0,2.065
SIMULATION_FORCING,1013.0,0.0,72.088,0.0,SYNTHETIC,19.207,2026-08-12T00:00:00+00:00,180.0,1.568
SIMULATION_FORCING,1013.0,0.0,73.002,0.0,SYNTHETIC,18.708,2026-08-12T01:00:00+00:00,180.0,1.631
SIMULATION_FORCING,1013.0,0.0,71.053,0.0,SYNTHETIC,18.538,2026-08-12T02:00:00+00:00,180.0,1.922
SIMULATION_FORCING,1013.0,0.0,71.987,0.0,SYNTHETIC,18.708,2026-08-12T03:00:00+00:00,180.0,2.382
SIMULATION_FORCING,1013.0,0.0,72.284,0.0,SYNTHETIC,19.207,2026-08-12T04:00:00+00:00,180.0,2.278
SIMULATION_FORCING,1013.0,0.0,70.424,0.0,SYNTHETIC,20.002,2026-08-12T05:00:00+00:00,180.0,1.818
SIMULATION_FORCING,1013.0,0.0,73.132,0.0,SYNTHETIC,21.038,2026-08-12T06:00:00+00:00,180.0,2.026
SIMULATION_FORCING,1013.0,0.0,65.414,219.996,SYNTHETIC,22.243,2026-08-12T07:00:00+00:00,180.0,2.193
SIMULATION_FORCING,1013.0,0.0,61.644,425.0,SYNTHETIC,23.538,2026-08-12T08:00:00+00:00,180.0,2.156
SIMULATION_FORCING,1013.0,0.0,57.666,601.041,SYNTHETIC,24.832,2026-08-12T09:00:00+00:00,180.0,1.554
SIMULATION_FORCING,1013.0,0.0,57.045,736.122,SYNTHETIC,26.038,2026-08-12T10:00:00+00:00,180.0,1.601
SIMULATION_FORCING,1013.0,0.0,53.292,821.037,SYNTHETIC,27.073,2026-08-12T11:00:00+00:00,180.0,2.314
SIMULATION_FORCING,1013.0,0.0,54.668,850.0,SYNTHETIC,27.868,2026-08-12T12:00:00+00:00,180.0,1.504
SIMULATION_FORCING,1013.0,0.0,54.678,821.037,SYNTHETIC,28.367,2026-08-12T13:00:00+00:00,180.0,2.003
SIMULATION_FORCING,1013.0,0.0,58.408,736.122,SYNTHETIC,28.538,2026-08-12T14:00:00+00:00,180.0,2.142
SIMULATION_FORCING,1013.0,0.0,57.344,601.041,SYNTHETIC,28.367,2026-08-12T15:00:00+00:00,180.0,2.121
SIMULATION_FORCING,1013.0,0.0,62.607,425.0,SYNTHETIC,27.868,2026-08-12T16:00:00+00:00,180.0,1.812
SIMULATION_FORCING,1013.0,0.0,68.063,219.996,SYNTHETIC,27.073,2026-08-12T17:00:00+00:00,180.0,1.915
SIMULATION_FORCING,1013.0,0.0,71.445,0.0,SYNTHETIC,26.038,2026-08-12T18:00:00+00:00,180.0,2.169
SIMULATION_FORCING,1013.0,0.0,73.766,0.0,SYNTHETIC,24.832,2026-08-12T19:00:00+00:00,180.0,2.054
SIMULATION_FORCING,1013.0,0.0,70.725,0.0,SYNTHETIC,23.538,2026-08-12T20:00:00+00:00,180.0,1.654
SIMULATION_FORCING,1013.0,0.0,72.138,0.0,SYNTHETIC,22.243,2026-08-12T21:00:00+00:00,180.0,2.399
SIMULATION_FORCING,1013.0,0.0,70.084,0.0,SYNTHETIC,21.038,2026-08-12T22:00:00+00:00,180.0,1.641
SIMULATION_FORCING,1013.0,0.0,70.679,0.0,SYNTHETIC,20.002,2026-08-12T23:00:00+00:00,180.0,2.376
SIMULATION_FORCING,1013.0,0.0,70.735,0.0,SYNTHETIC,19.084,2026-08-13T00:00:00+00:00,180.0,1.669
SIMULATION_FORCING,1013.0,0.0,73.247,0.0,SYNTHETIC,18.585,2026-08-13T01:00:00+00:00,180.0,1.906
SIMULATION_FORCING,1013.0,0.0,73.179,0.0,SYNTHETIC,18.415,2026-08-13T02:00:00+00:00,180.0,2.483
SIMULATION_FORCING,1013.0,0.0,71.991,0.0,SYNTHETIC,18.585,2026-08-13T03:00:00+00:00,180.0,1.682
SIMULATION_FORCING,1013.0,0.0,73.269,0.0,SYNTHETIC,19.084,2026-08-13T04:00:00+00:00,180.0,2.217
SIMULATION_FORCING,1013.0,0.0,70.399,0.0,SYNTHETIC,19.879,2026-08-13T05:00:00+00:00,180.0,1.902
SIMULATION_FORCING,1013.0,0.0,72.251,0.0,SYNTHETIC,20.915,2026-08-13T06:00:00+00:00,180.0,2.262
SIMULATION_FORCING,1013.0,0.0,66.742,219.996,SYNTHETIC,22.121,2026-08-13T07:00:00+00:00,180.0,1.512
SIMULATION_FORCING,1013.0,0.0,61.466,425.0,SYNTHETIC,23.415,2026-08-13T08:00:00+00:00,180.0,1.85
SIMULATION_FORCING,1013.0,0.0,58.603,601.041,SYNTHETIC,24.709,2026-08-13T09:00:00+00:00,180.0,1.781
SIMULATION_FORCING,1013.0,0.0,57.494,736.122,SYNTHETIC,25.915,2026-08-13T10:00:00+00:00,180.0,2.247
SIMULATION_FORCING,1013.0,0.0,52.869,821.037,SYNTHETIC,26.95,2026-08-13T11:00:00+00:00,180.0,2.1
SIMULATION_FORCING,1013.0,0.0,52.725,850.0,SYNTHETIC,27.745,2026-08-13T12:00:00+00:00,180.0,1.574
SIMULATION_FORCING,1013.0,0.0,55.933,821.037,SYNTHETIC,28.244,2026-08-13T13:00:00+00:00,180.0,1.93
SIMULATION_FORCING,1013.0,0.0,58.321,736.122,SYNTHETIC,28.415,2026-08-13T14:00:00+00:00,180.0,2.393
SIMULATION_FORCING,1013.0,0.0,57.669,601.041,SYNTHETIC,28.244,2026-08-13T15:00:00+00:00,180.0,1.546
SIMULATION_FORCING,1013.0,0.0,64.77,425.0,SYNTHETIC,27.745,2026-08-13T16:00:00+00:00,180.0,1.588
SIMULATION_FORCING,1013.0,0.0,68.193,219.996,SYNTHETIC,26.95,2026-08-13T17:00:00+00:00,180.0,2.487
SIMULATION_FORCING,1013.0,0.0,73.794,0.0,SYNTHETIC,25.915,2026-08-13T18:00:00+00:00,180.0,1.88
SIMULATION_FORCING,1013.0,0.0,73.371,0.0,SYNTHETIC,24.709,2026-08-13T19:00:00+00:00,180.0,1.857
SIMULATION_FORCING,1013.0,0.0,73.625,0.0,SYNTHETIC,23.415,2026-08-13T20:00:00+00:00,180.0,2.334
SIMULATION_FORCING,1013.0,0.0,71.924,0.0,SYNTHETIC,22.121,2026-08-13T21:00:00+00:00,180.0,2.278
SIMULATION_FORCING,1013.0,0.0,73.76,0.0,SYNTHETIC,20.915,2026-08-13T22:00:00+00:00,180.0,2.306
SIMULATION_FORCING,1013.0,0.0,70.882,0.0,SYNTHETIC,19.879,2026-08-13T23:00:00+00:00,180.0,2.023
SIMULATION_FORCING,1013.0,0.0,70.292,0.0,SYNTHETIC,18.96,2026-08-14T00:00:00+00:00,180.0,2.169
SIMULATION_FORCING,1013.0,0.0,70.654,0.0,SYNTHETIC,18.46,2026-08-14T01:00:00+00:00,180.0,2.233
SIMULATION_FORCING,1013.0,0.0,73.66,0.0,SYNTHETIC,18.29,2026-08-14T02:00:00+00:00,180.0,1.636
SIMULATION_FORCING,1013.0,0.0,72.034,0.0,SYNTHETIC,18.46,2026-08-14T03:00:00+00:00,180.0,1.914
SIMULATION_FORCING,1013.0,0.0,70.361,0.0,SYNTHETIC,18.96,2026-08-14T04:00:00+00:00,180.0,2.378
SIMULATION_FORCING,1013.0,0.0,70.461,0.0,SYNTHETIC,19.755,2026-08-14T05:00:00+00:00,180.0,1.736
SIMULATION_FORCING,1013.0,0.0,73.292,0.0,SYNTHETIC,20.79,2026-08-14T06:00:00+00:00,180.0,2.318
SIMULATION_FORCING,1013.0,0.0,67.003,219.996,SYNTHETIC,21.996,2026-08-14T07:00:00+00:00,180.0,2.465
SIMULATION_FORCING,1013.0,0.0,62.934,425.0,SYNTHETIC,23.29,2026-08-14T08:00:00+00:00,180.0,1.569
SIMULATION_FORCING,1013.0,0.0,59.794,601.041,SYNTHETIC,24.584,2026-08-14T09:00:00+00:00,180.0,1.934
SIMULATION_FORCING,1013.0,0.0,55.107,736.122,SYNTHETIC,25.79,2026-08-14T10:00:00+00:00,180.0,1.77
SIMULATION_FORCING,1013.0,0.0,55.263,821.037,SYNTHETIC,26.826,2026-08-14T11:00:00+00:00,180.0,1.726
SIMULATION_FORCING,1013.0,0.0,54.726,850.0,SYNTHETIC,27.62,2026-08-14T12:00:00+00:00,180.0,1.964
SIMULATION_FORCING,1013.0,0.0,54.804,821.037,SYNTHETIC,28.12,2026-08-14T13:00:00+00:00,180.0,1.553
SIMULATION_FORCING,1013.0,0.0,54.786,736.122,SYNTHETIC,28.29,2026-08-14T14:00:00+00:00,180.0,2.053
SIMULATION_FORCING,1013.0,0.0,58.064,601.041,SYNTHETIC,28.12,2026-08-14T15:00:00+00:00,180.0,1.794
SIMULATION_FORCING,1013.0,0.0,62.118,425.0,SYNTHETIC,27.62,2026-08-14T16:00:00+00:00,180.0,1.975
SIMULATION_FORCING,1013.0,0.0,68.505,219.996,SYNTHETIC,26.826,2026-08-14T17:00:00+00:00,180.0,2.399
SIMULATION_FORCING,1013.0,0.0,72.015,0.0,SYNTHETIC,25.79,2026-08-14T18:00:00+00:00,180.0,2.234
SIMULATION_FORCING,1013.0,0.0,71.402,0.0,SYNTHETIC,24.584,2026-08-14T19:00:00+00:00,180.0,1.856
SIMULATION_FORCING,1013.0,0.0,72.776,0.0,SYNTHETIC,23.29,2026-08-14T20:00:00+00:00,180.0,2.14
SIMULATION_FORCING,1013.0,0.0,73.271,0.0,SYNTHETIC,21.996,2026-08-14T21:00:00+00:00,180.0,2.354
SIMULATION_FORCING,1013.0,0.0,72.947,0.0,SYNTHETIC,20.79,2026-08-14T22:00:00+00:00,180.0,1.706
SIMULATION_FORCING,1013.0,0.0,73.646,0.0,SYNTHETIC,19.755,2026-08-14T23:00:00+00:00,180.0,1.942
SIMULATION_FORCING,1013.0,0.0,70.562,0.0,SYNTHETIC,18.834,2026-08-15T00:00:00+00:00,180.0,2.491
SIMULATION_FORCING,1013.0,0.0,73.42,0.0,SYNTHETIC,18.334,2026-08-15T01:00:00+00:00,180.0,1.644
SIMULATION_FORCING,1013.0,0.0,70.818,0.0,SYNTHETIC,18.164,2026-08-15T02:00:00+00:00,180.0,1.712
SIMULATION_FORCING,1013.0,0.0,72.108,0.0,SYNTHETIC,18.334,2026-08-15T03:00:00+00:00,180.0,1.652
SIMULATION_FORCING,1013.0,0.0,71.529,0.0,SYNTHETIC,18.834,2026-08-15T04:00:00+00:00,180.0,2.231
SIMULATION_FORCING,1013.0,0.0,73.607,0.0,SYNTHETIC,19.628,2026-08-15T05:00:00+00:00,180.0,1.559
SIMULATION_FORCING,1013.0,0.0,70.571,0.0,SYNTHETIC,20.664,2026-08-15T06:00:00+00:00,180.0,1.96
SIMULATION_FORCING,1013.0,0.0,69.061,219.996,SYNTHETIC,21.87,2026-08-15T07:00:00+00:00,180.0,2.211
SIMULATION_FORCING,1013.0,0.0,62.849,425.0,SYNTHETIC,23.164,2026-08-15T08:00:00+00:00,180.0,2.436
SIMULATION_FORCING,1013.0,0.0,57.407,601.041,SYNTHETIC,24.458,2026-08-15T09:00:00+00:00,180.0,2.183
SIMULATION_FORCING,1013.0,0.0,56.836,736.122,SYNTHETIC,25.664,2026-08-15T10:00:00+00:00,180.0,2.073
SIMULATION_FORCING,1013.0,0.0,56.189,821.037,SYNTHETIC,26.699,2026-08-15T11:00:00+00:00,180.0,1.682
SIMULATION_FORCING,1013.0,0.0,54.618,850.0,SYNTHETIC,27.494,2026-08-15T12:00:00+00:00,180.0,1.655
SIMULATION_FORCING,1013.0,0.0,56.311,821.037,SYNTHETIC,27.994,2026-08-15T13:00:00+00:00,180.0,2.266
SIMULATION_FORCING,1013.0,0.0,56.087,736.122,SYNTHETIC,28.164,2026-08-15T14:00:00+00:00,180.0,2.276
SIMULATION_FORCING,1013.0,0.0,59.424,601.041,SYNTHETIC,27.994,2026-08-15T15:00:00+00:00,180.0,1.675
SIMULATION_FORCING,1013.0,0.0,61.531,425.0,SYNTHETIC,27.494,2026-08-15T16:00:00+00:00,180.0,1.903
SIMULATION_FORCING,1013.0,0.0,66.866,219.996,SYNTHETIC,26.699,2026-08-15T17:00:00+00:00,180.0,1.958
SIMULATION_FORCING,1013.0,0.0,73.552,0.0,SYNTHETIC,25.664,2026-08-15T18:00:00+00:00,180.0,1.613
SIMULATION_FORCING,1013.0,0.0,70.771,0.0,SYNTHETIC,24.458,2026-08-15T19:00:00+00:00,180.0,2.423
SIMULATION_FORCING,1013.0,0.0,70.292,0.0,SYNTHETIC,23.164,2026-08-15T20:00:00+00:00,180.0,1.906
SIMULATION_FORCING,1013.0,0.0,72.994,0.0,SYNTHETIC,21.87,2026-08-15T21:00:00+00:00,180.0,1.882
SIMULATION_FORCING,1013.0,0.0,71.115,0.0,SYNTHETIC,20.664,2026-08-15T22:00:00+00:00,180.0,1.731
SIMULATION_FORCING,1013.0,0.0,71.399,0.0,SYNTHETIC,19.628,2026-08-15T23:00:00+00:00,180.0,2.302
SIMULATION_FORCING,1013.0,0.0,73.6,0.0,SYNTHETIC,18.706,2026-08-16T00:00:00+00:00,180.0,2.13
SIMULATION_FORCING,1013.0,0.0,70.791,0.0,SYNTHETIC,18.207,2026-08-16T01:00:00+00:00,180.0,2.265
SIMULATION_FORCING,1013.0,0.0,72.371,0.0,SYNTHETIC,18.036,2026-08-16T02:00:00+00:00,180.0,2.174
SIMULATION_FORCING,1013.0,0.0,73.382,0.0,SYNTHETIC,18.207,2026-08-16T03:00:00+00:00,180.0,1.687
SIMULATION_FORCING,1013.0,0.0,73.41,0.0,SYNTHETIC,18.706,2026-08-16T04:00:00+00:00,180.0,1.94
SIMULATION_FORCING,1013.0,0.0,71.722,0.0,SYNTHETIC,19.501,2026-08-16T05:00:00+00:00,180.0,1.56
SIMULATION_FORCING,1013.0,0.0,73.684,0.0,SYNTHETIC,20.536,2026-08-16T06:00:00+00:00,180.0,1.56
SIMULATION_FORCING,1013.0,0.0,66.824,219.996,SYNTHETIC,21.742,2026-08-16T07:00:00+00:00,180.0,1.755
SIMULATION_FORCING,1013.0,0.0,63.308,425.0,SYNTHETIC,23.036,2026-08-16T08:00:00+00:00,180.0,1.8
SIMULATION_FORCING,1013.0,0.0,60.372,601.041,SYNTHETIC,24.33,2026-08-16T09:00:00+00:00,180.0,1.931
SIMULATION_FORCING,1013.0,0.0,58.335,736.122,SYNTHETIC,25.536,2026-08-16T10:00:00+00:00,180.0,2.108
SIMULATION_FORCING,1013.0,0.0,54.65,821.037,SYNTHETIC,26.572,2026-08-16T11:00:00+00:00,180.0,2.355
SIMULATION_FORCING,1013.0,0.0,55.851,850.0,SYNTHETIC,27.366,2026-08-16T12:00:00+00:00,180.0,1.706
SIMULATION_FORCING,1013.0,0.0,54.429,821.037,SYNTHETIC,27.866,2026-08-16T13:00:00+00:00,180.0,1.661
SIMULATION_FORCING,1013.0,0.0,54.989,736.122,SYNTHETIC,28.036,2026-08-16T14:00:00+00:00,180.0,2.343
SIMULATION_FORCING,1013.0,0.0,58.185,601.041,SYNTHETIC,27.866,2026-08-16T15:00:00+00:00,180.0,1.934
SIMULATION_FORCING,1013.0,0.0,63.365,425.0,SYNTHETIC,27.366,2026-08-16T16:00:00+00:00,180.0,2.397
SIMULATION_FORCING,1013.0,0.0,66.874,219.996,SYNTHETIC,26.572,2026-08-16T17:00:00+00:00,180.0,2.464
SIMULATION_FORCING,1013.0,0.0,70.102,0.0,SYNTHETIC,25.536,2026-08-16T18:00:00+00:00,180.0,1.815
SIMULATION_FORCING,1013.0,0.0,73.184,0.0,SYNTHETIC,24.33,2026-08-16T19:00:00+00:00,180.0,1.666
SIMULATION_FORCING,1013.0,0.0,71.505,0.0,SYNTHETIC,23.036,2026-08-16T20:00:00+00:00,180.0,1.8
SIMULATION_FORCING,1013.0,0.0,73.758,0.0,SYNTHETIC,21.742,2026-08-16T21:00:00+00:00,180.0,2.266
SIMULATION_FORCING,1013.0,0.0,70.642,0.0,SYNTHETIC,20.536,2026-08-16T22:00:00+00:00,180.0,1.985
SIMULATION_FORCING,1013.0,0.0,70.149,0.0,SYNTHETIC,19.501,2026-08-16T23:00:00+00:00,180.0,2.138
SIMULATION_FORCING,1013.0,0.0,72.654,0.0,SYNTHETIC,18.577,2026-08-17T00:00:00+00:00,180.0,1.51
SIMULATION_FORCING,1013.0,0.0,72.827,0.0,SYNTHETIC,18.078,2026-08-17T01:00:00+00:00,180.0,2.196
SIMULATION_FORCING,1013.0,0.0,70.061,0.0,SYNTHETIC,17.907,2026-08-17T02:00:00+00:00,180.0,2.091
SIMULATION_FORCING,1013.0,0.0,71.71,0.0,SYNTHETIC,18.078,2026-08-17T03:00:00+00:00,180.0,1.769
SIMULATION_FORCING,1013.0,0.0,71.468,0.0,SYNTHETIC,18.577,2026-08-17T04:00:00+00:00,180.0,2.214
SIMULATION_FORCING,1013.0,0.0,73.199,0.0,SYNTHETIC,19.372,2026-08-17T05:00:00+00:00,180.0,2.4
SIMULATION_FORCING,1013.0,0.0,72.529,0.0,SYNTHETIC,20.407,2026-08-17T06:00:00+00:00,180.0,1.641
SIMULATION_FORCING,1013.0,0.0,68.949,219.996,SYNTHETIC,21.613,2026-08-17T07:00:00+00:00,180.0,2.034
SIMULATION_FORCING,1013.0,0.0,62.938,425.0,SYNTHETIC,22.907,2026-08-17T08:00:00+00:00,180.0,2.18
SIMULATION_FORCING,1013.0,0.0,60.294,601.041,SYNTHETIC,24.201,2026-08-17T09:00:00+00:00,180.0,2.114
SIMULATION_FORCING,1013.0,0.0,55.015,736.122,SYNTHETIC,25.407,2026-08-17T10:00:00+00:00,180.0,2.345
SIMULATION_FORCING,1013.0,0.0,55.8,821.037,SYNTHETIC,26.443,2026-08-17T11:00:00+00:00,180.0,1.891
SIMULATION_FORCING,1013.0,0.0,53.578,850.0,SYNTHETIC,27.237,2026-08-17T12:00:00+00:00,180.0,2.1
SIMULATION_FORCING,1013.0,0.0,53.271,821.037,SYNTHETIC,27.737,2026-08-17T13:00:00+00:00,180.0,2.094
SIMULATION_FORCING,1013.0,0.0,55.393,736.122,SYNTHETIC,27.907,2026-08-17T14:00:00+00:00,180.0,2.219
SIMULATION_FORCING,1013.0,0.0,60.078,601.041,SYNTHETIC,27.737,2026-08-17T15:00:00+00:00,180.0,2.355
SIMULATION_FORCING,1013.0,0.0,62.08,425.0,SYNTHETIC,27.237,2026-08-17T16:00:00+00:00,180.0,1.825
SIMULATION_FORCING,1013.0,0.0,67.578,219.996,SYNTHETIC,26.443,2026-08-17T17:00:00+00:00,180.0,2.187
SIMULATION_FORCING,1013.0,0.0,70.545,0.0,SYNTHETIC,25.407,2026-08-17T18:00:00+00:00,180.0,1.881
SIMULATION_FORCING,1013.0,0.0,70.898,0.0,SYNTHETIC,24.201,2026-08-17T19:00:00+00:00,180.0,2.236
SIMULATION_FORCING,1013.0,0.0,71.491,0.0,SYNTHETIC,22.907,2026-08-17T20:00:00+00:00,180.0,2.409
SIMULATION_FORCING,1013.0,0.0,73.819,0.0,SYNTHETIC,21.613,2026-08-17T21:00:00+00:00,180.0,2.359
SIMULATION_FORCING,1013.0,0.0,73.579,0.0,SYNTHETIC,20.407,2026-08-17T22:00:00+00:00,180.0,1.624
SIMULATION_FORCING,1013.0,0.0,72.236,0.0,SYNTHETIC,19.372,2026-08-17T23:00:00+00:00,180.0,2.484
SIMULATION_FORCING,1013.0,0.0,71.42,0.0,SYNTHETIC,18.446,2026-08-18T00:00:00+00:00,180.0,2.473
SIMULATION_FORCING,1013.0,0.0,71.415,0.0,SYNTHETIC,17.947,2026-08-18T01:00:00+00:00,180.0,1.864
SIMULATION_FORCING,1013.0,0.0,73.473,0.0,SYNTHETIC,17.777,2026-08-18T02:00:00+00:00,180.0,2.072
SIMULATION_FORCING,1013.0,0.0,70.312,0.0,SYNTHETIC,17.947,2026-08-18T03:00:00+00:00,180.0,1.839
SIMULATION_FORCING,1013.0,0.0,73.262,0.0,SYNTHETIC,18.446,2026-08-18T04:00:00+00:00,180.0,1.657
SIMULATION_FORCING,1013.0,0.0,73.917,0.0,SYNTHETIC,19.241,2026-08-18T05:00:00+00:00,180.0,2.334
SIMULATION_FORCING,1013.0,0.0,70.869,0.0,SYNTHETIC,20.277,2026-08-18T06:00:00+00:00,180.0,2.436
SIMULATION_FORCING,1013.0,0.0,66.267,219.996,SYNTHETIC,21.482,2026-08-18T07:00:00+00:00,180.0,1.936
SIMULATION_FORCING,1013.0,0.0,64.221,425.0,SYNTHETIC,22.777,2026-08-18T08:00:00+00:00,180.0,2.159
SIMULATION_FORCING,1013.0,0.0,60.916,601.041,SYNTHETIC,24.071,2026-08-18T09:00:00+00:00,180.0,1.995
SIMULATION_FORCING,1013.0,0.0,57.541,736.122,SYNTHETIC,25.277,2026-08-18T10:00:00+00:00,180.0,1.638
SIMULATION_FORCING,1013.0,0.0,56.508,821.037,SYNTHETIC,26.312,2026-08-18T11:00:00+00:00,180.0,2.269
SIMULATION_FORCING,1013.0,0.0,52.163,850.0,SYNTHETIC,27.107,2026-08-18T12:00:00+00:00,180.0,2.274
SIMULATION_FORCING,1013.0,0.0,53.561,821.037,SYNTHETIC,27.606,2026-08-18T13:00:00+00:00,180.0,2.333
SIMULATION_FORCING,1013.0,0.0,56.177,736.122,SYNTHETIC,27.777,2026-08-18T14:00:00+00:00,180.0,2.017
SIMULATION_FORCING,1013.0,0.0,60.467,601.041,SYNTHETIC,27.606,2026-08-18T15:00:00+00:00,180.0,1.639
SIMULATION_FORCING,1013.0,0.0,63.342,425.0,SYNTHETIC,27.107,2026-08-18T16:00:00+00:00,180.0,2.221
SIMULATION_FORCING,1013.0,0.0,66.114,219.996,SYNTHETIC,26.312,2026-08-18T17:00:00+00:00,180.0,1.692
SIMULATION_FORCING,1013.0,0.0,71.97,0.0,SYNTHETIC,25.277,2026-08-18T18:00:00+00:00,180.0,2.193
SIMULATION_FORCING,1013.0,0.0,71.662,0.0,SYNTHETIC,24.071,2026-08-18T19:00:00+00:00,180.0,2.491
SIMULATION_FORCING,1013.0,0.0,71.801,0.0,SYNTHETIC,22.777,2026-08-18T20:00:00+00:00,180.0,1.936
SIMULATION_FORCING,1013.0,0.0,72.532,0.0,SYNTHETIC,21.482,2026-08-18T21:00:00+00:00,180.0,1.799
SIMULATION_FORCING,1013.0,0.0,71.801,0.0,SYNTHETIC,20.277,2026-08-18T22:00:00+00:00,180.0,1.925
SIMULATION_FORCING,1013.0,0.0,70.299,0.0,SYNTHETIC,19.241,2026-08-18T23:00:00+00:00,180.0,2.451
SIMULATION_FORCING,1013.0,0.0,73.017,0.0,SYNTHETIC,18.314,2026-08-19T00:00:00+00:00,180.0,2.401
SIMULATION_FORCING,1013.0,0.0,72.424,0.0,SYNTHETIC,17.815,2026-08-19T01:00:00+00:00,180.0,2.47
SIMULATION_FORCING,1013.0,0.0,71.837,0.0,SYNTHETIC,17.645,2026-08-19T02:00:00+00:00,180.0,2.173
SIMULATION_FORCING,1013.0,0.0,70.049,0.0,SYNTHETIC,17.815,2026-08-19T03:00:00+00:00,180.0,1.665
SIMULATION_FORCING,1013.0,0.0,72.676,0.0,SYNTHETIC,18.314,2026-08-19T04:00:00+00:00,180.0,1.594
SIMULATION_FORCING,1013.0,0.0,70.631,0.0,SYNTHETIC,19.109,2026-08-19T05:00:00+00:00,180.0,2.015
SIMULATION_FORCING,1013.0,0.0,73.873,0.0,SYNTHETIC,20.145,2026-08-19T06:00:00+00:00,180.0,2.254
SIMULATION_FORCING,1013.0,0.0,66.744,219.996,SYNTHETIC,21.35,2026-08-19T07:00:00+00:00,180.0,1.635
SIMULATION_FORCING,1013.0,0.0,61.158,425.0,SYNTHETIC,22.645,2026-08-19T08:00:00+00:00,180.0,2.192
SIMULATION_FORCING,1013.0,0.0,60.642,601.041,SYNTHETIC,23.939,2026-08-19T09:00:00+00:00,180.0,1.649
SIMULATION_FORCING,1013.0,0.0,55.753,736.122,SYNTHETIC,25.145,2026-08-19T10:00:00+00:00,180.0,2.352
SIMULATION_FORCING,1013.0,0.0,52.802,821.037,SYNTHETIC,26.18,2026-08-19T11:00:00+00:00,180.0,1.648
SIMULATION_FORCING,1013.0,0.0,53.107,850.0,SYNTHETIC,26.975,2026-08-19T12:00:00+00:00,180.0,1.924
SIMULATION_FORCING,1013.0,0.0,56.287,821.037,SYNTHETIC,27.474,2026-08-19T13:00:00+00:00,180.0,2.297
SIMULATION_FORCING,1013.0,0.0,56.173,736.122,SYNTHETIC,27.645,2026-08-19T14:00:00+00:00,180.0,1.876
SIMULATION_FORCING,1013.0,0.0,59.693,601.041,SYNTHETIC,27.474,2026-08-19T15:00:00+00:00,180.0,1.786
SIMULATION_FORCING,1013.0,0.0,61.448,425.0,SYNTHETIC,26.975,2026-08-19T16:00:00+00:00,180.0,2.477
SIMULATION_FORCING,1013.0,0.0,65.83,219.996,SYNTHETIC,26.18,2026-08-19T17:00:00+00:00,180.0,1.534
SIMULATION_FORCING,1013.0,0.0,73.514,0.0,SYNTHETIC,25.145,2026-08-19T18:00:00+00:00,180.0,2.252
SIMULATION_FORCING,1013.0,0.0,71.251,0.0,SYNTHETIC,23.939,2026-08-19T19:00:00+00:00,180.0,1.793
SIMULATION_FORCING,1013.0,0.0,72.427,0.0,SYNTHETIC,22.645,2026-08-19T20:00:00+00:00,180.0,1.535
SIMULATION_FORCING,1013.0,0.0,71.477,0.0,SYNTHETIC,21.35,2026-08-19T21:00:00+00:00,180.0,1.959
SIMULATION_FORCING,1013.0,0.0,72.291,0.0,SYNTHETIC,20.145,2026-08-19T22:00:00+00:00,180.0,1.789
SIMULATION_FORCING,1013.0,0.0,72.025,0.0,SYNTHETIC,19.109,2026-08-19T23:00:00+00:00,180.0,1.58
SIMULATION_FORCING,1013.0,0.0,70.304,0.0,SYNTHETIC,18.181,2026-08-20T00:00:00+00:00,180.0,2.084
SIMULATION_FORCING,1013.0,0.0,72.16,0.0,SYNTHETIC,17.682,2026-08-20T01:00:00+00:00,180.0,2.019
SIMULATION_FORCING,1013.0,0.0,72.189,0.0,SYNTHETIC,17.511,2026-08-20T02:00:00+00:00,180.0,1.965
SIMULATION_FORCING,1013.0,0.0,72.234,0.0,SYNTHETIC,17.682,2026-08-20T03:00:00+00:00,180.0,1.687
SIMULATION_FORCING,1013.0,0.0,73.658,0.0,SYNTHETIC,18.181,2026-08-20T04:00:00+00:00,180.0,2.377
SIMULATION_FORCING,1013.0,0.0,73.329,0.0,SYNTHETIC,18.976,2026-08-20T05:00:00+00:00,180.0,1.842
SIMULATION_FORCING,1013.0,0.0,73.055,0.0,SYNTHETIC,20.011,2026-08-20T06:00:00+00:00,180.0,1.743
SIMULATION_FORCING,1013.0,0.0,65.789,219.996,SYNTHETIC,21.217,2026-08-20T07:00:00+00:00,180.0,2.413
SIMULATION_FORCING,1013.0,0.0,64.32,425.0,SYNTHETIC,22.511,2026-08-20T08:00:00+00:00,180.0,1.865
SIMULATION_FORCING,1013.0,0.0,57.54,601.041,SYNTHETIC,23.805,2026-08-20T09:00:00+00:00,180.0,2.008
SIMULATION_FORCING,1013.0,0.0,55.114,736.122,SYNTHETIC,25.011,2026-08-20T10:00:00+00:00,180.0,2.023
SIMULATION_FORCING,1013.0,0.0,53.237,821.037,SYNTHETIC,26.047,2026-08-20T11:00:00+00:00,180.0,2.305
SIMULATION_FORCING,1013.0,0.0,52.345,850.0,SYNTHETIC,26.841,2026-08-20T12:00:00+00:00,180.0,2.133
SIMULATION_FORCING,1013.0,0.0,55.153,821.037,SYNTHETIC,27.341,2026-08-20T13:00:00+00:00,180.0,1.592
SIMULATION_FORCING,1013.0,0.0,57.155,736.122,SYNTHETIC,27.511,2026-08-20T14:00:00+00:00,180.0,2.065
SIMULATION_FORCING,1013.0,0.0,59.654,601.041,SYNTHETIC,27.341,2026-08-20T15:00:00+00:00,180.0,1.959
SIMULATION_FORCING,1013.0,0.0,64.782,425.0,SYNTHETIC,26.841,2026-08-20T16:00:00+00:00,180.0,2.012
SIMULATION_FORCING,1013.0,0.0,65.999,219.996,SYNTHETIC,26.047,2026-08-20T17:00:00+00:00,180.0,2.228
SIMULATION_FORCING,1013.0,0.0,71.759,0.0,SYNTHETIC,25.011,2026-08-20T18:00:00+00:00,180.0,1.703
SIMULATION_FORCING,1013.0,0.0,72.007,0.0,SYNTHETIC,23.805,2026-08-20T19:00:00+00:00,180.0,1.952
SIMULATION_FORCING,1013.0,0.0,70.456,0.0,SYNTHETIC,22.511,2026-08-20T20:00:00+00:00,180.0,2.147
SIMULATION_FORCING,1013.0,0.0,73.066,0.0,SYNTHETIC,21.217,2026-08-20T21:00:00+00:00,180.0,2.347
SIMULATION_FORCING,1013.0,0.0,73.617,0.0,SYNTHETIC,20.011,2026-08-20T22:00:00+00:00,180.0,2.216
SIMULATION_FORCING,1013.0,0.0,73.787,0.0,SYNTHETIC,18.976,2026-08-20T23:00:00+00:00,180.0,1.809
SIMULATION_FORCING,1013.0,0.0,73.865,0.0,SYNTHETIC,18.046,2026-08-21T00:00:00+00:00,180.0,2.37
SIMULATION_FORCING,1013.0,0.0,71.856,0.0,SYNTHETIC,17.547,2026-08-21T01:00:00+00:00,180.0,2.064
SIMULATION_FORCING,1013.0,0.0,72.799,0.0,SYNTHETIC,17.376,2026-08-21T02:00:00+00:00,180.0,1.822
SIMULATION_FORCING,1013.0,0.0,70.278,0.0,SYNTHETIC,17.547,2026-08-21T03:00:00+00:00,180.0,2.439
SIMULATION_FORCING,1013.0,0.0,72.17,0.0,SYNTHETIC,18.046,2026-08-21T04:00:00+00:00,180.0,2.018
SIMULATION_FORCING,1013.0,0.0,72.87,0.0,SYNTHETIC,18.841,2026-08-21T05:00:00+00:00,180.0,1.958
SIMULATION_FORCING,1013.0,0.0,72.512,0.0,SYNTHETIC,19.876,2026-08-21T06:00:00+00:00,180.0,1.992
SIMULATION_FORCING,1013.0,0.0,65.69,219.996,SYNTHETIC,21.082,2026-08-21T07:00:00+00:00,180.0,2.467
SIMULATION_FORCING,1013.0,0.0,64.457,425.0,SYNTHETIC,22.376,2026-08-21T08:00:00+00:00,180.0,1.999
SIMULATION_FORCING,1013.0,0.0,58.025,601.041,SYNTHETIC,23.671,2026-08-21T09:00:00+00:00,180.0,1.872
SIMULATION_FORCING,1013.0,0.0,57.175,736.122,SYNTHETIC,24.876,2026-08-21T10:00:00+00:00,180.0,1.649
SIMULATION_FORCING,1013.0,0.0,55.303,821.037,SYNTHETIC,25.912,2026-08-21T11:00:00+00:00,180.0,1.783
SIMULATION_FORCING,1013.0,0.0,55.521,850.0,SYNTHETIC,26.707,2026-08-21T12:00:00+00:00,180.0,2.063
SIMULATION_FORCING,1013.0,0.0,55.171,821.037,SYNTHETIC,27.206,2026-08-21T13:00:00+00:00,180.0,1.953
SIMULATION_FORCING,1013.0,0.0,54.668,736.122,SYNTHETIC,27.376,2026-08-21T14:00:00+00:00,180.0,2.016
SIMULATION_FORCING,1013.0,0.0,59.448,601.041,SYNTHETIC,27.206,2026-08-21T15:00:00+00:00,180.0,1.843
SIMULATION_FORCING,1013.0,0.0,62.511,425.0,SYNTHETIC,26.707,2026-08-21T16:00:00+00:00,180.0,2.025
SIMULATION_FORCING,1013.0,0.0,67.794,219.996,SYNTHETIC,25.912,2026-08-21T17:00:00+00:00,180.0,1.912
SIMULATION_FORCING,1013.0,0.0,71.222,0.0,SYNTHETIC,24.876,2026-08-21T18:00:00+00:00,180.0,1.96
SIMULATION_FORCING,1013.0,0.0,73.455,0.0,SYNTHETIC,23.671,2026-08-21T19:00:00+00:00,180.0,2.128
SIMULATION_FORCING,1013.0,0.0,70.638,0.0,SYNTHETIC,22.376,2026-08-21T20:00:00+00:00,180.0,2.153
SIMULATION_FORCING,1013.0,0.0,70.087,0.0,SYNTHETIC,21.082,2026-08-21T21:00:00+00:00,180.0,2.073
SIMULATION_FORCING,1013.0,0.0,70.907,0.0,SYNTHETIC,19.876,2026-08-21T22:00:00+00:00,180.0,1.536
SIMULATION_FORCING,1013.0,0.0,70.759,0.0,SYNTHETIC,18.841,2026-08-21T23:00:00+00:00,180.0,2.011
SIMULATION_FORCING,1013.0,0.0,72.403,0.0,SYNTHETIC,17.91,2026-08-22T00:00:00+00:00,180.0,1.928
SIMULATION_FORCING,1013.0,0.0,70.262,0.0,SYNTHETIC,17.411,2026-08-22T01:00:00+00:00,180.0,2.211
SIMULATION_FORCING,1013.0,0.0,72.391,0.0,SYNTHETIC,17.24,2026-08-22T02:00:00+00:00,180.0,1.883
SIMULATION_FORCING,1013.0,0.0,71.267,0.0,SYNTHETIC,17.411,2026-08-22T03:00:00+00:00,180.0,2.178
SIMULATION_FORCING,1013.0,0.0,72.703,0.0,SYNTHETIC,17.91,2026-08-22T04:00:00+00:00,180.0,1.635
SIMULATION_FORCING,1013.0,0.0,71.13,0.0,SYNTHETIC,18.705,2026-08-22T05:00:00+00:00,180.0,1.682
SIMULATION_FORCING,1013.0,0.0,72.345,0.0,SYNTHETIC,19.74,2026-08-22T06:00:00+00:00,180.0,1.557
SIMULATION_FORCING,1013.0,0.0,66.554,219.996,SYNTHETIC,20.946,2026-08-22T07:00:00+00:00,180.0,1.996
SIMULATION_FORCING,1013.0,0.0,64.822,425.0,SYNTHETIC,22.24,2026-08-22T08:00:00+00:00,180.0,1.817
SIMULATION_FORCING,1013.0,0.0,57.41,601.041,SYNTHETIC,23.535,2026-08-22T09:00:00+00:00,180.0,1.558
SIMULATION_FORCING,1013.0,0.0,54.667,736.122,SYNTHETIC,24.74,2026-08-22T10:00:00+00:00,180.0,1.612
SIMULATION_FORCING,1013.0,0.0,54.615,821.037,SYNTHETIC,25.776,2026-08-22T11:00:00+00:00,180.0,2.301
SIMULATION_FORCING,1013.0,0.0,52.381,850.0,SYNTHETIC,26.571,2026-08-22T12:00:00+00:00,180.0,1.745
SIMULATION_FORCING,1013.0,0.0,56.442,821.037,SYNTHETIC,27.07,2026-08-22T13:00:00+00:00,180.0,2.145
SIMULATION_FORCING,1013.0,0.0,56.824,736.122,SYNTHETIC,27.24,2026-08-22T14:00:00+00:00,180.0,2.176
SIMULATION_FORCING,1013.0,0.0,58.326,601.041,SYNTHETIC,27.07,2026-08-22T15:00:00+00:00,180.0,1.715
SIMULATION_FORCING,1013.0,0.0,63.763,425.0,SYNTHETIC,26.571,2026-08-22T16:00:00+00:00,180.0,1.511
SIMULATION_FORCING,1013.0,0.0,66.015,219.996,SYNTHETIC,25.776,2026-08-22T17:00:00+00:00,180.0,2.09
SIMULATION_FORCING,1013.0,0.0,72.404,0.0,SYNTHETIC,24.74,2026-08-22T18:00:00+00:00,180.0,2.214
SIMULATION_FORCING,1013.0,0.0,71.556,0.0,SYNTHETIC,23.535,2026-08-22T19:00:00+00:00,180.0,1.911
SIMULATION_FORCING,1013.0,0.0,70.44,0.0,SYNTHETIC,22.24,2026-08-22T20:00:00+00:00,180.0,2.231
SIMULATION_FORCING,1013.0,0.0,73.879,0.0,SYNTHETIC,20.946,2026-08-22T21:00:00+00:00,180.0,1.526
SIMULATION_FORCING,1013.0,0.0,71.336,0.0,SYNTHETIC,19.74,2026-08-22T22:00:00+00:00,180.0,1.879
SIMULATION_FORCING,1013.0,0.0,72.573,0.0,SYNTHETIC,18.705,2026-08-22T23:00:00+00:00,180.0,2.144
SIMULATION_FORCING,1013.0,0.0,72.688,0.0,SYNTHETIC,17.773,2026-08-23T00:00:00+00:00,180.0,2.096
SIMULATION_FORCING,1013.0,0.0,73.913,0.0,SYNTHETIC,17.274,2026-08-23T01:00:00+00:00,180.0,1.733
SIMULATION_FORCING,1013.0,0.0,70.692,0.0,SYNTHETIC,17.103,2026-08-23T02:00:00+00:00,180.0,1.813
SIMULATION_FORCING,1013.0,0.0,71.902,0.0,SYNTHETIC,17.274,2026-08-23T03:00:00+00:00,180.0,2.261
SIMULATION_FORCING,1013.0,0.0,73.0,0.0,SYNTHETIC,17.773,2026-08-23T04:00:00+00:00,180.0,1.541
SIMULATION_FORCING,1013.0,0.0,72.569,0.0,SYNTHETIC,18.568,2026-08-23T05:00:00+00:00,180.0,1.731
SIMULATION_FORCING,1013.0,0.0,73.979,0.0,SYNTHETIC,19.603,2026-08-23T06:00:00+00:00,180.0,2.454
SIMULATION_FORCING,1013.0,0.0,69.028,219.996,SYNTHETIC,20.809,2026-08-23T07:00:00+00:00,180.0,2.425
SIMULATION_FORCING,1013.0,0.0,63.911,425.0,SYNTHETIC,22.103,2026-08-23T08:00:00+00:00,180.0,1.708
SIMULATION_FORCING,1013.0,0.0,59.375,601.041,SYNTHETIC,23.397,2026-08-23T09:00:00+00:00,180.0,2.482
SIMULATION_FORCING,1013.0,0.0,56.422,736.122,SYNTHETIC,24.603,2026-08-23T10:00:00+00:00,180.0,2.029
SIMULATION_FORCING,1013.0,0.0,53.231,821.037,SYNTHETIC,25.639,2026-08-23T11:00:00+00:00,180.0,2.217
SIMULATION_FORCING,1013.0,0.0,55.325,850.0,SYNTHETIC,26.433,2026-08-23T12:00:00+00:00,180.0,2.254
SIMULATION_FORCING,1013.0,0.0,54.253,821.037,SYNTHETIC,26.933,2026-08-23T13:00:00+00:00,180.0,1.943
SIMULATION_FORCING,1013.0,0.0,57.828,736.122,SYNTHETIC,27.103,2026-08-23T14:00:00+00:00,180.0,2.474
SIMULATION_FORCING,1013.0,0.0,60.698,601.041,SYNTHETIC,26.933,2026-08-23T15:00:00+00:00,180.0,2.04
SIMULATION_FORCING,1013.0,0.0,63.148,425.0,SYNTHETIC,26.433,2026-08-23T16:00:00+00:00,180.0,2.409
SIMULATION_FORCING,1013.0,0.0,66.743,219.996,SYNTHETIC,25.639,2026-08-23T17:00:00+00:00,180.0,2.038
SIMULATION_FORCING,1013.0,0.0,71.069,0.0,SYNTHETIC,24.603,2026-08-23T18:00:00+00:00,180.0,2.06
SIMULATION_FORCING,1013.0,0.0,72.313,0.0,SYNTHETIC,23.397,2026-08-23T19:00:00+00:00,180.0,1.784
SIMULATION_FORCING,1013.0,0.0,73.467,0.0,SYNTHETIC,22.103,2026-08-23T20:00:00+00:00,180.0,1.775
SIMULATION_FORCING,1013.0,0.0,71.159,0.0,SYNTHETIC,20.809,2026-08-23T21:00:00+00:00,180.0,1.65
SIMULATION_FORCING,1013.0,0.0,73.424,0.0,SYNTHETIC,19.603,2026-08-23T22:00:00+00:00,180.0,1.67
SIMULATION_FORCING,1013.0,0.0,71.951,0.0,SYNTHETIC,18.568,2026-08-23T23:00:00+00:00,180.0,1.662
SIMULATION_FORCING,1013.0,0.0,73.61,0.0,SYNTHETIC,17.635,2026-08-24T00:00:00+00:00,180.0,2.44
SIMULATION_FORCING,1013.0,0.0,73.391,0.0,SYNTHETIC,17.135,2026-08-24T01:00:00+00:00,180.0,2.459
SIMULATION_FORCING,1013.0,0.0,72.949,0.0,SYNTHETIC,16.965,2026-08-24T02:00:00+00:00,180.0,1.576
SIMULATION_FORCING,1013.0,0.0,72.478,0.0,SYNTHETIC,17.135,2026-08-24T03:00:00+00:00,180.0,1.533
SIMULATION_FORCING,1013.0,0.0,72.051,0.0,SYNTHETIC,17.635,2026-08-24T04:00:00+00:00,180.0,2.03
SIMULATION_FORCING,1013.0,0.0,73.822,0.0,SYNTHETIC,18.429,2026-08-24T05:00:00+00:00,180.0,2.446
SIMULATION_FORCING,1013.0,0.0,73.477,0.0,SYNTHETIC,19.465,2026-08-24T06:00:00+00:00,180.0,1.91
SIMULATION_FORCING,1013.0,0.0,66.63,219.996,SYNTHETIC,20.671,2026-08-24T07:00:00+00:00,180.0,2.386
SIMULATION_FORCING,1013.0,0.0,64.358,425.0,SYNTHETIC,21.965,2026-08-24T08:00:00+00:00,180.0,1.763
SIMULATION_FORCING,1013.0,0.0,58.548,601.041,SYNTHETIC,23.259,2026-08-24T09:00:00+00:00,180.0,2.133
SIMULATION_FORCING,1013.0,0.0,57.176,736.122,SYNTHETIC,24.465,2026-08-24T10:00:00+00:00,180.0,1.997
SIMULATION_FORCING,1013.0,0.0,54.954,821.037,SYNTHETIC,25.5,2026-08-24T11:00:00+00:00,180.0,1.63
SIMULATION_FORCING,1013.0,0.0,55.503,850.0,SYNTHETIC,26.295,2026-08-24T12:00:00+00:00,180.0,1.613
SIMULATION_FORCING,1013.0,0.0,55.402,821.037,SYNTHETIC,26.794,2026-08-24T13:00:00+00:00,180.0,1.921
SIMULATION_FORCING,1013.0,0.0,56.127,736.122,SYNTHETIC,26.965,2026-08-24T14:00:00+00:00,180.0,2.311
SIMULATION_FORCING,1013.0,0.0,61.201,601.041,SYNTHETIC,26.794,2026-08-24T15:00:00+00:00,180.0,1.977
SIMULATION_FORCING,1013.0,0.0,61.698,425.0,SYNTHETIC,26.295,2026-08-24T16:00:00+00:00,180.0,2.334
SIMULATION_FORCING,1013.0,0.0,66.455,219.996,SYNTHETIC,25.5,2026-08-24T17:00:00+00:00,180.0,1.55
SIMULATION_FORCING,1013.0,0.0,73.218,0.0,SYNTHETIC,24.465,2026-08-24T18:00:00+00:00,180.0,1.946
SIMULATION_FORCING,1013.0,0.0,71.796,0.0,SYNTHETIC,23.259,2026-08-24T19:00:00+00:00,180.0,1.577
SIMULATION_FORCING,1013.0,0.0,71.268,0.0,SYNTHETIC,21.965,2026-08-24T20:00:00+00:00,180.0,1.896
SIMULATION_FORCING,1013.0,0.0,72.051,0.0,SYNTHETIC,20.671,2026-08-24T21:00:00+00:00,180.0,2.31
SIMULATION_FORCING,1013.0,0.0,71.557,0.0,SYNTHETIC,19.465,2026-08-24T22:00:00+00:00,180.0,1.661
SIMULATION_FORCING,1013.0,0.0,70.105,0.0,SYNTHETIC,18.429,2026-08-24T23:00:00+00:00,180.0,1.898
SIMULATION_FORCING,1013.0,0.0,72.74,0.0,SYNTHETIC,17.495,2026-08-25T00:00:00+00:00,180.0,1.937
SIMULATION_FORCING,1013.0,0.0,71.188,0.0,SYNTHETIC,16.995,2026-08-25T01:00:00+00:00,180.0,1.634
SIMULATION_FORCING,1013.0,0.0,71.783,0.0,SYNTHETIC,16.825,2026-08-25T02:00:00+00:00,180.0,1.688
SIMULATION_FORCING,1013.0,0.0,71.258,0.0,SYNTHETIC,16.995,2026-08-25T03:00:00+00:00,180.0,2.233
SIMULATION_FORCING,1013.0,0.0,71.774,0.0,SYNTHETIC,17.495,2026-08-25T04:00:00+00:00,180.0,1.539
SIMULATION_FORCING,1013.0,0.0,70.943,0.0,SYNTHETIC,18.289,2026-08-25T05:00:00+00:00,180.0,2.227
SIMULATION_FORCING,1013.0,0.0,70.42,0.0,SYNTHETIC,19.325,2026-08-25T06:00:00+00:00,180.0,1.909
SIMULATION_FORCING,1013.0,0.0,66.696,219.996,SYNTHETIC,20.531,2026-08-25T07:00:00+00:00,180.0,1.666
SIMULATION_FORCING,1013.0,0.0,64.952,425.0,SYNTHETIC,21.825,2026-08-25T08:00:00+00:00,180.0,2.237
SIMULATION_FORCING,1013.0,0.0,58.967,601.041,SYNTHETIC,23.119,2026-08-25T09:00:00+00:00,180.0,1.618
SIMULATION_FORCING,1013.0,0.0,56.732,736.122,SYNTHETIC,24.325,2026-08-25T10:00:00+00:00,180.0,1.743
SIMULATION_FORCING,1013.0,0.0,54.632,821.037,SYNTHETIC,25.361,2026-08-25T11:00:00+00:00,180.0,2.183
SIMULATION_FORCING,1013.0,0.0,55.076,850.0,SYNTHETIC,26.155,2026-08-25T12:00:00+00:00,180.0,1.799
SIMULATION_FORCING,1013.0,0.0,55.744,821.037,SYNTHETIC,26.655,2026-08-25T13:00:00+00:00,180.0,1.912
SIMULATION_FORCING,1013.0,0.0,56.368,736.122,SYNTHETIC,26.825,2026-08-25T14:00:00+00:00,180.0,1.596
SIMULATION_FORCING,1013.0,0.0,60.786,601.041,SYNTHETIC,26.655,2026-08-25T15:00:00+00:00,180.0,1.704
SIMULATION_FORCING,1013.0,0.0,61.457,425.0,SYNTHETIC,26.155,2026-08-25T16:00:00+00:00,180.0,2.0
SIMULATION_FORCING,1013.0,0.0,66.423,219.996,SYNTHETIC,25.361,2026-08-25T17:00:00+00:00,180.0,1.813
SIMULATION_FORCING,1013.0,0.0,72.812,0.0,SYNTHETIC,24.325,2026-08-25T18:00:00+00:00,180.0,2.102
SIMULATION_FORCING,1013.0,0.0,72.051,0.0,SYNTHETIC,23.119,2026-08-25T19:00:00+00:00,180.0,2.174
SIMULATION_FORCING,1013.0,0.0,72.873,0.0,SYNTHETIC,21.825,2026-08-25T20:00:00+00:00,180.0,1.988
SIMULATION_FORCING,1013.0,0.0,70.015,0.0,SYNTHETIC,20.531,2026-08-25T21:00:00+00:00,180.0,1.583
SIMULATION_FORCING,1013.0,0.0,72.677,0.0,SYNTHETIC,19.325,2026-08-25T22:00:00+00:00,180.0,1.536
SIMULATION_FORCING,1013.0,0.0,71.75,0.0,SYNTHETIC,18.289,2026-08-25T23:00:00+00:00,180.0,2.326
SIMULATION_FORCING,1013.0,0.0,71.228,0.0,SYNTHETIC,17.354,2026-08-26T00:00:00+00:00,180.0,1.965
SIMULATION_FORCING,1013.0,0.0,70.313,0.0,SYNTHETIC,16.855,2026-08-26T01:00:00+00:00,180.0,2.211
SIMULATION_FORCING,1013.0,0.0,73.08,0.0,SYNTHETIC,16.684,2026-08-26T02:00:00+00:00,180.0,2.408
SIMULATION_FORCING,1013.0,0.0,73.298,0.0,SYNTHETIC,16.855,2026-08-26T03:00:00+00:00,180.0,1.885
SIMULATION_FORCING,1013.0,0.0,73.604,0.0,SYNTHETIC,17.354,2026-08-26T04:00:00+00:00,180.0,2.02
SIMULATION_FORCING,1013.0,0.0,72.29,0.0,SYNTHETIC,18.149,2026-08-26T05:00:00+00:00,180.0,2.225
SIMULATION_FORCING,1013.0,0.0,73.65,0.0,SYNTHETIC,19.184,2026-08-26T06:00:00+00:00,180.0,1.82
SIMULATION_FORCING,1013.0,0.0,68.501,219.996,SYNTHETIC,20.39,2026-08-26T07:00:00+00:00,180.0,2.005
SIMULATION_FORCING,1013.0,0.0,62.733,425.0,SYNTHETIC,21.684,2026-08-26T08:00:00+00:00,180.0,1.785
SIMULATION_FORCING,1013.0,0.0,61.181,601.041,SYNTHETIC,22.978,2026-08-26T09:00:00+00:00,180.0,1.509
SIMULATION_FORCING,1013.0,0.0,55.891,736.122,SYNTHETIC,24.184,2026-08-26T10:00:00+00:00,180.0,2.342
SIMULATION_FORCING,1013.0,0.0,55.61,821.037,SYNTHETIC,25.22,2026-08-26T11:00:00+00:00,180.0,1.921
SIMULATION_FORCING,1013.0,0.0,55.933,850.0,SYNTHETIC,26.014,2026-08-26T12:00:00+00:00,180.0,1.965
SIMULATION_FORCING,1013.0,0.0,54.213,821.037,SYNTHETIC,26.514,2026-08-26T13:00:00+00:00,180.0,2.295
SIMULATION_FORCING,1013.0,0.0,54.498,736.122,SYNTHETIC,26.684,2026-08-26T14:00:00+00:00,180.0,1.864
SIMULATION_FORCING,1013.0,0.0,57.872,601.041,SYNTHETIC,26.514,2026-08-26T15:00:00+00:00,180.0,2.2
SIMULATION_FORCING,1013.0,0.0,63.244,425.0,SYNTHETIC,26.014,2026-08-26T16:00:00+00:00,180.0,2.158
SIMULATION_FORCING,1013.0,0.0,68.036,219.996,SYNTHETIC,25.22,2026-08-26T17:00:00+00:00,180.0,2.355
SIMULATION_FORCING,1013.0,0.0,70.83,0.0,SYNTHETIC,24.184,2026-08-26T18:00:00+00:00,180.0,1.766
SIMULATION_FORCING,1013.0,0.0,73.55,0.0,SYNTHETIC,22.978,2026-08-26T19:00:00+00:00,180.0,1.706
SIMULATION_FORCING,1013.0,0.0,70.697,0.0,SYNTHETIC,21.684,2026-08-26T20:00:00+00:00,180.0,2.177
SIMULATION_FORCING,1013.0,0.0,72.966,0.0,SYNTHETIC,20.39,2026-08-26T21:00:00+00:00,180.0,1.947
SIMULATION_FORCING,1013.0,0.0,73.484,0.0,SYNTHETIC,19.184,2026-08-26T22:00:00+00:00,180.0,1.586
SIMULATION_FORCING,1013.0,0.0,73.12,0.0,SYNTHETIC,18.149,2026-08-26T23:00:00+00:00,180.0,2.161
SIMULATION_FORCING,1013.0,0.0,71.887,0.0,SYNTHETIC,17.212,2026-08-27T00:00:00+00:00,180.0,1.529
SIMULATION_FORCING,1013.0,0.0,72.956,0.0,SYNTHETIC,16.713,2026-08-27T01:00:00+00:00,180.0,1.606
SIMULATION_FORCING,1013.0,0.0,71.349,0.0,SYNTHETIC,16.542,2026-08-27T02:00:00+00:00,180.0,2.3
SIMULATION_FORCING,1013.0,0.0,71.664,0.0,SYNTHETIC,16.713,2026-08-27T03:00:00+00:00,180.0,2.0
SIMULATION_FORCING,1013.0,0.0,71.804,0.0,SYNTHETIC,17.212,2026-08-27T04:00:00+00:00,180.0,2.091
SIMULATION_FORCING,1013.0,0.0,70.276,0.0,SYNTHETIC,18.007,2026-08-27T05:00:00+00:00,180.0,2.2
SIMULATION_FORCING,1013.0,0.0,70.218,0.0,SYNTHETIC,19.042,2026-08-27T06:00:00+00:00,180.0,1.944
SIMULATION_FORCING,1013.0,0.0,67.486,219.996,SYNTHETIC,20.248,2026-08-27T07:00:00+00:00,180.0,2.157
SIMULATION_FORCING,1013.0,0.0,62.294,425.0,SYNTHETIC,21.542,2026-08-27T08:00:00+00:00,180.0,2.277
SIMULATION_FORCING,1013.0,0.0,57.334,601.041,SYNTHETIC,22.836,2026-08-27T09:00:00+00:00,180.0,2.183
SIMULATION_FORCING,1013.0,0.0,55.69,736.122,SYNTHETIC,24.042,2026-08-27T10:00:00+00:00,180.0,2.256
SIMULATION_FORCING,1013.0,0.0,54.59,821.037,SYNTHETIC,25.078,2026-08-27T11:00:00+00:00,180.0,1.567
SIMULATION_FORCING,1013.0,0.0,52.239,850.0,SYNTHETIC,25.872,2026-08-27T12:00:00+00:00,180.0,1.649
SIMULATION_FORCING,1013.0,0.0,54.152,821.037,SYNTHETIC,26.372,2026-08-27T13:00:00+00:00,180.0,1.713
SIMULATION_FORCING,1013.0,0.0,57.623,736.122,SYNTHETIC,26.542,2026-08-27T14:00:00+00:00,180.0,1.947
SIMULATION_FORCING,1013.0,0.0,57.442,601.041,SYNTHETIC,26.372,2026-08-27T15:00:00+00:00,180.0,1.825
SIMULATION_FORCING,1013.0,0.0,63.8,425.0,SYNTHETIC,25.872,2026-08-27T16:00:00+00:00,180.0,1.648
SIMULATION_FORCING,1013.0,0.0,67.975,219.996,SYNTHETIC,25.078,2026-08-27T17:00:00+00:00,180.0,2.455
SIMULATION_FORCING,1013.0,0.0,72.1,0.0,SYNTHETIC,24.042,2026-08-27T18:00:00+00:00,180.0,1.658
SIMULATION_FORCING,1013.0,0.0,70.464,0.0,SYNTHETIC,22.836,2026-08-27T19:00:00+00:00,180.0,2.193
SIMULATION_FORCING,1013.0,0.0,71.09,0.0,SYNTHETIC,21.542,2026-08-27T20:00:00+00:00,180.0,2.267
SIMULATION_FORCING,1013.0,0.0,71.114,0.0,SYNTHETIC,20.248,2026-08-27T21:00:00+00:00,180.0,1.635
SIMULATION_FORCING,1013.0,0.0,72.883,0.0,SYNTHETIC,19.042,2026-08-27T22:00:00+00:00,180.0,2.071
SIMULATION_FORCING,1013.0,0.0,71.457,0.0,SYNTHETIC,18.007,2026-08-27T23:00:00+00:00,180.0,2.089
SIMULATION_FORCING,1013.0,0.0,70.832,0.0,SYNTHETIC,17.069,2026-08-28T00:00:00+00:00,180.0,2.106
SIMULATION_FORCING,1013.0,0.0,70.211,0.0,SYNTHETIC,16.57,2026-08-28T01:00:00+00:00,180.0,1.738
SIMULATION_FORCING,1013.0,0.0,72.464,0.0,SYNTHETIC,16.399,2026-08-28T02:00:00+00:00,180.0,2.478
SIMULATION_FORCING,1013.0,0.0,70.942,0.0,SYNTHETIC,16.57,2026-08-28T03:00:00+00:00,180.0,1.828
SIMULATION_FORCING,1013.0,0.0,73.192,0.0,SYNTHETIC,17.069,2026-08-28T04:00:00+00:00,180.0,1.897
SIMULATION_FORCING,1013.0,0.0,73.577,0.0,SYNTHETIC,17.864,2026-08-28T05:00:00+00:00,180.0,1.504
SIMULATION_FORCING,1013.0,0.0,70.856,0.0,SYNTHETIC,18.899,2026-08-28T06:00:00+00:00,180.0,2.457
SIMULATION_FORCING,1013.0,0.0,69.117,219.996,SYNTHETIC,20.105,2026-08-28T07:00:00+00:00,180.0,2.288
SIMULATION_FORCING,1013.0,0.0,62.0,425.0,SYNTHETIC,21.399,2026-08-28T08:00:00+00:00,180.0,1.706
SIMULATION_FORCING,1013.0,0.0,59.403,601.041,SYNTHETIC,22.693,2026-08-28T09:00:00+00:00,180.0,2.398
SIMULATION_FORCING,1013.0,0.0,57.705,736.122,SYNTHETIC,23.899,2026-08-28T10:00:00+00:00,180.0,2.175
SIMULATION_FORCING,1013.0,0.0,55.641,821.037,SYNTHETIC,24.935,2026-08-28T11:00:00+00:00,180.0,1.9
SIMULATION_FORCING,1013.0,0.0,54.215,850.0,SYNTHETIC,25.729,2026-08-28T12:00:00+00:00,180.0,2.181
SIMULATION_FORCING,1013.0,0.0,55.706,821.037,SYNTHETIC,26.229,2026-08-28T13:00:00+00:00,180.0,1.725
SIMULATION_FORCING,1013.0,0.0,55.659,736.122,SYNTHETIC,26.399,2026-08-28T14:00:00+00:00,180.0,1.634
SIMULATION_FORCING,1013.0,0.0,59.561,601.041,SYNTHETIC,26.229,2026-08-28T15:00:00+00:00,180.0,2.161
SIMULATION_FORCING,1013.0,0.0,62.754,425.0,SYNTHETIC,25.729,2026-08-28T16:00:00+00:00,180.0,2.08
SIMULATION_FORCING,1013.0,0.0,68.85,219.996,SYNTHETIC,24.935,2026-08-28T17:00:00+00:00,180.0,1.894
SIMULATION_FORCING,1013.0,0.0,73.318,0.0,SYNTHETIC,23.899,2026-08-28T18:00:00+00:00,180.0,1.876
SIMULATION_FORCING,1013.0,0.0,72.064,0.0,SYNTHETIC,22.693,2026-08-28T19:00:00+00:00,180.0,1.99
SIMULATION_FORCING,1013.0,0.0,72.925,0.0,SYNTHETIC,21.399,2026-08-28T20:00:00+00:00,180.0,1.615
SIMULATION_FORCING,1013.0,0.0,71.397,0.0,SYNTHETIC,20.105,2026-08-28T21:00:00+00:00,180.0,1.857
SIMULATION_FORCING,1013.0,0.0,72.262,0.0,SYNTHETIC,18.899,2026-08-28T22:00:00+00:00,180.0,2.021
SIMULATION_FORCING,1013.0,0.0,71.009,0.0,SYNTHETIC,17.864,2026-08-28T23:00:00+00:00,180.0,2.363
SIMULATION_FORCING,1013.0,0.0,73.471,0.0,SYNTHETIC,16.925,2026-08-29T00:00:00+00:00,180.0,1.542
SIMULATION_FORCING,1013.0,0.0,73.566,0.0,SYNTHETIC,16.426,2026-08-29T01:00:00+00:00,180.0,2.453
SIMULATION_FORCING,1013.0,0.0,71.176,0.0,SYNTHETIC,16.255,2026-08-29T02:00:00+00:00,180.0,2.346
SIMULATION_FORCING,1013.0,0.0,72.624,0.0,SYNTHETIC,16.426,2026-08-29T03:00:00+00:00,180.0,1.995
SIMULATION_FORCING,1013.0,0.0,72.467,0.0,SYNTHETIC,16.925,2026-08-29T04:00:00+00:00,180.0,1.721
SIMULATION_FORCING,1013.0,0.0,70.179,0.0,SYNTHETIC,17.72,2026-08-29T05:00:00+00:00,180.0,2.464
SIMULATION_FORCING,1013.0,0.0,73.21,0.0,SYNTHETIC,18.755,2026-08-29T06:00:00+00:00,180.0,1.827
SIMULATION_FORCING,1013.0,0.0,68.656,219.996,SYNTHETIC,19.961,2026-08-29T07:00:00+00:00,180.0,2.259
SIMULATION_FORCING,1013.0,0.0,63.274,425.0,SYNTHETIC,21.255,2026-08-29T08:00:00+00:00,180.0,2.357
SIMULATION_FORCING,1013.0,0.0,57.352,601.041,SYNTHETIC,22.55,2026-08-29T09:00:00+00:00,180.0,2.089
SIMULATION_FORCING,1013.0,0.0,55.007,736.122,SYNTHETIC,23.755,2026-08-29T10:00:00+00:00,180.0,1.663
SIMULATION_FORCING,1013.0,0.0,54.645,821.037,SYNTHETIC,24.791,2026-08-29T11:00:00+00:00,180.0,1.573
SIMULATION_FORCING,1013.0,0.0,54.529,850.0,SYNTHETIC,25.586,2026-08-29T12:00:00+00:00,180.0,1.563
SIMULATION_FORCING,1013.0,0.0,56.076,821.037,SYNTHETIC,26.085,2026-08-29T13:00:00+00:00,180.0,2.028
SIMULATION_FORCING,1013.0,0.0,56.421,736.122,SYNTHETIC,26.255,2026-08-29T14:00:00+00:00,180.0,1.707
SIMULATION_FORCING,1013.0,0.0,60.218,601.041,SYNTHETIC,26.085,2026-08-29T15:00:00+00:00,180.0,2.075
SIMULATION_FORCING,1013.0,0.0,64.332,425.0,SYNTHETIC,25.586,2026-08-29T16:00:00+00:00,180.0,2.095
SIMULATION_FORCING,1013.0,0.0,66.708,219.996,SYNTHETIC,24.791,2026-08-29T17:00:00+00:00,180.0,1.5
SIMULATION_FORCING,1013.0,0.0,72.217,0.0,SYNTHETIC,23.755,2026-08-29T18:00:00+00:00,180.0,1.671
SIMULATION_FORCING,1013.0,0.0,71.472,0.0,SYNTHETIC,22.55,2026-08-29T19:00:00+00:00,180.0,1.554
SIMULATION_FORCING,1013.0,0.0,72.698,0.0,SYNTHETIC,21.255,2026-08-29T20:00:00+00:00,180.0,2.208
SIMULATION_FORCING,1013.0,0.0,71.049,0.0,SYNTHETIC,19.961,2026-08-29T21:00:00+00:00,180.0,1.998
SIMULATION_FORCING,1013.0,0.0,71.305,0.0,SYNTHETIC,18.755,2026-08-29T22:00:00+00:00,180.0,1.926
SIMULATION_FORCING,1013.0,0.0,73.006,0.0,SYNTHETIC,17.72,2026-08-29T23:00:00+00:00,180.0,2.191
SIMULATION_FORCING,1013.0,0.0,71.282,0.0,SYNTHETIC,16.78,2026-08-30T00:00:00+00:00,180.0,2.321
SIMULATION_FORCING,1013.0,0.0,70.34,0.0,SYNTHETIC,16.281,2026-08-30T01:00:00+00:00,180.0,1.565
SIMULATION_FORCING,1013.0,0.0,72.468,0.0,SYNTHETIC,16.111,2026-08-30T02:00:00+00:00,180.0,2.334
SIMULATION_FORCING,1013.0,0.0,71.905,0.0,SYNTHETIC,16.281,2026-08-30T03:00:00+00:00,180.0,1.679
SIMULATION_FORCING,1013.0,0.0,73.844,0.0,SYNTHETIC,16.78,2026-08-30T04:00:00+00:00,180.0,1.766
SIMULATION_FORCING,1013.0,0.0,70.109,0.0,SYNTHETIC,17.575,2026-08-30T05:00:00+00:00,180.0,1.704
SIMULATION_FORCING,1013.0,0.0,73.443,0.0,SYNTHETIC,18.611,2026-08-30T06:00:00+00:00,180.0,1.719
SIMULATION_FORCING,1013.0,0.0,69.149,219.996,SYNTHETIC,19.816,2026-08-30T07:00:00+00:00,180.0,1.864
SIMULATION_FORCING,1013.0,0.0,61.873,425.0,SYNTHETIC,21.111,2026-08-30T08:00:00+00:00,180.0,1.614
SIMULATION_FORCING,1013.0,0.0,57.343,601.041,SYNTHETIC,22.405,2026-08-30T09:00:00+00:00,180.0,2.051
SIMULATION_FORCING,1013.0,0.0,55.386,736.122,SYNTHETIC,23.611,2026-08-30T10:00:00+00:00,180.0,1.823
SIMULATION_FORCING,1013.0,0.0,54.905,821.037,SYNTHETIC,24.646,2026-08-30T11:00:00+00:00,180.0,1.68
SIMULATION_FORCING,1013.0,0.0,55.395,850.0,SYNTHETIC,25.441,2026-08-30T12:00:00+00:00,180.0,2.243
SIMULATION_FORCING,1013.0,0.0,53.629,821.037,SYNTHETIC,25.94,2026-08-30T13:00:00+00:00,180.0,1.919
SIMULATION_FORCING,1013.0,0.0,55.072,736.122,SYNTHETIC,26.111,2026-08-30T14:00:00+00:00,180.0,1.563
SIMULATION_FORCING,1013.0,0.0,60.579,601.041,SYNTHETIC,25.94,2026-08-30T15:00:00+00:00,180.0,2.368
SIMULATION_FORCING,1013.0,0.0,61.245,425.0,SYNTHETIC,25.441,2026-08-30T16:00:00+00:00,180.0,2.428
SIMULATION_FORCING,1013.0,0.0,67.11,219.996,SYNTHETIC,24.646,2026-08-30T17:00:00+00:00,180.0,2.43
SIMULATION_FORCING,1013.0,0.0,71.859,0.0,SYNTHETIC,23.611,2026-08-30T18:00:00+00:00,180.0,2.187
SIMULATION_FORCING,1013.0,0.0,72.446,0.0,SYNTHETIC,22.405,2026-08-30T19:00:00+00:00,180.0,2.299
SIMULATION_FORCING,1013.0,0.0,72.684,0.0,SYNTHETIC,21.111,2026-08-30T20:00:00+00:00,180.0,1.671
SIMULATION_FORCING,1013.0,0.0,71.502,0.0,SYNTHETIC,19.816,2026-08-30T21:00:00+00:00,180.0,1.582
SIMULATION_FORCING,1013.0,0.0,71.582,0.0,SYNTHETIC,18.611,2026-08-30T22:00:00+00:00,180.0,2.39
SIMULATION_FORCING,1013.0,0.0,73.197,0.0,SYNTHETIC,17.575,2026-08-30T23:00:00+00:00,180.0,2.414
SIMULATION_FORCING,1013.0,0.0,70.455,0.0,SYNTHETIC,16.635,2026-08-31T00:00:00+00:00,180.0,1.874
SIMULATION_FORCING,1013.0,0.0,73.203,0.0,SYNTHETIC,16.135,2026-08-31T01:00:00+00:00,180.0,2.223
SIMULATION_FORCING,1013.0,0.0,73.895,0.0,SYNTHETIC,15.965,2026-08-31T02:00:00+00:00,180.0,2.25
SIMULATION_FORCING,1013.0,0.0,71.439,0.0,SYNTHETIC,16.135,2026-08-31T03:00:00+00:00,180.0,2.162
SIMULATION_FORCING,1013.0,0.0,70.599,0.0,SYNTHETIC,16.635,2026-08-31T04:00:00+00:00,180.0,2.149
SIMULATION_FORCING,1013.0,0.0,71.083,0.0,SYNTHETIC,17.429,2026-08-31T05:00:00+00:00,180.0,2.074
SIMULATION_FORCING,1013.0,0.0,70.74,0.0,SYNTHETIC,18.465,2026-08-31T06:00:00+00:00,180.0,2.416
SIMULATION_FORCING,1013.0,0.0,65.57,219.996,SYNTHETIC,19.671,2026-08-31T07:00:00+00:00,180.0,1.625
SIMULATION_FORCING,1013.0,0.0,61.466,425.0,SYNTHETIC,20.965,2026-08-31T08:00:00+00:00,180.0,1.641
SIMULATION_FORCING,1013.0,0.0,61.148,601.041,SYNTHETIC,22.259,2026-08-31T09:00:00+00:00,180.0,2.449
SIMULATION_FORCING,1013.0,0.0,57.145,736.122,SYNTHETIC,23.465,2026-08-31T10:00:00+00:00,180.0,1.823
SIMULATION_FORCING,1013.0,0.0,53.519,821.037,SYNTHETIC,24.5,2026-08-31T11:00:00+00:00,180.0,1.734
SIMULATION_FORCING,1013.0,0.0,54.714,850.0,SYNTHETIC,25.295,2026-08-31T12:00:00+00:00,180.0,2.184
SIMULATION_FORCING,1013.0,0.0,53.84,821.037,SYNTHETIC,25.794,2026-08-31T13:00:00+00:00,180.0,2.479
SIMULATION_FORCING,1013.0,0.0,55.924,736.122,SYNTHETIC,25.965,2026-08-31T14:00:00+00:00,180.0,2.162
SIMULATION_FORCING,1013.0,0.0,60.114,601.041,SYNTHETIC,25.794,2026-08-31T15:00:00+00:00,180.0,1.994
SIMULATION_FORCING,1013.0,0.0,63.03,425.0,SYNTHETIC,25.295,2026-08-31T16:00:00+00:00,180.0,1.997
SIMULATION_FORCING,1013.0,0.0,68.621,219.996,SYNTHETIC,24.5,2026-08-31T17:00:00+00:00,180.0,1.502
SIMULATION_FORCING,1013.0,0.0,71.207,0.0,SYNTHETIC,23.465,2026-08-31T18:00:00+00:00,180.0,1.893
SIMULATION_FORCING,1013.0,0.0,72.459,0.0,SYNTHETIC,22.259,2026-08-31T19:00:00+00:00,180.0,1.708
SIMULATION_FORCING,1013.0,0.0,72.172,0.0,SYNTHETIC,20.965,2026-08-31T20:00:00+00:00,180.0,2.008
SIMULATION_FORCING,1013.0,0.0,70.444,0.0,SYNTHETIC,19.671,2026-08-31T21:00:00+00:00,180.0,2.463
SIMULATION_FORCING,1013.0,0.0,71.215,0.0,SYNTHETIC,18.465,2026-08-31T22:00:00+00:00,180.0,1.842
SIMULATION_FORCING,1013.0,0.0,73.879,0.0,SYNTHETIC,17.429,2026-08-31T23:00:00+00:00,180.0,2.255
SIMULATION_FORCING,1013.0,0.0,71.022,0.0,SYNTHETIC,16.488,2026-09-01T00:00:00+00:00,180.0,1.72
SIMULATION_FORCING,1013.0,0.0,71.233,0.0,SYNTHETIC,15.988,2026-09-01T01:00:00+00:00,180.0,1.898
SIMULATION_FORCING,1013.0,0.0,73.676,0.0,SYNTHETIC,15.818,2026-09-01T02:00:00+00:00,180.0,2.011
SIMULATION_FORCING,1013.0,0.0,72.996,0.0,SYNTHETIC,15.988,2026-09-01T03:00:00+00:00,180.0,1.852
SIMULATION_FORCING,1013.0,0.0,72.786,0.0,SYNTHETIC,16.488,2026-09-01T04:00:00+00:00,180.0,1.89
SIMULATION_FORCING,1013.0,0.0,72.444,0.0,SYNTHETIC,17.282,2026-09-01T05:00:00+00:00,180.0,1.599
SIMULATION_FORCING,1013.0,0.0,72.16,0.0,SYNTHETIC,18.318,2026-09-01T06:00:00+00:00,180.0,2.044
SIMULATION_FORCING,1013.0,0.0,68.138,219.996,SYNTHETIC,19.524,2026-09-01T07:00:00+00:00,180.0,2.312
SIMULATION_FORCING,1013.0,0.0,64.754,425.0,SYNTHETIC,20.818,2026-09-01T08:00:00+00:00,180.0,2.016
SIMULATION_FORCING,1013.0,0.0,59.483,601.041,SYNTHETIC,22.112,2026-09-01T09:00:00+00:00,180.0,1.656
SIMULATION_FORCING,1013.0,0.0,57.591,736.122,SYNTHETIC,23.318,2026-09-01T10:00:00+00:00,180.0,2.403
SIMULATION_FORCING,1013.0,0.0,54.307,821.037,SYNTHETIC,24.353,2026-09-01T11:00:00+00:00,180.0,2.3
SIMULATION_FORCING,1013.0,0.0,54.492,850.0,SYNTHETIC,25.148,2026-09-01T12:00:00+00:00,180.0,2.099
SIMULATION_FORCING,1013.0,0.0,55.498,821.037,SYNTHETIC,25.648,2026-09-01T13:00:00+00:00,180.0,2.391
SIMULATION_FORCING,1013.0,0.0,56.027,736.122,SYNTHETIC,25.818,2026-09-01T14:00:00+00:00,180.0,1.775
SIMULATION_FORCING,1013.0,0.0,60.318,601.041,SYNTHETIC,25.648,2026-09-01T15:00:00+00:00,180.0,2.262
SIMULATION_FORCING,1013.0,0.0,64.933,425.0,SYNTHETIC,25.148,2026-09-01T16:00:00+00:00,180.0,1.862
SIMULATION_FORCING,1013.0,0.0,69.013,219.996,SYNTHETIC,24.353,2026-09-01T17:00:00+00:00,180.0,2.262
SIMULATION_FORCING,1013.0,0.0,71.343,0.0,SYNTHETIC,23.318,2026-09-01T18:00:00+00:00,180.0,1.69
SIMULATION_FORCING,1013.0,0.0,71.296,0.0,SYNTHETIC,22.112,2026-09-01T19:00:00+00:00,180.0,2.414
SIMULATION_FORCING,1013.0,0.0,73.438,0.0,SYNTHETIC,20.818,2026-09-01T20:00:00+00:00,180.0,1.577
SIMULATION_FORCING,1013.0,0.0,70.482,0.0,SYNTHETIC,19.524,2026-09-01T21:00:00+00:00,180.0,1.668
SIMULATION_FORCING,1013.0,0.0,72.81,0.0,SYNTHETIC,18.318,2026-09-01T22:00:00+00:00,180.0,1.982
SIMULATION_FORCING,1013.0,0.0,72.609,0.0,SYNTHETIC,17.282,2026-09-01T23:00:00+00:00,180.0,1.848
SIMULATION_FORCING,1013.0,0.0,71.422,0.0,SYNTHETIC,16.34,2026-09-02T00:00:00+00:00,180.0,1.974
SIMULATION_FORCING,1013.0,0.0,73.542,0.0,SYNTHETIC,15.841,2026-09-02T01:00:00+00:00,180.0,2.111
SIMULATION_FORCING,1013.0,0.0,73.569,0.0,SYNTHETIC,15.67,2026-09-02T02:00:00+00:00,180.0,2.054
SIMULATION_FORCING,1013.0,0.0,72.987,0.0,SYNTHETIC,15.841,2026-09-02T03:00:00+00:00,180.0,1.874
SIMULATION_FORCING,1013.0,0.0,73.061,0.0,SYNTHETIC,16.34,2026-09-02T04:00:00+00:00,180.0,1.508
SIMULATION_FORCING,1013.0,0.0,71.592,0.0,SYNTHETIC,17.135,2026-09-02T05:00:00+00:00,180.0,1.522
SIMULATION_FORCING,1013.0,0.0,73.862,0.0,SYNTHETIC,18.17,2026-09-02T06:00:00+00:00,180.0,1.663
SIMULATION_FORCING,1013.0,0.0,65.67,219.996,SYNTHETIC,19.376,2026-09-02T07:00:00+00:00,180.0,1.569
SIMULATION_FORCING,1013.0,0.0,64.153,425.0,SYNTHETIC,20.67,2026-09-02T08:00:00+00:00,180.0,1.683
SIMULATION_FORCING,1013.0,0.0,60.012,601.041,SYNTHETIC,21.965,2026-09-02T09:00:00+00:00,180.0,2.383
SIMULATION_FORCING,1013.0,0.0,55.956,736.122,SYNTHETIC,23.17,2026-09-02T10:00:00+00:00,180.0,2.49
SIMULATION_FORCING,1013.0,0.0,55.747,821.037,SYNTHETIC,24.206,2026-09-02T11:00:00+00:00,180.0,1.618
SIMULATION_FORCING,1013.0,0.0,54.026,850.0,SYNTHETIC,25.001,2026-09-02T12:00:00+00:00,180.0,2.097
SIMULATION_FORCING,1013.0,0.0,53.521,821.037,SYNTHETIC,25.5,2026-09-02T13:00:00+00:00,180.0,1.818
SIMULATION_FORCING,1013.0,0.0,56.44,736.122,SYNTHETIC,25.67,2026-09-02T14:00:00+00:00,180.0,1.628
SIMULATION_FORCING,1013.0,0.0,58.31,601.041,SYNTHETIC,25.5,2026-09-02T15:00:00+00:00,180.0,1.549
SIMULATION_FORCING,1013.0,0.0,62.034,425.0,SYNTHETIC,25.001,2026-09-02T16:00:00+00:00,180.0,2.115
SIMULATION_FORCING,1013.0,0.0,66.574,219.996,SYNTHETIC,24.206,2026-09-02T17:00:00+00:00,180.0,1.966
SIMULATION_FORCING,1013.0,0.0,70.998,0.0,SYNTHETIC,23.17,2026-09-02T18:00:00+00:00,180.0,1.761
SIMULATION_FORCING,1013.0,0.0,70.803,0.0,SYNTHETIC,21.965,2026-09-02T19:00:00+00:00,180.0,1.877
SIMULATION_FORCING,1013.0,0.0,71.077,0.0,SYNTHETIC,20.67,2026-09-02T20:00:00+00:00,180.0,2.47
SIMULATION_FORCING,1013.0,0.0,72.374,0.0,SYNTHETIC,19.376,2026-09-02T21:00:00+00:00,180.0,2.356
SIMULATION_FORCING,1013.0,0.0,71.46,0.0,SYNTHETIC,18.17,2026-09-02T22:00:00+00:00,180.0,2.263
SIMULATION_FORCING,1013.0,0.0,70.813,0.0,SYNTHETIC,17.135,2026-09-02T23:00:00+00:00,180.0,2.108
SIMULATION_FORCING,1013.0,0.0,72.012,0.0,SYNTHETIC,16.192,2026-09-03T00:00:00+00:00,180.0,1.841
SIMULATION_FORCING,1013.0,0.0,73.998,0.0,SYNTHETIC,15.692,2026-09-03T01:00:00+00:00,180.0,1.812
SIMULATION_FORCING,1013.0,0.0,71.648,0.0,SYNTHETIC,15.522,2026-09-03T02:00:00+00:00,180.0,2.029
SIMULATION_FORCING,1013.0,0.0,72.682,0.0,SYNTHETIC,15.692,2026-09-03T03:00:00+00:00,180.0,2.355
SIMULATION_FORCING,1013.0,0.0,72.152,0.0,SYNTHETIC,16.192,2026-09-03T04:00:00+00:00,180.0,1.689
SIMULATION_FORCING,1013.0,0.0,70.534,0.0,SYNTHETIC,16.987,2026-09-03T05:00:00+00:00,180.0,2.091
SIMULATION_FORCING,1013.0,0.0,70.012,0.0,SYNTHETIC,18.022,2026-09-03T06:00:00+00:00,180.0,2.319
SIMULATION_FORCING,1013.0,0.0,68.784,219.996,SYNTHETIC,19.228,2026-09-03T07:00:00+00:00,180.0,2.459
SIMULATION_FORCING,1013.0,0.0,63.542,425.0,SYNTHETIC,20.522,2026-09-03T08:00:00+00:00,180.0,2.454
SIMULATION_FORCING,1013.0,0.0,60.679,601.041,SYNTHETIC,21.816,2026-09-03T09:00:00+00:00,180.0,2.065
SIMULATION_FORCING,1013.0,0.0,57.962,736.122,SYNTHETIC,23.022,2026-09-03T10:00:00+00:00,180.0,1.809
SIMULATION_FORCING,1013.0,0.0,53.003,821.037,SYNTHETIC,24.058,2026-09-03T11:00:00+00:00,180.0,2.151
SIMULATION_FORCING,1013.0,0.0,55.222,850.0,SYNTHETIC,24.852,2026-09-03T12:00:00+00:00,180.0,2.262
SIMULATION_FORCING,1013.0,0.0,52.669,821.037,SYNTHETIC,25.352,2026-09-03T13:00:00+00:00,180.0,1.979
SIMULATION_FORCING,1013.0,0.0,57.121,736.122,SYNTHETIC,25.522,2026-09-03T14:00:00+00:00,180.0,2.251
SIMULATION_FORCING,1013.0,0.0,60.135,601.041,SYNTHETIC,25.352,2026-09-03T15:00:00+00:00,180.0,1.801
SIMULATION_FORCING,1013.0,0.0,61.697,425.0,SYNTHETIC,24.852,2026-09-03T16:00:00+00:00,180.0,2.113
SIMULATION_FORCING,1013.0,0.0,67.064,219.996,SYNTHETIC,24.058,2026-09-03T17:00:00+00:00,180.0,2.34
SIMULATION_FORCING,1013.0,0.0,73.847,0.0,SYNTHETIC,23.022,2026-09-03T18:00:00+00:00,180.0,2.255
SIMULATION_FORCING,1013.0,0.0,70.014,0.0,SYNTHETIC,21.816,2026-09-03T19:00:00+00:00,180.0,1.796
SIMULATION_FORCING,1013.0,0.0,70.668,0.0,SYNTHETIC,20.522,2026-09-03T20:00:00+00:00,180.0,1.614
SIMULATION_FORCING,1013.0,0.0,71.186,0.0,SYNTHETIC,19.228,2026-09-03T21:00:00+00:00,180.0,1.867
SIMULATION_FORCING,1013.0,0.0,70.781,0.0,SYNTHETIC,18.022,2026-09-03T22:00:00+00:00,180.0,2.065
SIMULATION_FORCING,1013.0,0.0,72.521,0.0,SYNTHETIC,16.987,2026-09-03T23:00:00+00:00,180.0,1.882
SIMULATION_FORCING,1013.0,0.0,70.648,0.0,SYNTHETIC,16.043,2026-09-04T00:00:00+00:00,180.0,2.321
SIMULATION_FORCING,1013.0,0.0,73.702,0.0,SYNTHETIC,15.543,2026-09-04T01:00:00+00:00,180.0,1.556
SIMULATION_FORCING,1013.0,0.0,73.638,0.0,SYNTHETIC,15.373,2026-09-04T02:00:00+00:00,180.0,1.862
SIMULATION_FORCING,1013.0,0.0,73.184,0.0,SYNTHETIC,15.543,2026-09-04T03:00:00+00:00,180.0,2.484
SIMULATION_FORCING,1013.0,0.0,71.793,0.0,SYNTHETIC,16.043,2026-09-04T04:00:00+00:00,180.0,2.302
SIMULATION_FORCING,1013.0,0.0,72.376,0.0,SYNTHETIC,16.837,2026-09-04T05:00:00+00:00,180.0,2.009
SIMULATION_FORCING,1013.0,0.0,70.219,0.0,SYNTHETIC,17.873,2026-09-04T06:00:00+00:00,180.0,1.504
SIMULATION_FORCING,1013.0,0.0,65.921,219.996,SYNTHETIC,19.079,2026-09-04T07:00:00+00:00,180.0,1.685
SIMULATION_FORCING,1013.0,0.0,61.911,425.0,SYNTHETIC,20.373,2026-09-04T08:00:00+00:00,180.0,1.696
SIMULATION_FORCING,1013.0,0.0,60.698,601.041,SYNTHETIC,21.667,2026-09-04T09:00:00+00:00,180.0,2.091
SIMULATION_FORCING,1013.0,0.0,58.193,736.122,SYNTHETIC,22.873,2026-09-04T10:00:00+00:00,180.0,2.381
SIMULATION_FORCING,1013.0,0.0,52.938,821.037,SYNTHETIC,23.909,2026-09-04T11:00:00+00:00,180.0,2.265
SIMULATION_FORCING,1013.0,0.0,54.329,850.0,SYNTHETIC,24.703,2026-09-04T12:00:00+00:00,180.0,1.742
SIMULATION_FORCING,1013.0,0.0,52.778,821.037,SYNTHETIC,25.203,2026-09-04T13:00:00+00:00,180.0,2.191
SIMULATION_FORCING,1013.0,0.0,56.147,736.122,SYNTHETIC,25.373,2026-09-04T14:00:00+00:00,180.0,2.383
SIMULATION_FORCING,1013.0,0.0,60.878,601.041,SYNTHETIC,25.203,2026-09-04T15:00:00+00:00,180.0,2.355
SIMULATION_FORCING,1013.0,0.0,61.366,425.0,SYNTHETIC,24.703,2026-09-04T16:00:00+00:00,180.0,1.731
SIMULATION_FORCING,1013.0,0.0,65.796,219.996,SYNTHETIC,23.909,2026-09-04T17:00:00+00:00,180.0,1.809
SIMULATION_FORCING,1013.0,0.0,73.875,0.0,SYNTHETIC,22.873,2026-09-04T18:00:00+00:00,180.0,2.355
SIMULATION_FORCING,1013.0,0.0,70.663,0.0,SYNTHETIC,21.667,2026-09-04T19:00:00+00:00,180.0,1.67
SIMULATION_FORCING,1013.0,0.0,73.89,0.0,SYNTHETIC,20.373,2026-09-04T20:00:00+00:00,180.0,1.531
SIMULATION_FORCING,1013.0,0.0,70.441,0.0,SYNTHETIC,19.079,2026-09-04T21:00:00+00:00,180.0,2.451
SIMULATION_FORCING,1013.0,0.0,73.004,0.0,SYNTHETIC,17.873,2026-09-04T22:00:00+00:00,180.0,1.864
SIMULATION_FORCING,1013.0,0.0,73.992,0.0,SYNTHETIC,16.837,2026-09-04T23:00:00+00:00,180.0,2.138
SIMULATION_FORCING,1013.0,0.0,71.807,0.0,SYNTHETIC,15.893,2026-09-05T00:00:00+00:00,180.0,1.509
SIMULATION_FORCING,1013.0,0.0,70.709,0.0,SYNTHETIC,15.394,2026-09-05T01:00:00+00:00,180.0,1.958
SIMULATION_FORCING,1013.0,0.0,73.43,0.0,SYNTHETIC,15.223,2026-09-05T02:00:00+00:00,180.0,1.881
SIMULATION_FORCING,1013.0,0.0,70.953,0.0,SYNTHETIC,15.394,2026-09-05T03:00:00+00:00,180.0,1.83
SIMULATION_FORCING,1013.0,0.0,71.748,0.0,SYNTHETIC,15.893,2026-09-05T04:00:00+00:00,180.0,1.651
SIMULATION_FORCING,1013.0,0.0,73.275,0.0,SYNTHETIC,16.688,2026-09-05T05:00:00+00:00,180.0,2.47
SIMULATION_FORCING,1013.0,0.0,72.26,0.0,SYNTHETIC,17.723,2026-09-05T06:00:00+00:00,180.0,2.304
SIMULATION_FORCING,1013.0,0.0,65.873,219.996,SYNTHETIC,18.929,2026-09-05T07:00:00+00:00,180.0,2.203
SIMULATION_FORCING,1013.0,0.0,62.238,425.0,SYNTHETIC,20.223,2026-09-05T08:00:00+00:00,180.0,1.509
SIMULATION_FORCING,1013.0,0.0,60.578,601.041,SYNTHETIC,21.517,2026-09-05T09:00:00+00:00,180.0,2.234
SIMULATION_FORCING,1013.0,0.0,56.984,736.122,SYNTHETIC,22.723,2026-09-05T10:00:00+00:00,180.0,1.618
SIMULATION_FORCING,1013.0,0.0,54.275,821.037,SYNTHETIC,23.759,2026-09-05T11:00:00+00:00,180.0,2.089
SIMULATION_FORCING,1013.0,0.0,52.853,850.0,SYNTHETIC,24.553,2026-09-05T12:00:00+00:00,180.0,1.891
SIMULATION_FORCING,1013.0,0.0,54.343,821.037,SYNTHETIC,25.053,2026-09-05T13:00:00+00:00,180.0,2.474
SIMULATION_FORCING,1013.0,0.0,54.722,736.122,SYNTHETIC,25.223,2026-09-05T14:00:00+00:00,180.0,2.4
SIMULATION_FORCING,1013.0,0.0,59.83,601.041,SYNTHETIC,25.053,2026-09-05T15:00:00+00:00,180.0,1.92
SIMULATION_FORCING,1013.0,0.0,64.153,425.0,SYNTHETIC,24.553,2026-09-05T16:00:00+00:00,180.0,1.508
SIMULATION_FORCING,1013.0,0.0,65.708,219.996,SYNTHETIC,23.759,2026-09-05T17:00:00+00:00,180.0,2.109
SIMULATION_FORCING,1013.0,0.0,72.371,0.0,SYNTHETIC,22.723,2026-09-05T18:00:00+00:00,180.0,1.923
SIMULATION_FORCING,1013.0,0.0,73.89,0.0,SYNTHETIC,21.517,2026-09-05T19:00:00+00:00,180.0,1.853
SIMULATION_FORCING,1013.0,0.0,70.326,0.0,SYNTHETIC,20.223,2026-09-05T20:00:00+00:00,180.0,1.714
SIMULATION_FORCING,1013.0,0.0,71.313,0.0,SYNTHETIC,18.929,2026-09-05T21:00:00+00:00,180.0,1.53
SIMULATION_FORCING,1013.0,0.0,70.502,0.0,SYNTHETIC,17.723,2026-09-05T22:00:00+00:00,180.0,1.541
SIMULATION_FORCING,1013.0,0.0,71.198,0.0,SYNTHETIC,16.688,2026-09-05T23:00:00+00:00,180.0,1.675
SIMULATION_FORCING,1013.0,0.0,72.09,0.0,SYNTHETIC,15.743,2026-09-06T00:00:00+00:00,180.0,1.917
SIMULATION_FORCING,1013.0,0.0,70.309,0.0,SYNTHETIC,15.243,2026-09-06T01:00:00+00:00,180.0,1.609
SIMULATION_FORCING,1013.0,0.0,71.495,0.0,SYNTHETIC,15.073,2026-09-06T02:00:00+00:00,180.0,2.031
SIMULATION_FORCING,1013.0,0.0,71.213,0.0,SYNTHETIC,15.243,2026-09-06T03:00:00+00:00,180.0,2.025
SIMULATION_FORCING,1013.0,0.0,73.462,0.0,SYNTHETIC,15.743,2026-09-06T04:00:00+00:00,180.0,2.051
SIMULATION_FORCING,1013.0,0.0,72.373,0.0,SYNTHETIC,16.537,2026-09-06T05:00:00+00:00,180.0,1.824
SIMULATION_FORCING,1013.0,0.0,70.12,0.0,SYNTHETIC,17.573,2026-09-06T06:00:00+00:00,180.0,1.524
SIMULATION_FORCING,1013.0,0.0,68.189,219.996,SYNTHETIC,18.779,2026-09-06T07:00:00+00:00,180.0,1.632
SIMULATION_FORCING,1013.0,0.0,62.177,425.0,SYNTHETIC,20.073,2026-09-06T08:00:00+00:00,180.0,1.599
SIMULATION_FORCING,1013.0,0.0,57.798,601.041,SYNTHETIC,21.367,2026-09-06T09:00:00+00:00,180.0,1.713
SIMULATION_FORCING,1013.0,0.0,57.438,736.122,SYNTHETIC,22.573,2026-09-06T10:00:00+00:00,180.0,1.916
SIMULATION_FORCING,1013.0,0.0,54.206,821.037,SYNTHETIC,23.608,2026-09-06T11:00:00+00:00,180.0,2.385
SIMULATION_FORCING,1013.0,0.0,54.359,850.0,SYNTHETIC,24.403,2026-09-06T12:00:00+00:00,180.0,2.251
SIMULATION_FORCING,1013.0,0.0,56.47,821.037,SYNTHETIC,24.902,2026-09-06T13:00:00+00:00,180.0,2.224
SIMULATION_FORCING,1013.0,0.0,57.927,736.122,SYNTHETIC,25.073,2026-09-06T14:00:00+00:00,180.0,1.639
SIMULATION_FORCING,1013.0,0.0,59.084,601.041,SYNTHETIC,24.902,2026-09-06T15:00:00+00:00,180.0,1.525
SIMULATION_FORCING,1013.0,0.0,64.807,425.0,SYNTHETIC,24.403,2026-09-06T16:00:00+00:00,180.0,2.422
SIMULATION_FORCING,1013.0,0.0,67.038,219.996,SYNTHETIC,23.608,2026-09-06T17:00:00+00:00,180.0,1.645
SIMULATION_FORCING,1013.0,0.0,72.159,0.0,SYNTHETIC,22.573,2026-09-06T18:00:00+00:00,180.0,2.132
SIMULATION_FORCING,1013.0,0.0,70.191,0.0,SYNTHETIC,21.367,2026-09-06T19:00:00+00:00,180.0,2.35
SIMULATION_FORCING,1013.0,0.0,73.174,0.0,SYNTHETIC,20.073,2026-09-06T20:00:00+00:00,180.0,1.906
SIMULATION_FORCING,1013.0,0.0,70.349,0.0,SYNTHETIC,18.779,2026-09-06T21:00:00+00:00,180.0,2.061
SIMULATION_FORCING,1013.0,0.0,71.138,0.0,SYNTHETIC,17.573,2026-09-06T22:00:00+00:00,180.0,1.793
SIMULATION_FORCING,1013.0,0.0,72.769,0.0,SYNTHETIC,16.537,2026-09-06T23:00:00+00:00,180.0,2.056
SIMULATION_FORCING,1013.0,0.0,71.619,0.0,SYNTHETIC,15.592,2026-09-07T00:00:00+00:00,180.0,2.111
SIMULATION_FORCING,1013.0,0.0,73.243,0.0,SYNTHETIC,15.092,2026-09-07T01:00:00+00:00,180.0,1.507
SIMULATION_FORCING,1013.0,0.0,72.63,0.0,SYNTHETIC,14.922,2026-09-07T02:00:00+00:00,180.0,2.017
SIMULATION_FORCING,1013.0,0.0,71.141,0.0,SYNTHETIC,15.092,2026-09-07T03:00:00+00:00,180.0,1.869
SIMULATION_FORCING,1013.0,0.0,73.356,0.0,SYNTHETIC,15.592,2026-09-07T04:00:00+00:00,180.0,1.598
SIMULATION_FORCING,1013.0,0.0,73.929,0.0,SYNTHETIC,16.386,2026-09-07T05:00:00+00:00,180.0,1.807
SIMULATION_FORCING,1013.0,0.0,72.33,0.0,SYNTHETIC,17.422,2026-09-07T06:00:00+00:00,180.0,2.219
SIMULATION_FORCING,1013.0,0.0,68.897,219.996,SYNTHETIC,18.628,2026-09-07T07:00:00+00:00,180.0,2.328
SIMULATION_FORCING,1013.0,0.0,64.404,425.0,SYNTHETIC,19.922,2026-09-07T08:00:00+00:00,180.0,2.491
SIMULATION_FORCING,1013.0,0.0,57.549,601.041,SYNTHETIC,21.216,2026-09-07T09:00:00+00:00,180.0,2.432
SIMULATION_FORCING,1013.0,0.0,54.42,736.122,SYNTHETIC,22.422,2026-09-07T10:00:00+00:00,180.0,1.584
SIMULATION_FORCING,1013.0,0.0,55.86,821.037,SYNTHETIC,23.457,2026-09-07T11:00:00+00:00,180.0,1.668
SIMULATION_FORCING,1013.0,0.0,55.054,850.0,SYNTHETIC,24.252,2026-09-07T12:00:00+00:00,180.0,2.227
SIMULATION_FORCING,1013.0,0.0,54.832,821.037,SYNTHETIC,24.751,2026-09-07T13:00:00+00:00,180.0,2.293
SIMULATION_FORCING,1013.0,0.0,58.278,736.122,SYNTHETIC,24.922,2026-09-07T14:00:00+00:00,180.0,2.186
SIMULATION_FORCING,1013.0,0.0,60.083,601.041,SYNTHETIC,24.751,2026-09-07T15:00:00+00:00,180.0,1.944
SIMULATION_FORCING,1013.0,0.0,62.51,425.0,SYNTHETIC,24.252,2026-09-07T16:00:00+00:00,180.0,1.954
SIMULATION_FORCING,1013.0,0.0,66.151,219.996,SYNTHETIC,23.457,2026-09-07T17:00:00+00:00,180.0,2.3
SIMULATION_FORCING,1013.0,0.0,73.872,0.0,SYNTHETIC,22.422,2026-09-07T18:00:00+00:00,180.0,2.225
SIMULATION_FORCING,1013.0,0.0,71.567,0.0,SYNTHETIC,21.216,2026-09-07T19:00:00+00:00,180.0,2.231
SIMULATION_FORCING,1013.0,0.0,73.655,0.0,SYNTHETIC,19.922,2026-09-07T20:00:00+00:00,180.0,2.261
SIMULATION_FORCING,1013.0,0.0,72.617,0.0,SYNTHETIC,18.628,2026-09-07T21:00:00+00:00,180.0,1.735
SIMULATION_FORCING,1013.0,0.0,73.554,0.0,SYNTHETIC,17.422,2026-09-07T22:00:00+00:00,180.0,1.512
SIMULATION_FORCING,1013.0,0.0,72.181,0.0,SYNTHETIC,16.386,2026-09-07T23:00:00+00:00,180.0,1.917
SIMULATION_FORCING,1013.0,0.0,73.228,0.0,SYNTHETIC,15.44,2026-09-08T00:00:00+00:00,180.0,1.573
SIMULATION_FORCING,1013.0,0.0,70.812,0.0,SYNTHETIC,14.94,2026-09-08T01:00:00+00:00,180.0,1.901
SIMULATION_FORCING,1013.0,0.0,71.46,0.0,SYNTHETIC,14.77,2026-09-08T02:00:00+00:00,180.0,2.249
SIMULATION_FORCING,1013.0,0.0,70.474,0.0,SYNTHETIC,14.94,2026-09-08T03:00:00+00:00,180.0,1.737
SIMULATION_FORCING,1013.0,0.0,73.924,0.0,SYNTHETIC,15.44,2026-09-08T04:00:00+00:00,180.0,2.217
SIMULATION_FORCING,1013.0,0.0,71.851,0.0,SYNTHETIC,16.235,2026-09-08T05:00:00+00:00,180.0,1.584
SIMULATION_FORCING,1013.0,0.0,72.231,0.0,SYNTHETIC,17.27,2026-09-08T06:00:00+00:00,180.0,1.695
SIMULATION_FORCING,1013.0,0.0,68.984,219.996,SYNTHETIC,18.476,2026-09-08T07:00:00+00:00,180.0,1.917
SIMULATION_FORCING,1013.0,0.0,63.815,425.0,SYNTHETIC,19.77,2026-09-08T08:00:00+00:00,180.0,1.769
SIMULATION_FORCING,1013.0,0.0,58.046,601.041,SYNTHETIC,21.064,2026-09-08T09:00:00+00:00,180.0,2.297
SIMULATION_FORCING,1013.0,0.0,58.303,736.122,SYNTHETIC,22.27,2026-09-08T10:00:00+00:00,180.0,1.504
SIMULATION_FORCING,1013.0,0.0,54.077,821.037,SYNTHETIC,23.306,2026-09-08T11:00:00+00:00,180.0,2.295
SIMULATION_FORCING,1013.0,0.0,53.57,850.0,SYNTHETIC,24.1,2026-09-08T12:00:00+00:00,180.0,2.393
SIMULATION_FORCING,1013.0,0.0,53.754,821.037,SYNTHETIC,24.6,2026-09-08T13:00:00+00:00,180.0,2.318
SIMULATION_FORCING,1013.0,0.0,55.7,736.122,SYNTHETIC,24.77,2026-09-08T14:00:00+00:00,180.0,1.999
SIMULATION_FORCING,1013.0,0.0,61.176,601.041,SYNTHETIC,24.6,2026-09-08T15:00:00+00:00,180.0,2.162
SIMULATION_FORCING,1013.0,0.0,63.375,425.0,SYNTHETIC,24.1,2026-09-08T16:00:00+00:00,180.0,1.704
SIMULATION_FORCING,1013.0,0.0,67.871,219.996,SYNTHETIC,23.306,2026-09-08T17:00:00+00:00,180.0,1.799
SIMULATION_FORCING,1013.0,0.0,70.392,0.0,SYNTHETIC,22.27,2026-09-08T18:00:00+00:00,180.0,1.646
SIMULATION_FORCING,1013.0,0.0,73.997,0.0,SYNTHETIC,21.064,2026-09-08T19:00:00+00:00,180.0,1.566
SIMULATION_FORCING,1013.0,0.0,72.985,0.0,SYNTHETIC,19.77,2026-09-08T20:00:00+00:00,180.0,2.144
SIMULATION_FORCING,1013.0,0.0,72.379,0.0,SYNTHETIC,18.476,2026-09-08T21:00:00+00:00,180.0,1.792
SIMULATION_FORCING,1013.0,0.0,73.196,0.0,SYNTHETIC,17.27,2026-09-08T22:00:00+00:00,180.0,2.399
SIMULATION_FORCING,1013.0,0.0,70.516,0.0,SYNTHETIC,16.235,2026-09-08T23:00:00+00:00,180.0,1.912
SIMULATION_FORCING,1013.0,0.0,71.963,0.0,SYNTHETIC,15.288,2026-09-09T00:00:00+00:00,180.0,1.692
SIMULATION_FORCING,1013.0,0.0,73.173,0.0,SYNTHETIC,14.788,2026-09-09T01:00:00+00:00,180.0,1.735
SIMULATION_FORCING,1013.0,0.0,73.673,0.0,SYNTHETIC,14.618,2026-09-09T02:00:00+00:00,180.0,1.816
SIMULATION_FORCING,1013.0,0.0,71.151,0.0,SYNTHETIC,14.788,2026-09-09T03:00:00+00:00,180.0,2.121
SIMULATION_FORCING,1013.0,0.0,71.64,0.0,SYNTHETIC,15.288,2026-09-09T04:00:00+00:00,180.0,2.066
SIMULATION_FORCING,1013.0,0.0,72.549,0.0,SYNTHETIC,16.082,2026-09-09T05:00:00+00:00,180.0,2.249
SIMULATION_FORCING,1013.0,0.0,71.913,0.0,SYNTHETIC,17.118,2026-09-09T06:00:00+00:00,180.0,1.903
SIMULATION_FORCING,1013.0,0.0,66.757,219.996,SYNTHETIC,18.324,2026-09-09T07:00:00+00:00,180.0,2.437
SIMULATION_FORCING,1013.0,0.0,64.304,425.0,SYNTHETIC,19.618,2026-09-09T08:00:00+00:00,180.0,1.852
SIMULATION_FORCING,1013.0,0.0,59.442,601.041,SYNTHETIC,20.912,2026-09-09T09:00:00+00:00,180.0,1.738
SIMULATION_FORCING,1013.0,0.0,56.346,736.122,SYNTHETIC,22.118,2026-09-09T10:00:00+00:00,180.0,2.18
SIMULATION_FORCING,1013.0,0.0,52.822,821.037,SYNTHETIC,23.153,2026-09-09T11:00:00+00:00,180.0,1.828
SIMULATION_FORCING,1013.0,0.0,54.974,850.0,SYNTHETIC,23.948,2026-09-09T12:00:00+00:00,180.0,2.176
SIMULATION_FORCING,1013.0,0.0,54.329,821.037,SYNTHETIC,24.448,2026-09-09T13:00:00+00:00,180.0,2.24
SIMULATION_FORCING,1013.0,0.0,56.769,736.122,SYNTHETIC,24.618,2026-09-09T14:00:00+00:00,180.0,1.626
SIMULATION_FORCING,1013.0,0.0,60.264,601.041,SYNTHETIC,24.448,2026-09-09T15:00:00+00:00,180.0,2.438
SIMULATION_FORCING,1013.0,0.0,64.188,425.0,SYNTHETIC,23.948,2026-09-09T16:00:00+00:00,180.0,1.676
SIMULATION_FORCING,1013.0,0.0,68.073,219.996,SYNTHETIC,23.153,2026-09-09T17:00:00+00:00,180.0,2.457
SIMULATION_FORCING,1013.0,0.0,72.945,0.0,SYNTHETIC,22.118,2026-09-09T18:00:00+00:00,180.0,1.505
SIMULATION_FORCING,1013.0,0.0,71.95,0.0,SYNTHETIC,20.912,2026-09-09T19:00:00+00:00,180.0,2.201
SIMULATION_FORCING,1013.0,0.0,70.034,0.0,SYNTHETIC,19.618,2026-09-09T20:00:00+00:00,180.0,1.98
SIMULATION_FORCING,1013.0,0.0,70.233,0.0,SYNTHETIC,18.324,2026-09-09T21:00:00+00:00,180.0,2.137
SIMULATION_FORCING,1013.0,0.0,72.033,0.0,SYNTHETIC,17.118,2026-09-09T22:00:00+00:00,180.0,1.761
SIMULATION_FORCING,1013.0,0.0,72.267,0.0,SYNTHETIC,16.082,2026-09-09T23:00:00+00:00,180.0,2.238
SIMULATION_FORCING,1013.0,0.0,73.818,0.0,SYNTHETIC,15.135,2026-09-10T00:00:00+00:00,180.0,1.697
SIMULATION_FORCING,1013.0,0.0,70.27,0.0,SYNTHETIC,14.636,2026-09-10T01:00:00+00:00,180.0,1.985
SIMULATION_FORCING,1013.0,0.0,73.056,0.0,SYNTHETIC,14.465,2026-09-10T02:00:00+00:00,180.0,2.044
SIMULATION_FORCING,1013.0,0.0,73.846,0.0,SYNTHETIC,14.636,2026-09-10T03:00:00+00:00,180.0,2.448
SIMULATION_FORCING,1013.0,0.0,71.146,0.0,SYNTHETIC,15.135,2026-09-10T04:00:00+00:00,180.0,1.653
SIMULATION_FORCING,1013.0,0.0,72.278,0.0,SYNTHETIC,15.93,2026-09-10T05:00:00+00:00,180.0,2.187
SIMULATION_FORCING,1013.0,0.0,70.885,0.0,SYNTHETIC,16.965,2026-09-10T06:00:00+00:00,180.0,2.47
SIMULATION_FORCING,1013.0,0.0,68.377,219.996,SYNTHETIC,18.171,2026-09-10T07:00:00+00:00,180.0,1.978
SIMULATION_FORCING,1013.0,0.0,62.116,425.0,SYNTHETIC,19.465,2026-09-10T08:00:00+00:00,180.0,2.085
SIMULATION_FORCING,1013.0,0.0,59.043,601.041,SYNTHETIC,20.759,2026-09-10T09:00:00+00:00,180.0,1.68
SIMULATION_FORCING,1013.0,0.0,58.007,736.122,SYNTHETIC,21.965,2026-09-10T10:00:00+00:00,180.0,1.798
SIMULATION_FORCING,1013.0,0.0,53.513,821.037,SYNTHETIC,23.001,2026-09-10T11:00:00+00:00,180.0,1.964
SIMULATION_FORCING,1013.0,0.0,53.89,850.0,SYNTHETIC,23.795,2026-09-10T12:00:00+00:00,180.0,2.247
SIMULATION_FORCING,1013.0,0.0,54.574,821.037,SYNTHETIC,24.295,2026-09-10T13:00:00+00:00,180.0,1.886
SIMULATION_FORCING,1013.0,0.0,56.012,736.122,SYNTHETIC,24.465,2026-09-10T14:00:00+00:00,180.0,2.063
SIMULATION_FORCING,1013.0,0.0,60.19,601.041,SYNTHETIC,24.295,2026-09-10T15:00:00+00:00,180.0,1.813
SIMULATION_FORCING,1013.0,0.0,64.742,425.0,SYNTHETIC,23.795,2026-09-10T16:00:00+00:00,180.0,2.333
SIMULATION_FORCING,1013.0,0.0,66.132,219.996,SYNTHETIC,23.001,2026-09-10T17:00:00+00:00,180.0,2.277
SIMULATION_FORCING,1013.0,0.0,73.376,0.0,SYNTHETIC,21.965,2026-09-10T18:00:00+00:00,180.0,1.735
SIMULATION_FORCING,1013.0,0.0,73.725,0.0,SYNTHETIC,20.759,2026-09-10T19:00:00+00:00,180.0,1.712
SIMULATION_FORCING,1013.0,0.0,73.729,0.0,SYNTHETIC,19.465,2026-09-10T20:00:00+00:00,180.0,1.595
SIMULATION_FORCING,1013.0,0.0,73.271,0.0,SYNTHETIC,18.171,2026-09-10T21:00:00+00:00,180.0,2.109
SIMULATION_FORCING,1013.0,0.0,73.853,0.0,SYNTHETIC,16.965,2026-09-10T22:00:00+00:00,180.0,2.282
SIMULATION_FORCING,1013.0,0.0,70.306,0.0,SYNTHETIC,15.93,2026-09-10T23:00:00+00:00,180.0,1.551
SIMULATION_FORCING,1013.0,0.0,73.01,0.0,SYNTHETIC,14.982,2026-09-11T00:00:00+00:00,180.0,1.942
SIMULATION_FORCING,1013.0,0.0,71.49,0.0,SYNTHETIC,14.483,2026-09-11T01:00:00+00:00,180.0,2.225
SIMULATION_FORCING,1013.0,0.0,72.237,0.0,SYNTHETIC,14.312,2026-09-11T02:00:00+00:00,180.0,2.38
SIMULATION_FORCING,1013.0,0.0,70.336,0.0,SYNTHETIC,14.483,2026-09-11T03:00:00+00:00,180.0,1.813
SIMULATION_FORCING,1013.0,0.0,70.7,0.0,SYNTHETIC,14.982,2026-09-11T04:00:00+00:00,180.0,2.368
SIMULATION_FORCING,1013.0,0.0,70.177,0.0,SYNTHETIC,15.777,2026-09-11T05:00:00+00:00,180.0,2.313
SIMULATION_FORCING,1013.0,0.0,72.851,0.0,SYNTHETIC,16.812,2026-09-11T06:00:00+00:00,180.0,1.778
SIMULATION_FORCING,1013.0,0.0,66.253,219.996,SYNTHETIC,18.018,2026-09-11T07:00:00+00:00,180.0,2.263
SIMULATION_FORCING,1013.0,0.0,62.415,425.0,SYNTHETIC,19.312,2026-09-11T08:00:00+00:00,180.0,1.727
SIMULATION_FORCING,1013.0,0.0,60.741,601.041,SYNTHETIC,20.606,2026-09-11T09:00:00+00:00,180.0,2.316
SIMULATION_FORCING,1013.0,0.0,57.184,736.122,SYNTHETIC,21.812,2026-09-11T10:00:00+00:00,180.0,2.383
SIMULATION_FORCING,1013.0,0.0,54.464,821.037,SYNTHETIC,22.848,2026-09-11T11:00:00+00:00,180.0,2.197
SIMULATION_FORCING,1013.0,0.0,54.328,850.0,SYNTHETIC,23.642,2026-09-11T12:00:00+00:00,180.0,1.992
SIMULATION_FORCING,1013.0,0.0,56.027,821.037,SYNTHETIC,24.142,2026-09-11T13:00:00+00:00,180.0,1.516
SIMULATION_FORCING,1013.0,0.0,56.401,736.122,SYNTHETIC,24.312,2026-09-11T14:00:00+00:00,180.0,2.13
SIMULATION_FORCING,1013.0,0.0,57.425,601.041,SYNTHETIC,24.142,2026-09-11T15:00:00+00:00,180.0,2.273
SIMULATION_FORCING,1013.0,0.0,64.996,425.0,SYNTHETIC,23.642,2026-09-11T16:00:00+00:00,180.0,1.527
SIMULATION_FORCING,1013.0,0.0,68.535,219.996,SYNTHETIC,22.848,2026-09-11T17:00:00+00:00,180.0,1.746
SIMULATION_FORCING,1013.0,0.0,70.496,0.0,SYNTHETIC,21.812,2026-09-11T18:00:00+00:00,180.0,2.271
SIMULATION_FORCING,1013.0,0.0,70.474,0.0,SYNTHETIC,20.606,2026-09-11T19:00:00+00:00,180.0,1.946
SIMULATION_FORCING,1013.0,0.0,70.753,0.0,SYNTHETIC,19.312,2026-09-11T20:00:00+00:00,180.0,1.929
SIMULATION_FORCING,1013.0,0.0,73.615,0.0,SYNTHETIC,18.018,2026-09-11T21:00:00+00:00,180.0,1.872
SIMULATION_FORCING,1013.0,0.0,70.533,0.0,SYNTHETIC,16.812,2026-09-11T22:00:00+00:00,180.0,1.626
SIMULATION_FORCING,1013.0,0.0,73.077,0.0,SYNTHETIC,15.777,2026-09-11T23:00:00+00:00,180.0,2.319
SIMULATION_FORCING,1013.0,0.0,70.97,0.0,SYNTHETIC,14.829,2026-09-12T00:00:00+00:00,180.0,1.638
SIMULATION_FORCING,1013.0,0.0,70.917,0.0,SYNTHETIC,14.329,2026-09-12T01:00:00+00:00,180.0,2.43
SIMULATION_FORCING,1013.0,0.0,73.446,0.0,SYNTHETIC,14.159,2026-09-12T02:00:00+00:00,180.0,1.641
SIMULATION_FORCING,1013.0,0.0,73.743,0.0,SYNTHETIC,14.329,2026-09-12T03:00:00+00:00,180.0,1.845
SIMULATION_FORCING,1013.0,0.0,71.605,0.0,SYNTHETIC,14.829,2026-09-12T04:00:00+00:00,180.0,1.749
SIMULATION_FORCING,1013.0,0.0,72.942,0.0,SYNTHETIC,15.623,2026-09-12T05:00:00+00:00,180.0,1.884
SIMULATION_FORCING,1013.0,0.0,72.253,0.0,SYNTHETIC,16.659,2026-09-12T06:00:00+00:00,180.0,1.973
SIMULATION_FORCING,1013.0,0.0,68.616,219.996,SYNTHETIC,17.865,2026-09-12T07:00:00+00:00,180.0,2.166
SIMULATION_FORCING,1013.0,0.0,63.318,425.0,SYNTHETIC,19.159,2026-09-12T08:00:00+00:00,180.0,2.272
SIMULATION_FORCING,1013.0,0.0,61.211,601.041,SYNTHETIC,20.453,2026-09-12T09:00:00+00:00,180.0,1.549
SIMULATION_FORCING,1013.0,0.0,54.771,736.122,SYNTHETIC,21.659,2026-09-12T10:00:00+00:00,180.0,1.847
SIMULATION_FORCING,1013.0,0.0,53.706,821.037,SYNTHETIC,22.694,2026-09-12T11:00:00+00:00,180.0,2.331
SIMULATION_FORCING,1013.0,0.0,54.647,850.0,SYNTHETIC,23.489,2026-09-12T12:00:00+00:00,180.0,1.596
SIMULATION_FORCING,1013.0,0.0,56.32,821.037,SYNTHETIC,23.988,2026-09-12T13:00:00+00:00,180.0,2.365
SIMULATION_FORCING,1013.0,0.0,58.034,736.122,SYNTHETIC,24.159,2026-09-12T14:00:00+00:00,180.0,1.891
SIMULATION_FORCING,1013.0,0.0,58.78,601.041,SYNTHETIC,23.988,2026-09-12T15:00:00+00:00,180.0,2.032
SIMULATION_FORCING,1013.0,0.0,63.88,425.0,SYNTHETIC,23.489,2026-09-12T16:00:00+00:00,180.0,2.291
SIMULATION_FORCING,1013.0,0.0,68.104,219.996,SYNTHETIC,22.694,2026-09-12T17:00:00+00:00,180.0,2.239
SIMULATION_FORCING,1013.0,0.0,72.298,0.0,SYNTHETIC,21.659,2026-09-12T18:00:00+00:00,180.0,1.872
SIMULATION_FORCING,1013.0,0.0,71.378,0.0,SYNTHETIC,20.453,2026-09-12T19:00:00+00:00,180.0,2.271
SIMULATION_FORCING,1013.0,0.0,70.641,0.0,SYNTHETIC,19.159,2026-09-12T20:00:00+00:00,180.0,1.717
SIMULATION_FORCING,1013.0,0.0,71.786,0.0,SYNTHETIC,17.865,2026-09-12T21:00:00+00:00,180.0,2.386
SIMULATION_FORCING,1013.0,0.0,71.985,0.0,SYNTHETIC,16.659,2026-09-12T22:00:00+00:00,180.0,1.548
SIMULATION_FORCING,1013.0,0.0,70.737,0.0,SYNTHETIC,15.623,2026-09-12T23:00:00+00:00,180.0,2.365
SIMULATION_FORCING,1013.0,0.0,71.791,0.0,SYNTHETIC,14.675,2026-09-13T00:00:00+00:00,180.0,1.626
SIMULATION_FORCING,1013.0,0.0,72.318,0.0,SYNTHETIC,14.175,2026-09-13T01:00:00+00:00,180.0,2.118
SIMULATION_FORCING,1013.0,0.0,72.887,0.0,SYNTHETIC,14.005,2026-09-13T02:00:00+00:00,180.0,2.175
SIMULATION_FORCING,1013.0,0.0,70.178,0.0,SYNTHETIC,14.175,2026-09-13T03:00:00+00:00,180.0,2.351
SIMULATION_FORCING,1013.0,0.0,70.601,0.0,SYNTHETIC,14.675,2026-09-13T04:00:00+00:00,180.0,2.229
SIMULATION_FORCING,1013.0,0.0,73.803,0.0,SYNTHETIC,15.469,2026-09-13T05:00:00+00:00,180.0,2.345
SIMULATION_FORCING,1013.0,0.0,73.664,0.0,SYNTHETIC,16.505,2026-09-13T06:00:00+00:00,180.0,1.65
SIMULATION_FORCING,1013.0,0.0,65.53,219.996,SYNTHETIC,17.711,2026-09-13T07:00:00+00:00,180.0,1.621
SIMULATION_FORCING,1013.0,0.0,62.265,425.0,SYNTHETIC,19.005,2026-09-13T08:00:00+00:00,180.0,1.827
SIMULATION_FORCING,1013.0,0.0,59.504,601.041,SYNTHETIC,20.299,2026-09-13T09:00:00+00:00,180.0,1.902
SIMULATION_FORCING,1013.0,0.0,55.477,736.122,SYNTHETIC,21.505,2026-09-13T10:00:00+00:00,180.0,1.961
SIMULATION_FORCING,1013.0,0.0,56.297,821.037,SYNTHETIC,22.54,2026-09-13T11:00:00+00:00,180.0,2.17
SIMULATION_FORCING,1013.0,0.0,52.819,850.0,SYNTHETIC,23.335,2026-09-13T12:00:00+00:00,180.0,2.139
SIMULATION_FORCING,1013.0,0.0,52.822,821.037,SYNTHETIC,23.835,2026-09-13T13:00:00+00:00,180.0,1.806
SIMULATION_FORCING,1013.0,0.0,55.408,736.122,SYNTHETIC,24.005,2026-09-13T14:00:00+00:00,180.0,1.579
SIMULATION_FORCING,1013.0,0.0,57.458,601.041,SYNTHETIC,23.835,2026-09-13T15:00:00+00:00,180.0,1.52
SIMULATION_FORCING,1013.0,0.0,64.85,425.0,SYNTHETIC,23.335,2026-09-13T16:00:00+00:00,180.0,2.139
SIMULATION_FORCING,1013.0,0.0,66.91,219.996,SYNTHETIC,22.54,2026-09-13T17:00:00+00:00,180.0,2.309
SIMULATION_FORCING,1013.0,0.0,71.188,0.0,SYNTHETIC,21.505,2026-09-13T18:00:00+00:00,180.0,1.929
SIMULATION_FORCING,1013.0,0.0,73.256,0.0,SYNTHETIC,20.299,2026-09-13T19:00:00+00:00,180.0,1.784
SIMULATION_FORCING,1013.0,0.0,73.348,0.0,SYNTHETIC,19.005,2026-09-13T20:00:00+00:00,180.0,2.493
SIMULATION_FORCING,1013.0,0.0,73.055,0.0,SYNTHETIC,17.711,2026-09-13T21:00:00+00:00,180.0,2.247
SIMULATION_FORCING,1013.0,0.0,73.757,0.0,SYNTHETIC,16.505,2026-09-13T22:00:00+00:00,180.0,1.68
SIMULATION_FORCING,1013.0,0.0,73.834,0.0,SYNTHETIC,15.469,2026-09-13T23:00:00+00:00,180.0,2.157
SIMULATION_FORCING,1013.0,0.0,72.022,0.0,SYNTHETIC,14.521,2026-09-14T00:00:00+00:00,180.0,1.747
SIMULATION_FORCING,1013.0,0.0,71.994,0.0,SYNTHETIC,14.021,2026-09-14T01:00:00+00:00,180.0,1.932
SIMULATION_FORCING,1013.0,0.0,72.102,0.0,SYNTHETIC,13.851,2026-09-14T02:00:00+00:00,180.0,2.394
SIMULATION_FORCING,1013.0,0.0,71.608,0.0,SYNTHETIC,14.021,2026-09-14T03:00:00+00:00,180.0,2.351
SIMULATION_FORCING,1013.0,0.0,70.706,0.0,SYNTHETIC,14.521,2026-09-14T04:00:00+00:00,180.0,1.702
SIMULATION_FORCING,1013.0,0.0,71.226,0.0,SYNTHETIC,15.315,2026-09-14T05:00:00+00:00,180.0,1.69
SIMULATION_FORCING,1013.0,0.0,70.316,0.0,SYNTHETIC,16.351,2026-09-14T06:00:00+00:00,180.0,2.238
SIMULATION_FORCING,1013.0,0.0,65.802,219.996,SYNTHETIC,17.557,2026-09-14T07:00:00+00:00,180.0,2.247
SIMULATION_FORCING,1013.0,0.0,61.287,425.0,SYNTHETIC,18.851,2026-09-14T08:00:00+00:00,180.0,1.926
SIMULATION_FORCING,1013.0,0.0,59.163,601.041,SYNTHETIC,20.145,2026-09-14T09:00:00+00:00,180.0,1.531
SIMULATION_FORCING,1013.0,0.0,54.969,736.122,SYNTHETIC,21.351,2026-09-14T10:00:00+00:00,180.0,1.701
SIMULATION_FORCING,1013.0,0.0,54.729,821.037,SYNTHETIC,22.386,2026-09-14T11:00:00+00:00,180.0,2.471
SIMULATION_FORCING,1013.0,0.0,54.68,850.0,SYNTHETIC,23.181,2026-09-14T12:00:00+00:00,180.0,2.294
SIMULATION_FORCING,1013.0,0.0,52.628,821.037,SYNTHETIC,23.68,2026-09-14T13:00:00+00:00,180.0,2.039
SIMULATION_FORCING,1013.0,0.0,56.112,736.122,SYNTHETIC,23.851,2026-09-14T14:00:00+00:00,180.0,1.831
SIMULATION_FORCING,1013.0,0.0,57.311,601.041,SYNTHETIC,23.68,2026-09-14T15:00:00+00:00,180.0,1.831
SIMULATION_FORCING,1013.0,0.0,63.384,425.0,SYNTHETIC,23.181,2026-09-14T16:00:00+00:00,180.0,2.342
SIMULATION_FORCING,1013.0,0.0,68.724,219.996,SYNTHETIC,22.386,2026-09-14T17:00:00+00:00,180.0,1.988
SIMULATION_FORCING,1013.0,0.0,71.208,0.0,SYNTHETIC,21.351,2026-09-14T18:00:00+00:00,180.0,1.911
SIMULATION_FORCING,1013.0,0.0,71.661,0.0,SYNTHETIC,20.145,2026-09-14T19:00:00+00:00,180.0,1.712
SIMULATION_FORCING,1013.0,0.0,71.284,0.0,SYNTHETIC,18.851,2026-09-14T20:00:00+00:00,180.0,2.362
SIMULATION_FORCING,1013.0,0.0,73.824,0.0,SYNTHETIC,17.557,2026-09-14T21:00:00+00:00,180.0,2.444
SIMULATION_FORCING,1013.0,0.0,73.232,0.0,SYNTHETIC,16.351,2026-09-14T22:00:00+00:00,180.0,2.04
SIMULATION_FORCING,1013.0,0.0,72.528,0.0,SYNTHETIC,15.315,2026-09-14T23:00:00+00:00,180.0,2.246
SIMULATION_FORCING,1013.0,0.0,73.844,0.0,SYNTHETIC,14.366,2026-09-15T00:00:00+00:00,180.0,2.142
SIMULATION_FORCING,1013.0,0.0,72.03,0.0,SYNTHETIC,13.867,2026-09-15T01:00:00+00:00,180.0,2.305
SIMULATION_FORCING,1013.0,0.0,71.412,0.0,SYNTHETIC,13.696,2026-09-15T02:00:00+00:00,180.0,1.656
SIMULATION_FORCING,1013.0,0.0,73.754,0.0,SYNTHETIC,13.867,2026-09-15T03:00:00+00:00,180.0,2.149
SIMULATION_FORCING,1013.0,0.0,73.113,0.0,SYNTHETIC,14.366,2026-09-15T04:00:00+00:00,180.0,2.099
SIMULATION_FORCING,1013.0,0.0,73.859,0.0,SYNTHETIC,15.161,2026-09-15T05:00:00+00:00,180.0,2.366
SIMULATION_FORCING,1013.0,0.0,71.651,0.0,SYNTHETIC,16.196,2026-09-15T06:00:00+00:00,180.0,2.201
SIMULATION_FORCING,1013.0,0.0,69.054,219.996,SYNTHETIC,17.402,2026-09-15T07:00:00+00:00,180.0,2.047
SIMULATION_FORCING,1013.0,0.0,61.521,425.0,SYNTHETIC,18.696,2026-09-15T08:00:00+00:00,180.0,1.902
SIMULATION_FORCING,1013.0,0.0,58.835,601.041,SYNTHETIC,19.991,2026-09-15T09:00:00+00:00,180.0,1.7
SIMULATION_FORCING,1013.0,0.0,54.673,736.122,SYNTHETIC,21.196,2026-09-15T10:00:00+00:00,180.0,1.801
SIMULATION_FORCING,1013.0,0.0,55.417,821.037,SYNTHETIC,22.232,2026-09-15T11:00:00+00:00,180.0,1.838
SIMULATION_FORCING,1013.0,0.0,53.3,850.0,SYNTHETIC,23.027,2026-09-15T12:00:00+00:00,180.0,1.802
SIMULATION_FORCING,1013.0,0.0,55.353,821.037,SYNTHETIC,23.526,2026-09-15T13:00:00+00:00,180.0,1.528
SIMULATION_FORCING,1013.0,0.0,54.969,736.122,SYNTHETIC,23.696,2026-09-15T14:00:00+00:00,180.0,2.388
SIMULATION_FORCING,1013.0,0.0,60.387,601.041,SYNTHETIC,23.526,2026-09-15T15:00:00+00:00,180.0,2.292
SIMULATION_FORCING,1013.0,0.0,63.371,425.0,SYNTHETIC,23.027,2026-09-15T16:00:00+00:00,180.0,2.279
SIMULATION_FORCING,1013.0,0.0,67.173,219.996,SYNTHETIC,22.232,2026-09-15T17:00:00+00:00,180.0,2.014
SIMULATION_FORCING,1013.0,0.0,73.873,0.0,SYNTHETIC,21.196,2026-09-15T18:00:00+00:00,180.0,2.257
SIMULATION_FORCING,1013.0,0.0,72.24,0.0,SYNTHETIC,19.991,2026-09-15T19:00:00+00:00,180.0,1.844
SIMULATION_FORCING,1013.0,0.0,73.005,0.0,SYNTHETIC,18.696,2026-09-15T20:00:00+00:00,180.0,1.587
SIMULATION_FORCING,1013.0,0.0,70.187,0.0,SYNTHETIC,17.402,2026-09-15T21:00:00+00:00,180.0,1.658
SIMULATION_FORCING,1013.0,0.0,72.506,0.0,SYNTHETIC,16.196,2026-09-15T22:00:00+00:00,180.0,2.048
SIMULATION_FORCING,1013.0,0.0,73.429,0.0,SYNTHETIC,15.161,2026-09-15T23:00:00+00:00,180.0,2.302
SIMULATION_FORCING,1013.0,0.0,72.855,0.0,SYNTHETIC,14.212,2026-09-16T00:00:00+00:00,180.0,1.72
SIMULATION_FORCING,1013.0,0.0,70.389,0.0,SYNTHETIC,13.712,2026-09-16T01:00:00+00:00,180.0,2.365
SIMULATION_FORCING,1013.0,0.0,70.353,0.0,SYNTHETIC,13.542,2026-09-16T02:00:00+00:00,180.0,1.594
SIMULATION_FORCING,1013.0,0.0,71.577,0.0,SYNTHETIC,13.712,2026-09-16T03:00:00+00:00,180.0,2.342
SIMULATION_FORCING,1013.0,0.0,73.704,0.0,SYNTHETIC,14.212,2026-09-16T04:00:00+00:00,180.0,2.294
SIMULATION_FORCING,1013.0,0.0,71.368,0.0,SYNTHETIC,15.006,2026-09-16T05:00:00+00:00,180.0,2.101
SIMULATION_FORCING,1013.0,0.0,72.98,0.0,SYNTHETIC,16.042,2026-09-16T06:00:00+00:00,180.0,1.772
SIMULATION_FORCING,1013.0,0.0,67.79,219.996,SYNTHETIC,17.248,2026-09-16T07:00:00+00:00,180.0,1.784
SIMULATION_FORCING,1013.0,0.0,62.163,425.0,SYNTHETIC,18.542,2026-09-16T08:00:00+00:00,180.0,1.932
SIMULATION_FORCING,1013.0,0.0,60.614,601.041,SYNTHETIC,19.836,2026-09-16T09:00:00+00:00,180.0,2.301
SIMULATION_FORCING,1013.0,0.0,54.64,736.122,SYNTHETIC,21.042,2026-09-16T10:00:00+00:00,180.0,1.741
SIMULATION_FORCING,1013.0,0.0,53.133,821.037,SYNTHETIC,22.077,2026-09-16T11:00:00+00:00,180.0,1.825
SIMULATION_FORCING,1013.0,0.0,55.345,850.0,SYNTHETIC,22.872,2026-09-16T12:00:00+00:00,180.0,2.451
SIMULATION_FORCING,1013.0,0.0,55.269,821.037,SYNTHETIC,23.372,2026-09-16T13:00:00+00:00,180.0,1.86
SIMULATION_FORCING,1013.0,0.0,54.499,736.122,SYNTHETIC,23.542,2026-09-16T14:00:00+00:00,180.0,2.127
SIMULATION_FORCING,1013.0,0.0,59.254,601.041,SYNTHETIC,23.372,2026-09-16T15:00:00+00:00,180.0,2.116
SIMULATION_FORCING,1013.0,0.0,61.128,425.0,SYNTHETIC,22.872,2026-09-16T16:00:00+00:00,180.0,2.134
SIMULATION_FORCING,1013.0,0.0,68.472,219.996,SYNTHETIC,22.077,2026-09-16T17:00:00+00:00,180.0,2.15
SIMULATION_FORCING,1013.0,0.0,72.836,0.0,SYNTHETIC,21.042,2026-09-16T18:00:00+00:00,180.0,1.575
SIMULATION_FORCING,1013.0,0.0,71.373,0.0,SYNTHETIC,19.836,2026-09-16T19:00:00+00:00,180.0,2.033
SIMULATION_FORCING,1013.0,0.0,70.049,0.0,SYNTHETIC,18.542,2026-09-16T20:00:00+00:00,180.0,2.251
SIMULATION_FORCING,1013.0,0.0,72.995,0.0,SYNTHETIC,17.248,2026-09-16T21:00:00+00:00,180.0,1.804
SIMULATION_FORCING,1013.0,0.0,70.683,0.0,SYNTHETIC,16.042,2026-09-16T22:00:00+00:00,180.0,1.625
SIMULATION_FORCING,1013.0,0.0,72.961,0.0,SYNTHETIC,15.006,2026-09-16T23:00:00+00:00,180.0,2.499
SIMULATION_FORCING,1013.0,0.0,70.972,0.0,SYNTHETIC,14.057,2026-09-17T00:00:00+00:00,180.0,1.79
SIMULATION_FORCING,1013.0,0.0,70.423,0.0,SYNTHETIC,13.558,2026-09-17T01:00:00+00:00,180.0,1.622
SIMULATION_FORCING,1013.0,0.0,70.803,0.0,SYNTHETIC,13.387,2026-09-17T02:00:00+00:00,180.0,1.577
SIMULATION_FORCING,1013.0,0.0,72.82,0.0,SYNTHETIC,13.558,2026-09-17T03:00:00+00:00,180.0,2.299
SIMULATION_FORCING,1013.0,0.0,73.367,0.0,SYNTHETIC,14.057,2026-09-17T04:00:00+00:00,180.0,1.684
SIMULATION_FORCING,1013.0,0.0,70.068,0.0,SYNTHETIC,14.852,2026-09-17T05:00:00+00:00,180.0,2.473
SIMULATION_FORCING,1013.0,0.0,72.681,0.0,SYNTHETIC,15.887,2026-09-17T06:00:00+00:00,180.0,1.659
SIMULATION_FORCING,1013.0,0.0,67.947,219.996,SYNTHETIC,17.093,2026-09-17T07:00:00+00:00,180.0,2.421
SIMULATION_FORCING,1013.0,0.0,61.941,425.0,SYNTHETIC,18.387,2026-09-17T08:00:00+00:00,180.0,2.018
SIMULATION_FORCING,1013.0,0.0,60.968,601.041,SYNTHETIC,19.681,2026-09-17T09:00:00+00:00,180.0,1.846
SIMULATION_FORCING,1013.0,0.0,57.388,736.122,SYNTHETIC,20.887,2026-09-17T10:00:00+00:00,180.0,2.143
SIMULATION_FORCING,1013.0,0.0,55.64,821.037,SYNTHETIC,21.923,2026-09-17T11:00:00+00:00,180.0,2.372
SIMULATION_FORCING,1013.0,0.0,54.135,850.0,SYNTHETIC,22.717,2026-09-17T12:00:00+00:00,180.0,1.564
SIMULATION_FORCING,1013.0,0.0,54.585,821.037,SYNTHETIC,23.217,2026-09-17T13:00:00+00:00,180.0,1.855
SIMULATION_FORCING,1013.0,0.0,56.532,736.122,SYNTHETIC,23.387,2026-09-17T14:00:00+00:00,180.0,1.719
SIMULATION_FORCING,1013.0,0.0,59.914,601.041,SYNTHETIC,23.217,2026-09-17T15:00:00+00:00,180.0,2.035
SIMULATION_FORCING,1013.0,0.0,61.644,425.0,SYNTHETIC,22.717,2026-09-17T16:00:00+00:00,180.0,2.38
SIMULATION_FORCING,1013.0,0.0,67.972,219.996,SYNTHETIC,21.923,2026-09-17T17:00:00+00:00,180.0,1.565
SIMULATION_FORCING,1013.0,0.0,71.355,0.0,SYNTHETIC,20.887,2026-09-17T18:00:00+00:00,180.0,1.778
SIMULATION_FORCING,1013.0,0.0,70.301,0.0,SYNTHETIC,19.681,2026-09-17T19:00:00+00:00,180.0,2.002
SIMULATION_FORCING,1013.0,0.0,72.0,0.0,SYNTHETIC,18.387,2026-09-17T20:00:00+00:00,180.0,1.763
SIMULATION_FORCING,1013.0,0.0,72.212,0.0,SYNTHETIC,17.093,2026-09-17T21:00:00+00:00,180.0,1.51
SIMULATION_FORCING,1013.0,0.0,72.944,0.0,SYNTHETIC,15.887,2026-09-17T22:00:00+00:00,180.0,1.696
SIMULATION_FORCING,1013.0,0.0,72.322,0.0,SYNTHETIC,14.852,2026-09-17T23:00:00+00:00,180.0,1.577
SIMULATION_FORCING,1013.0,0.0,73.434,0.0,SYNTHETIC,13.902,2026-09-18T00:00:00+00:00,180.0,2.408
SIMULATION_FORCING,1013.0,0.0,70.396,0.0,SYNTHETIC,13.403,2026-09-18T01:00:00+00:00,180.0,2.269
SIMULATION_FORCING,1013.0,0.0,71.061,0.0,SYNTHETIC,13.232,2026-09-18T02:00:00+00:00,180.0,2.352
SIMULATION_FORCING,1013.0,0.0,72.305,0.0,SYNTHETIC,13.403,2026-09-18T03:00:00+00:00,180.0,1.83
SIMULATION_FORCING,1013.0,0.0,72.158,0.0,SYNTHETIC,13.902,2026-09-18T04:00:00+00:00,180.0,2.338
SIMULATION_FORCING,1013.0,0.0,73.892,0.0,SYNTHETIC,14.697,2026-09-18T05:00:00+00:00,180.0,2.319
SIMULATION_FORCING,1013.0,0.0,72.45,0.0,SYNTHETIC,15.732,2026-09-18T06:00:00+00:00,180.0,1.842
SIMULATION_FORCING,1013.0,0.0,68.702,219.996,SYNTHETIC,16.938,2026-09-18T07:00:00+00:00,180.0,2.239
SIMULATION_FORCING,1013.0,0.0,62.934,425.0,SYNTHETIC,18.232,2026-09-18T08:00:00+00:00,180.0,1.619
SIMULATION_FORCING,1013.0,0.0,57.322,601.041,SYNTHETIC,19.526,2026-09-18T09:00:00+00:00,180.0,1.816
SIMULATION_FORCING,1013.0,0.0,54.928,736.122,SYNTHETIC,20.732,2026-09-18T10:00:00+00:00,180.0,2.217
SIMULATION_FORCING,1013.0,0.0,53.077,821.037,SYNTHETIC,21.768,2026-09-18T11:00:00+00:00,180.0,2.174
SIMULATION_FORCING,1013.0,0.0,55.946,850.0,SYNTHETIC,22.562,2026-09-18T12:00:00+00:00,180.0,2.18
SIMULATION_FORCING,1013.0,0.0,53.89,821.037,SYNTHETIC,23.062,2026-09-18T13:00:00+00:00,180.0,2.384
SIMULATION_FORCING,1013.0,0.0,55.262,736.122,SYNTHETIC,23.232,2026-09-18T14:00:00+00:00,180.0,2.209
SIMULATION_FORCING,1013.0,0.0,59.878,601.041,SYNTHETIC,23.062,2026-09-18T15:00:00+00:00,180.0,2.275
SIMULATION_FORCING,1013.0,0.0,64.448,425.0,SYNTHETIC,22.562,2026-09-18T16:00:00+00:00,180.0,1.888
SIMULATION_FORCING,1013.0,0.0,67.157,219.996,SYNTHETIC,21.768,2026-09-18T17:00:00+00:00,180.0,2.164
SIMULATION_FORCING,1013.0,0.0,73.333,0.0,SYNTHETIC,20.732,2026-09-18T18:00:00+00:00,180.0,2.025
SIMULATION_FORCING,1013.0,0.0,72.172,0.0,SYNTHETIC,19.526,2026-09-18T19:00:00+00:00,180.0,2.001
SIMULATION_FORCING,1013.0,0.0,73.539,0.0,SYNTHETIC,18.232,2026-09-18T20:00:00+00:00,180.0,1.859
SIMULATION_FORCING,1013.0,0.0,73.315,0.0,SYNTHETIC,16.938,2026-09-18T21:00:00+00:00,180.0,1.646
SIMULATION_FORCING,1013.0,0.0,70.064,0.0,SYNTHETIC,15.732,2026-09-18T22:00:00+00:00,180.0,2.283
SIMULATION_FORCING,1013.0,0.0,70.599,0.0,SYNTHETIC,14.697,2026-09-18T23:00:00+00:00,180.0,2.031
SIMULATION_FORCING,1013.0,0.0,72.012,0.0,SYNTHETIC,13.747,2026-09-19T00:00:00+00:00,180.0,1.648
SIMULATION_FORCING,1013.0,0.0,72.465,0.0,SYNTHETIC,13.248,2026-09-19T01:00:00+00:00,180.0,1.547
SIMULATION_FORCING,1013.0,0.0,72.355,0.0,SYNTHETIC,13.077,2026-09-19T02:00:00+00:00,180.0,1.592
SIMULATION_FORCING,1013.0,0.0,73.822,0.0,SYNTHETIC,13.248,2026-09-19T03:00:00+00:00,180.0,1.581
SIMULATION_FORCING,1013.0,0.0,70.341,0.0,SYNTHETIC,13.747,2026-09-19T04:00:00+00:00,180.0,2.1
SIMULATION_FORCING,1013.0,0.0,70.629,0.0,SYNTHETIC,14.542,2026-09-19T05:00:00+00:00,180.0,2.019
SIMULATION_FORCING,1013.0,0.0,72.425,0.0,SYNTHETIC,15.577,2026-09-19T06:00:00+00:00,180.0,2.484
SIMULATION_FORCING,1013.0,0.0,65.676,219.996,SYNTHETIC,16.783,2026-09-19T07:00:00+00:00,180.0,1.952
SIMULATION_FORCING,1013.0,0.0,64.638,425.0,SYNTHETIC,18.077,2026-09-19T08:00:00+00:00,180.0,2.014
SIMULATION_FORCING,1013.0,0.0,60.145,601.041,SYNTHETIC,19.372,2026-09-19T09:00:00+00:00,180.0,1.983
SIMULATION_FORCING,1013.0,0.0,57.072,736.122,SYNTHETIC,20.577,2026-09-19T10:00:00+00:00,180.0,1.946
SIMULATION_FORCING,1013.0,0.0,52.804,821.037,SYNTHETIC,21.613,2026-09-19T11:00:00+00:00,180.0,2.179
SIMULATION_FORCING,1013.0,0.0,55.898,850.0,SYNTHETIC,22.408,2026-09-19T12:00:00+00:00,180.0,1.536
SIMULATION_FORCING,1013.0,0.0,55.395,821.037,SYNTHETIC,22.907,2026-09-19T13:00:00+00:00,180.0,2.357
SIMULATION_FORCING,1013.0,0.0,56.933,736.122,SYNTHETIC,23.077,2026-09-19T14:00:00+00:00,180.0,1.65
SIMULATION_FORCING,1013.0,0.0,59.448,601.041,SYNTHETIC,22.907,2026-09-19T15:00:00+00:00,180.0,2.45
SIMULATION_FORCING,1013.0,0.0,64.15,425.0,SYNTHETIC,22.408,2026-09-19T16:00:00+00:00,180.0,2.399
SIMULATION_FORCING,1013.0,0.0,67.772,219.996,SYNTHETIC,21.613,2026-09-19T17:00:00+00:00,180.0,2.37
SIMULATION_FORCING,1013.0,0.0,72.684,0.0,SYNTHETIC,20.577,2026-09-19T18:00:00+00:00,180.0,1.724
SIMULATION_FORCING,1013.0,0.0,72.145,0.0,SYNTHETIC,19.372,2026-09-19T19:00:00+00:00,180.0,1.516
SIMULATION_FORCING,1013.0,0.0,71.33,0.0,SYNTHETIC,18.077,2026-09-19T20:00:00+00:00,180.0,1.65
SIMULATION_FORCING,1013.0,0.0,72.07,0.0,SYNTHETIC,16.783,2026-09-19T21:00:00+00:00,180.0,2.346
SIMULATION_FORCING,1013.0,0.0,71.499,0.0,SYNTHETIC,15.577,2026-09-19T22:00:00+00:00,180.0,1.75
SIMULATION_FORCING,1013.0,0.0,71.382,0.0,SYNTHETIC,14.542,2026-09-19T23:00:00+00:00,180.0,2.331
SIMULATION_FORCING,1013.0,0.0,73.1,0.0,SYNTHETIC,13.592,2026-09-20T00:00:00+00:00,180.0,2.163
SIMULATION_FORCING,1013.0,0.0,72.983,0.0,SYNTHETIC,13.093,2026-09-20T01:00:00+00:00,180.0,2.371
SIMULATION_FORCING,1013.0,0.0,71.189,0.0,SYNTHETIC,12.923,2026-09-20T02:00:00+00:00,180.0,2.233
SIMULATION_FORCING,1013.0,0.0,70.653,0.0,SYNTHETIC,13.093,2026-09-20T03:00:00+00:00,180.0,1.503
SIMULATION_FORCING,1013.0,0.0,70.167,0.0,SYNTHETIC,13.592,2026-09-20T04:00:00+00:00,180.0,1.876
SIMULATION_FORCING,1013.0,0.0,70.873,0.0,SYNTHETIC,14.387,2026-09-20T05:00:00+00:00,180.0,2.227
SIMULATION_FORCING,1013.0,0.0,73.303,0.0,SYNTHETIC,15.423,2026-09-20T06:00:00+00:00,180.0,1.621
SIMULATION_FORCING,1013.0,0.0,68.862,219.996,SYNTHETIC,16.628,2026-09-20T07:00:00+00:00,180.0,1.703
SIMULATION_FORCING,1013.0,0.0,61.101,425.0,SYNTHETIC,17.923,2026-09-20T08:00:00+00:00,180.0,2.269
SIMULATION_FORCING,1013.0,0.0,58.878,601.041,SYNTHETIC,19.217,2026-09-20T09:00:00+00:00,180.0,1.951
SIMULATION_FORCING,1013.0,0.0,57.767,736.122,SYNTHETIC,20.423,2026-09-20T10:00:00+00:00,180.0,1.988
SIMULATION_FORCING,1013.0,0.0,56.257,821.037,SYNTHETIC,21.458,2026-09-20T11:00:00+00:00,180.0,1.91
SIMULATION_FORCING,1013.0,0.0,53.736,850.0,SYNTHETIC,22.253,2026-09-20T12:00:00+00:00,180.0,1.59
SIMULATION_FORCING,1013.0,0.0,55.036,821.037,SYNTHETIC,22.752,2026-09-20T13:00:00+00:00,180.0,2.191
SIMULATION_FORCING,1013.0,0.0,55.043,736.122,SYNTHETIC,22.923,2026-09-20T14:00:00+00:00,180.0,2.406
SIMULATION_FORCING,1013.0,0.0,60.217,601.041,SYNTHETIC,22.752,2026-09-20T15:00:00+00:00,180.0,1.912
SIMULATION_FORCING,1013.0,0.0,63.819,425.0,SYNTHETIC,22.253,2026-09-20T16:00:00+00:00,180.0,2.382
SIMULATION_FORCING,1013.0,0.0,65.903,219.996,SYNTHETIC,21.458,2026-09-20T17:00:00+00:00,180.0,2.009
SIMULATION_FORCING,1013.0,0.0,71.872,0.0,SYNTHETIC,20.423,2026-09-20T18:00:00+00:00,180.0,2.312
SIMULATION_FORCING,1013.0,0.0,70.454,0.0,SYNTHETIC,19.217,2026-09-20T19:00:00+00:00,180.0,1.886
SIMULATION_FORCING,1013.0,0.0,71.379,0.0,SYNTHETIC,17.923,2026-09-20T20:00:00+00:00,180.0,1.996
SIMULATION_FORCING,1013.0,0.0,72.571,0.0,SYNTHETIC,16.628,2026-09-20T21:00:00+00:00,180.0,1.782
SIMULATION_FORCING,1013.0,0.0,70.921,0.0,SYNTHETIC,15.423,2026-09-20T22:00:00+00:00,180.0,1.675
SIMULATION_FORCING,1013.0,0.0,70.448,0.0,SYNTHETIC,14.387,2026-09-20T23:00:00+00:00,180.0,2.08
SIMULATION_FORCING,1013.0,0.0,70.462,0.0,SYNTHETIC,13.438,2026-09-21T00:00:00+00:00,180.0,2.162
SIMULATION_FORCING,1013.0,0.0,72.917,0.0,SYNTHETIC,12.938,2026-09-21T01:00:00+00:00,180.0,2.092
SIMULATION_FORCING,1013.0,0.0,71.484,0.0,SYNTHETIC,12.768,2026-09-21T02:00:00+00:00,180.0,2.327
SIMULATION_FORCING,1013.0,0.0,71.765,0.0,SYNTHETIC,12.938,2026-09-21T03:00:00+00:00,180.0,1.54
SIMULATION_FORCING,1013.0,0.0,72.898,0.0,SYNTHETIC,13.438,2026-09-21T04:00:00+00:00,180.0,1.625
SIMULATION_FORCING,1013.0,0.0,72.56,0.0,SYNTHETIC,14.232,2026-09-21T05:00:00+00:00,180.0,1.532
SIMULATION_FORCING,1013.0,0.0,70.8,0.0,SYNTHETIC,15.268,2026-09-21T06:00:00+00:00,180.0,2.377
SIMULATION_FORCING,1013.0,0.0,65.994,219.996,SYNTHETIC,16.474,2026-09-21T07:00:00+00:00,180.0,1.73
SIMULATION_FORCING,1013.0,0.0,62.804,425.0,SYNTHETIC,17.768,2026-09-21T08:00:00+00:00,180.0,2.481
SIMULATION_FORCING,1013.0,0.0,59.286,601.041,SYNTHETIC,19.062,2026-09-21T09:00:00+00:00,180.0,1.773
SIMULATION_FORCING,1013.0,0.0,58.155,736.122,SYNTHETIC,20.268,2026-09-21T10:00:00+00:00,180.0,1.564
SIMULATION_FORCING,1013.0,0.0,53.902,821.037,SYNTHETIC,21.303,2026-09-21T11:00:00+00:00,180.0,1.742
SIMULATION_FORCING,1013.0,0.0,54.977,850.0,SYNTHETIC,22.098,2026-09-21T12:00:00+00:00,180.0,1.984
SIMULATION_FORCING,1013.0,0.0,54.471,821.037,SYNTHETIC,22.597,2026-09-21T13:00:00+00:00,180.0,2.039
SIMULATION_FORCING,1013.0,0.0,56.32,736.122,SYNTHETIC,22.768,2026-09-21T14:00:00+00:00,180.0,2.225
SIMULATION_FORCING,1013.0,0.0,60.939,601.041,SYNTHETIC,22.597,2026-09-21T15:00:00+00:00,180.0,1.591
SIMULATION_FORCING,1013.0,0.0,63.905,425.0,SYNTHETIC,22.098,2026-09-21T16:00:00+00:00,180.0,2.141
SIMULATION_FORCING,1013.0,0.0,68.565,219.996,SYNTHETIC,21.303,2026-09-21T17:00:00+00:00,180.0,2.457
SIMULATION_FORCING,1013.0,0.0,70.439,0.0,SYNTHETIC,20.268,2026-09-21T18:00:00+00:00,180.0,2.015
SIMULATION_FORCING,1013.0,0.0,73.699,0.0,SYNTHETIC,19.062,2026-09-21T19:00:00+00:00,180.0,1.946
SIMULATION_FORCING,1013.0,0.0,71.188,0.0,SYNTHETIC,17.768,2026-09-21T20:00:00+00:00,180.0,2.411
SIMULATION_FORCING,1013.0,0.0,72.834,0.0,SYNTHETIC,16.474,2026-09-21T21:00:00+00:00,180.0,1.938
SIMULATION_FORCING,1013.0,0.0,72.021,0.0,SYNTHETIC,15.268,2026-09-21T22:00:00+00:00,180.0,1.93
SIMULATION_FORCING,1013.0,0.0,71.071,0.0,SYNTHETIC,14.232,2026-09-21T23:00:00+00:00,180.0,1.643
SIMULATION_FORCING,1013.0,0.0,70.755,0.0,SYNTHETIC,13.283,2026-09-22T00:00:00+00:00,180.0,1.989
SIMULATION_FORCING,1013.0,0.0,70.037,0.0,SYNTHETIC,12.783,2026-09-22T01:00:00+00:00,180.0,1.966
SIMULATION_FORCING,1013.0,0.0,70.45,0.0,SYNTHETIC,12.613,2026-09-22T02:00:00+00:00,180.0,1.836
SIMULATION_FORCING,1013.0,0.0,73.321,0.0,SYNTHETIC,12.783,2026-09-22T03:00:00+00:00,180.0,1.508
SIMULATION_FORCING,1013.0,0.0,73.421,0.0,SYNTHETIC,13.283,2026-09-22T04:00:00+00:00,180.0,1.507
SIMULATION_FORCING,1013.0,0.0,73.98,0.0,SYNTHETIC,14.077,2026-09-22T05:00:00+00:00,180.0,2.329
SIMULATION_FORCING,1013.0,0.0,70.191,0.0,SYNTHETIC,15.113,2026-09-22T06:00:00+00:00,180.0,1.508
SIMULATION_FORCING,1013.0,0.0,67.91,219.996,SYNTHETIC,16.319,2026-09-22T07:00:00+00:00,180.0,1.914
SIMULATION_FORCING,1013.0,0.0,64.221,425.0,SYNTHETIC,17.613,2026-09-22T08:00:00+00:00,180.0,1.864
SIMULATION_FORCING,1013.0,0.0,57.398,601.041,SYNTHETIC,18.907,2026-09-22T09:00:00+00:00,180.0,2.489
SIMULATION_FORCING,1013.0,0.0,58.097,736.122,SYNTHETIC,20.113,2026-09-22T10:00:00+00:00,180.0,2.496
SIMULATION_FORCING,1013.0,0.0,54.223,821.037,SYNTHETIC,21.148,2026-09-22T11:00:00+00:00,180.0,1.819
SIMULATION_FORCING,1013.0,0.0,54.785,850.0,SYNTHETIC,21.943,2026-09-22T12:00:00+00:00,180.0,2.29
SIMULATION_FORCING,1013.0,0.0,52.972,821.037,SYNTHETIC,22.442,2026-09-22T13:00:00+00:00,180.0,1.908
SIMULATION_FORCING,1013.0,0.0,55.142,736.122,SYNTHETIC,22.613,2026-09-22T14:00:00+00:00,180.0,2.068
SIMULATION_FORCING,1013.0,0.0,57.536,601.041,SYNTHETIC,22.442,2026-09-22T15:00:00+00:00,180.0,2.038
SIMULATION_FORCING,1013.0,0.0,61.811,425.0,SYNTHETIC,21.943,2026-09-22T16:00:00+00:00,180.0,2.024
SIMULATION_FORCING,1013.0,0.0,66.323,219.996,SYNTHETIC,21.148,2026-09-22T17:00:00+00:00,180.0,2.012
SIMULATION_FORCING,1013.0,0.0,73.072,0.0,SYNTHETIC,20.113,2026-09-22T18:00:00+00:00,180.0,2.137
SIMULATION_FORCING,1013.0,0.0,71.161,0.0,SYNTHETIC,18.907,2026-09-22T19:00:00+00:00,180.0,2.059
SIMULATION_FORCING,1013.0,0.0,70.109,0.0,SYNTHETIC,17.613,2026-09-22T20:00:00+00:00,180.0,1.965
SIMULATION_FORCING,1013.0,0.0,70.611,0.0,SYNTHETIC,16.319,2026-09-22T21:00:00+00:00,180.0,2.277
SIMULATION_FORCING,1013.0,0.0,72.443,0.0,SYNTHETIC,15.113,2026-09-22T22:00:00+00:00,180.0,2.283
SIMULATION_FORCING,1013.0,0.0,73.672,0.0,SYNTHETIC,14.077,2026-09-22T23:00:00+00:00,180.0,1.701
SIMULATION_FORCING,1013.0,0.0,71.596,0.0,SYNTHETIC,13.128,2026-09-23T00:00:00+00:00,180.0,1.654
SIMULATION_FORCING,1013.0,0.0,71.274,0.0,SYNTHETIC,12.628,2026-09-23T01:00:00+00:00,180.0,1.744
SIMULATION_FORCING,1013.0,0.0,70.748,0.0,SYNTHETIC,12.458,2026-09-23T02:00:00+00:00,180.0,1.651
SIMULATION_FORCING,1013.0,0.0,73.048,0.0,SYNTHETIC,12.628,2026-09-23T03:00:00+00:00,180.0,1.666
SIMULATION_FORCING,1013.0,0.0,70.871,0.0,SYNTHETIC,13.128,2026-09-23T04:00:00+00:00,180.0,2.275
SIMULATION_FORCING,1013.0,0.0,70.29,0.0,SYNTHETIC,13.923,2026-09-23T05:00:00+00:00,180.0,1.857
SIMULATION_FORCING,1013.0,0.0,72.131,0.0,SYNTHETIC,14.958,2026-09-23T06:00:00+00:00,180.0,2.154
SIMULATION_FORCING,1013.0,0.0,69.056,219.996,SYNTHETIC,16.164,2026-09-23T07:00:00+00:00,180.0,2.191
SIMULATION_FORCING,1013.0,0.0,62.624,425.0,SYNTHETIC,17.458,2026-09-23T08:00:00+00:00,180.0,2.417
SIMULATION_FORCING,1013.0,0.0,59.813,601.041,SYNTHETIC,18.752,2026-09-23T09:00:00+00:00,180.0,1.841
SIMULATION_FORCING,1013.0,0.0,55.122,736.122,SYNTHETIC,19.958,2026-09-23T10:00:00+00:00,180.0,1.757
SIMULATION_FORCING,1013.0,0.0,52.689,821.037,SYNTHETIC,20.994,2026-09-23T11:00:00+00:00,180.0,1.881
SIMULATION_FORCING,1013.0,0.0,55.193,850.0,SYNTHETIC,21.788,2026-09-23T12:00:00+00:00,180.0,2.439
SIMULATION_FORCING,1013.0,0.0,54.333,821.037,SYNTHETIC,22.288,2026-09-23T13:00:00+00:00,180.0,1.834
SIMULATION_FORCING,1013.0,0.0,58.283,736.122,SYNTHETIC,22.458,2026-09-23T14:00:00+00:00,180.0,2.25
SIMULATION_FORCING,1013.0,0.0,59.543,601.041,SYNTHETIC,22.288,2026-09-23T15:00:00+00:00,180.0,2.216
SIMULATION_FORCING,1013.0,0.0,64.001,425.0,SYNTHETIC,21.788,2026-09-23T16:00:00+00:00,180.0,1.634
SIMULATION_FORCING,1013.0,0.0,65.351,219.996,SYNTHETIC,20.994,2026-09-23T17:00:00+00:00,180.0,2.492
SIMULATION_FORCING,1013.0,0.0,72.075,0.0,SYNTHETIC,19.958,2026-09-23T18:00:00+00:00,180.0,1.539
SIMULATION_FORCING,1013.0,0.0,73.779,0.0,SYNTHETIC,18.752,2026-09-23T19:00:00+00:00,180.0,1.822
SIMULATION_FORCING,1013.0,0.0,72.763,0.0,SYNTHETIC,17.458,2026-09-23T20:00:00+00:00,180.0,1.64
SIMULATION_FORCING,1013.0,0.0,70.299,0.0,SYNTHETIC,16.164,2026-09-23T21:00:00+00:00,180.0,1.547
SIMULATION_FORCING,1013.0,0.0,71.242,0.0,SYNTHETIC,14.958,2026-09-23T22:00:00+00:00,180.0,2.432
SIMULATION_FORCING,1013.0,0.0,73.667,0.0,SYNTHETIC,13.923,2026-09-23T23:00:00+00:00,180.0,1.991
SIMULATION_FORCING,1013.0,0.0,73.124,0.0,SYNTHETIC,12.973,2026-09-24T00:00:00+00:00,180.0,2.084
SIMULATION_FORCING,1013.0,0.0,70.824,0.0,SYNTHETIC,12.474,2026-09-24T01:00:00+00:00,180.0,1.807
SIMULATION_FORCING,1013.0,0.0,71.224,0.0,SYNTHETIC,12.304,2026-09-24T02:00:00+00:00,180.0,2.303
SIMULATION_FORCING,1013.0,0.0,72.949,0.0,SYNTHETIC,12.474,2026-09-24T03:00:00+00:00,180.0,2.24
SIMULATION_FORCING,1013.0,0.0,72.976,0.0,SYNTHETIC,12.973,2026-09-24T04:00:00+00:00,180.0,2.069
SIMULATION_FORCING,1013.0,0.0,70.981,0.0,SYNTHETIC,13.768,2026-09-24T05:00:00+00:00,180.0,2.025
SIMULATION_FORCING,1013.0,0.0,70.317,0.0,SYNTHETIC,14.804,2026-09-24T06:00:00+00:00,180.0,1.55
SIMULATION_FORCING,1013.0,0.0,66.411,219.996,SYNTHETIC,16.009,2026-09-24T07:00:00+00:00,180.0,2.057
SIMULATION_FORCING,1013.0,0.0,61.179,425.0,SYNTHETIC,17.304,2026-09-24T08:00:00+00:00,180.0,1.872
SIMULATION_FORCING,1013.0,0.0,57.669,601.041,SYNTHETIC,18.598,2026-09-24T09:00:00+00:00,180.0,1.572
SIMULATION_FORCING,1013.0,0.0,56.599,736.122,SYNTHETIC,19.804,2026-09-24T10:00:00+00:00,180.0,1.565
SIMULATION_FORCING,1013.0,0.0,52.975,821.037,SYNTHETIC,20.839,2026-09-24T11:00:00+00:00,180.0,1.976
SIMULATION_FORCING,1013.0,0.0,53.77,850.0,SYNTHETIC,21.634,2026-09-24T12:00:00+00:00,180.0,1.767
SIMULATION_FORCING,1013.0,0.0,54.393,821.037,SYNTHETIC,22.133,2026-09-24T13:00:00+00:00,180.0,1.764
SIMULATION_FORCING,1013.0,0.0,57.996,736.122,SYNTHETIC,22.304,2026-09-24T14:00:00+00:00,180.0,2.273
SIMULATION_FORCING,1013.0,0.0,59.507,601.041,SYNTHETIC,22.133,2026-09-24T15:00:00+00:00,180.0,2.05
SIMULATION_FORCING,1013.0,0.0,63.144,425.0,SYNTHETIC,21.634,2026-09-24T16:00:00+00:00,180.0,2.04
SIMULATION_FORCING,1013.0,0.0,68.586,219.996,SYNTHETIC,20.839,2026-09-24T17:00:00+00:00,180.0,1.973
SIMULATION_FORCING,1013.0,0.0,71.536,0.0,SYNTHETIC,19.804,2026-09-24T18:00:00+00:00,180.0,1.77
SIMULATION_FORCING,1013.0,0.0,70.824,0.0,SYNTHETIC,18.598,2026-09-24T19:00:00+00:00,180.0,1.782
SIMULATION_FORCING,1013.0,0.0,72.441,0.0,SYNTHETIC,17.304,2026-09-24T20:00:00+00:00,180.0,1.574
SIMULATION_FORCING,1013.0,0.0,72.058,0.0,SYNTHETIC,16.009,2026-09-24T21:00:00+00:00,180.0,2.085
SIMULATION_FORCING,1013.0,0.0,71.461,0.0,SYNTHETIC,14.804,2026-09-24T22:00:00+00:00,180.0,1.512
SIMULATION_FORCING,1013.0,0.0,71.825,0.0,SYNTHETIC,13.768,2026-09-24T23:00:00+00:00,180.0,1.636
SIMULATION_FORCING,1013.0,0.0,72.634,0.0,SYNTHETIC,12.819,2026-09-25T00:00:00+00:00,180.0,1.641
SIMULATION_FORCING,1013.0,0.0,70.409,0.0,SYNTHETIC,12.32,2026-09-25T01:00:00+00:00,180.0,2.401
SIMULATION_FORCING,1013.0,0.0,71.297,0.0,SYNTHETIC,12.149,2026-09-25T02:00:00+00:00,180.0,2.471
SIMULATION_FORCING,1013.0,0.0,70.247,0.0,SYNTHETIC,12.32,2026-09-25T03:00:00+00:00,180.0,2.396
SIMULATION_FORCING,1013.0,0.0,70.823,0.0,SYNTHETIC,12.819,2026-09-25T04:00:00+00:00,180.0,2.006
SIMULATION_FORCING,1013.0,0.0,73.757,0.0,SYNTHETIC,13.614,2026-09-25T05:00:00+00:00,180.0,2.324
SIMULATION_FORCING,1013.0,0.0,73.187,0.0,SYNTHETIC,14.649,2026-09-25T06:00:00+00:00,180.0,1.943
SIMULATION_FORCING,1013.0,0.0,67.439,219.996,SYNTHETIC,15.855,2026-09-25T07:00:00+00:00,180.0,2.35
SIMULATION_FORCING,1013.0,0.0,61.29,425.0,SYNTHETIC,17.149,2026-09-25T08:00:00+00:00,180.0,1.54
SIMULATION_FORCING,1013.0,0.0,60.995,601.041,SYNTHETIC,18.443,2026-09-25T09:00:00+00:00,180.0,1.8
SIMULATION_FORCING,1013.0,0.0,57.258,736.122,SYNTHETIC,19.649,2026-09-25T10:00:00+00:00,180.0,2.443
SIMULATION_FORCING,1013.0,0.0,56.183,821.037,SYNTHETIC,20.685,2026-09-25T11:00:00+00:00,180.0,1.634
SIMULATION_FORCING,1013.0,0.0,53.342,850.0,SYNTHETIC,21.479,2026-09-25T12:00:00+00:00,180.0,2.166
SIMULATION_FORCING,1013.0,0.0,54.174,821.037,SYNTHETIC,21.979,2026-09-25T13:00:00+00:00,180.0,2.177
SIMULATION_FORCING,1013.0,0.0,56.909,736.122,SYNTHETIC,22.149,2026-09-25T14:00:00+00:00,180.0,2.003
SIMULATION_FORCING,1013.0,0.0,60.449,601.041,SYNTHETIC,21.979,2026-09-25T15:00:00+00:00,180.0,2.274
SIMULATION_FORCING,1013.0,0.0,62.26,425.0,SYNTHETIC,21.479,2026-09-25T16:00:00+00:00,180.0,2.178
SIMULATION_FORCING,1013.0,0.0,66.076,219.996,SYNTHETIC,20.685,2026-09-25T17:00:00+00:00,180.0,1.817
SIMULATION_FORCING,1013.0,0.0,70.064,0.0,SYNTHETIC,19.649,2026-09-25T18:00:00+00:00,180.0,1.802
SIMULATION_FORCING,1013.0,0.0,73.05,0.0,SYNTHETIC,18.443,2026-09-25T19:00:00+00:00,180.0,2.36
SIMULATION_FORCING,1013.0,0.0,72.571,0.0,SYNTHETIC,17.149,2026-09-25T20:00:00+00:00,180.0,1.979
SIMULATION_FORCING,1013.0,0.0,71.087,0.0,SYNTHETIC,15.855,2026-09-25T21:00:00+00:00,180.0,1.597
SIMULATION_FORCING,1013.0,0.0,71.865,0.0,SYNTHETIC,14.649,2026-09-25T22:00:00+00:00,180.0,2.427
SIMULATION_FORCING,1013.0,0.0,71.753,0.0,SYNTHETIC,13.614,2026-09-25T23:00:00+00:00,180.0,2.172
SIMULATION_FORCING,1013.0,0.0,71.472,0.0,SYNTHETIC,12.665,2026-09-26T00:00:00+00:00,180.0,1.824
SIMULATION_FORCING,1013.0,0.0,73.787,0.0,SYNTHETIC,12.165,2026-09-26T01:00:00+00:00,180.0,1.518
SIMULATION_FORCING,1013.0,0.0,71.585,0.0,SYNTHETIC,11.995,2026-09-26T02:00:00+00:00,180.0,1.929
SIMULATION_FORCING,1013.0,0.0,73.113,0.0,SYNTHETIC,12.165,2026-09-26T03:00:00+00:00,180.0,1.565
SIMULATION_FORCING,1013.0,0.0,72.928,0.0,SYNTHETIC,12.665,2026-09-26T04:00:00+00:00,180.0,1.579
SIMULATION_FORCING,1013.0,0.0,70.766,0.0,SYNTHETIC,13.46,2026-09-26T05:00:00+00:00,180.0,1.865
SIMULATION_FORCING,1013.0,0.0,71.494,0.0,SYNTHETIC,14.495,2026-09-26T06:00:00+00:00,180.0,2.061
SIMULATION_FORCING,1013.0,0.0,68.279,219.996,SYNTHETIC,15.701,2026-09-26T07:00:00+00:00,180.0,1.548
SIMULATION_FORCING,1013.0,0.0,64.931,425.0,SYNTHETIC,16.995,2026-09-26T08:00:00+00:00,180.0,1.997
SIMULATION_FORCING,1013.0,0.0,60.037,601.041,SYNTHETIC,18.289,2026-09-26T09:00:00+00:00,180.0,1.849
SIMULATION_FORCING,1013.0,0.0,55.23,736.122,SYNTHETIC,19.495,2026-09-26T10:00:00+00:00,180.0,2.203
SIMULATION_FORCING,1013.0,0.0,54.299,821.037,SYNTHETIC,20.531,2026-09-26T11:00:00+00:00,180.0,2.248
SIMULATION_FORCING,1013.0,0.0,52.929,850.0,SYNTHETIC,21.325,2026-09-26T12:00:00+00:00,180.0,2.243
SIMULATION_FORCING,1013.0,0.0,53.619,821.037,SYNTHETIC,21.825,2026-09-26T13:00:00+00:00,180.0,2.496
SIMULATION_FORCING,1013.0,0.0,55.113,736.122,SYNTHETIC,21.995,2026-09-26T14:00:00+00:00,180.0,2.033
SIMULATION_FORCING,1013.0,0.0,61.127,601.041,SYNTHETIC,21.825,2026-09-26T15:00:00+00:00,180.0,1.599
SIMULATION_FORCING,1013.0,0.0,64.263,425.0,SYNTHETIC,21.325,2026-09-26T16:00:00+00:00,180.0,2.226
SIMULATION_FORCING,1013.0,0.0,67.033,219.996,SYNTHETIC,20.531,2026-09-26T17:00:00+00:00,180.0,1.82
SIMULATION_FORCING,1013.0,0.0,71.319,0.0,SYNTHETIC,19.495,2026-09-26T18:00:00+00:00,180.0,2.248
SIMULATION_FORCING,1013.0,0.0,71.989,0.0,SYNTHETIC,18.289,2026-09-26T19:00:00+00:00,180.0,1.53
SIMULATION_FORCING,1013.0,0.0,71.262,0.0,SYNTHETIC,16.995,2026-09-26T20:00:00+00:00,180.0,1.984
SIMULATION_FORCING,1013.0,0.0,70.13,0.0,SYNTHETIC,15.701,2026-09-26T21:00:00+00:00,180.0,2.245
SIMULATION_FORCING,1013.0,0.0,72.123,0.0,SYNTHETIC,14.495,2026-09-26T22:00:00+00:00,180.0,1.59
SIMULATION_FORCING,1013.0,0.0,70.266,0.0,SYNTHETIC,13.46,2026-09-26T23:00:00+00:00,180.0,2.123
SIMULATION_FORCING,1013.0,0.0,70.311,0.0,SYNTHETIC,12.511,2026-09-27T00:00:00+00:00,180.0,1.673
SIMULATION_FORCING,1013.0,0.0,70.733,0.0,SYNTHETIC,12.012,2026-09-27T01:00:00+00:00,180.0,2.318
SIMULATION_FORCING,1013.0,0.0,71.543,0.0,SYNTHETIC,11.841,2026-09-27T02:00:00+00:00,180.0,1.932
SIMULATION_FORCING,1013.0,0.0,71.225,0.0,SYNTHETIC,12.012,2026-09-27T03:00:00+00:00,180.0,2.376
SIMULATION_FORCING,1013.0,0.0,70.086,0.0,SYNTHETIC,12.511,2026-09-27T04:00:00+00:00,180.0,1.656
SIMULATION_FORCING,1013.0,0.0,70.845,0.0,SYNTHETIC,13.306,2026-09-27T05:00:00+00:00,180.0,1.863
SIMULATION_FORCING,1013.0,0.0,72.86,0.0,SYNTHETIC,14.341,2026-09-27T06:00:00+00:00,180.0,1.943
SIMULATION_FORCING,1013.0,0.0,69.191,219.996,SYNTHETIC,15.547,2026-09-27T07:00:00+00:00,180.0,1.73
SIMULATION_FORCING,1013.0,0.0,62.217,425.0,SYNTHETIC,16.841,2026-09-27T08:00:00+00:00,180.0,1.796
SIMULATION_FORCING,1013.0,0.0,58.978,601.041,SYNTHETIC,18.135,2026-09-27T09:00:00+00:00,180.0,1.819
SIMULATION_FORCING,1013.0,0.0,57.793,736.122,SYNTHETIC,19.341,2026-09-27T10:00:00+00:00,180.0,2.354
SIMULATION_FORCING,1013.0,0.0,56.407,821.037,SYNTHETIC,20.377,2026-09-27T11:00:00+00:00,180.0,1.854
SIMULATION_FORCING,1013.0,0.0,55.121,850.0,SYNTHETIC,21.171,2026-09-27T12:00:00+00:00,180.0,1.744
SIMULATION_FORCING,1013.0,0.0,56.261,821.037,SYNTHETIC,21.671,2026-09-27T13:00:00+00:00,180.0,2.259
SIMULATION_FORCING,1013.0,0.0,57.872,736.122,SYNTHETIC,21.841,2026-09-27T14:00:00+00:00,180.0,1.751
SIMULATION_FORCING,1013.0,0.0,59.434,601.041,SYNTHETIC,21.671,2026-09-27T15:00:00+00:00,180.0,1.953
SIMULATION_FORCING,1013.0,0.0,62.84,425.0,SYNTHETIC,21.171,2026-09-27T16:00:00+00:00,180.0,2.496
SIMULATION_FORCING,1013.0,0.0,69.037,219.996,SYNTHETIC,20.377,2026-09-27T17:00:00+00:00,180.0,1.513
SIMULATION_FORCING,1013.0,0.0,71.415,0.0,SYNTHETIC,19.341,2026-09-27T18:00:00+00:00,180.0,2.274
SIMULATION_FORCING,1013.0,0.0,70.602,0.0,SYNTHETIC,18.135,2026-09-27T19:00:00+00:00,180.0,2.156
SIMULATION_FORCING,1013.0,0.0,70.856,0.0,SYNTHETIC,16.841,2026-09-27T20:00:00+00:00,180.0,2.072
SIMULATION_FORCING,1013.0,0.0,71.481,0.0,SYNTHETIC,15.547,2026-09-27T21:00:00+00:00,180.0,1.616
SIMULATION_FORCING,1013.0,0.0,72.652,0.0,SYNTHETIC,14.341,2026-09-27T22:00:00+00:00,180.0,1.725
SIMULATION_FORCING,1013.0,0.0,73.853,0.0,SYNTHETIC,13.306,2026-09-27T23:00:00+00:00,180.0,2.211
SIMULATION_FORCING,1013.0,0.0,70.172,0.0,SYNTHETIC,12.358,2026-09-28T00:00:00+00:00,180.0,1.634
SIMULATION_FORCING,1013.0,0.0,70.378,0.0,SYNTHETIC,11.858,2026-09-28T01:00:00+00:00,180.0,2.012
SIMULATION_FORCING,1013.0,0.0,71.637,0.0,SYNTHETIC,11.688,2026-09-28T02:00:00+00:00,180.0,1.573
SIMULATION_FORCING,1013.0,0.0,70.192,0.0,SYNTHETIC,11.858,2026-09-28T03:00:00+00:00,180.0,2.118
SIMULATION_FORCING,1013.0,0.0,73.154,0.0,SYNTHETIC,12.358,2026-09-28T04:00:00+00:00,180.0,2.326
SIMULATION_FORCING,1013.0,0.0,73.23,0.0,SYNTHETIC,13.152,2026-09-28T05:00:00+00:00,180.0,2.119
SIMULATION_FORCING,1013.0,0.0,73.069,0.0,SYNTHETIC,14.188,2026-09-28T06:00:00+00:00,180.0,2.043
SIMULATION_FORCING,1013.0,0.0,66.776,219.996,SYNTHETIC,15.394,2026-09-28T07:00:00+00:00,180.0,2.141
SIMULATION_FORCING,1013.0,0.0,62.094,425.0,SYNTHETIC,16.688,2026-09-28T08:00:00+00:00,180.0,2.161
SIMULATION_FORCING,1013.0,0.0,60.629,601.041,SYNTHETIC,17.982,2026-09-28T09:00:00+00:00,180.0,2.368
SIMULATION_FORCING,1013.0,0.0,58.335,736.122,SYNTHETIC,19.188,2026-09-28T10:00:00+00:00,180.0,2.481
SIMULATION_FORCING,1013.0,0.0,53.694,821.037,SYNTHETIC,20.223,2026-09-28T11:00:00+00:00,180.0,2.126
SIMULATION_FORCING,1013.0,0.0,53.278,850.0,SYNTHETIC,21.018,2026-09-28T12:00:00+00:00,180.0,2.073
SIMULATION_FORCING,1013.0,0.0,55.129,821.037,SYNTHETIC,21.517,2026-09-28T13:00:00+00:00,180.0,1.911
SIMULATION_FORCING,1013.0,0.0,57.553,736.122,SYNTHETIC,21.688,2026-09-28T14:00:00+00:00,180.0,1.808
SIMULATION_FORCING,1013.0,0.0,59.531,601.041,SYNTHETIC,21.517,2026-09-28T15:00:00+00:00,180.0,2.044
SIMULATION_FORCING,1013.0,0.0,61.402,425.0,SYNTHETIC,21.018,2026-09-28T16:00:00+00:00,180.0,1.591
SIMULATION_FORCING,1013.0,0.0,68.997,219.996,SYNTHETIC,20.223,2026-09-28T17:00:00+00:00,180.0,2.095
SIMULATION_FORCING,1013.0,0.0,71.505,0.0,SYNTHETIC,19.188,2026-09-28T18:00:00+00:00,180.0,1.63
SIMULATION_FORCING,1013.0,0.0,73.772,0.0,SYNTHETIC,17.982,2026-09-28T19:00:00+00:00,180.0,2.342
SIMULATION_FORCING,1013.0,0.0,72.476,0.0,SYNTHETIC,16.688,2026-09-28T20:00:00+00:00,180.0,1.69
SIMULATION_FORCING,1013.0,0.0,70.592,0.0,SYNTHETIC,15.394,2026-09-28T21:00:00+00:00,180.0,1.673
SIMULATION_FORCING,1013.0,0.0,73.431,0.0,SYNTHETIC,14.188,2026-09-28T22:00:00+00:00,180.0,2.222
SIMULATION_FORCING,1013.0,0.0,73.021,0.0,SYNTHETIC,13.152,2026-09-28T23:00:00+00:00,180.0,1.729
SIMULATION_FORCING,1013.0,0.0,73.348,0.0,SYNTHETIC,12.205,2026-09-29T00:00:00+00:00,180.0,1.735
SIMULATION_FORCING,1013.0,0.0,71.729,0.0,SYNTHETIC,11.705,2026-09-29T01:00:00+00:00,180.0,1.8
SIMULATION_FORCING,1013.0,0.0,70.952,0.0,SYNTHETIC,11.535,2026-09-29T02:00:00+00:00,180.0,2.09
SIMULATION_FORCING,1013.0,0.0,73.991,0.0,SYNTHETIC,11.705,2026-09-29T03:00:00+00:00,180.0,2.49
SIMULATION_FORCING,1013.0,0.0,73.824,0.0,SYNTHETIC,12.205,2026-09-29T04:00:00+00:00,180.0,2.319
SIMULATION_FORCING,1013.0,0.0,71.742,0.0,SYNTHETIC,12.999,2026-09-29T05:00:00+00:00,180.0,1.846
SIMULATION_FORCING,1013.0,0.0,73.57,0.0,SYNTHETIC,14.035,2026-09-29T06:00:00+00:00,180.0,1.511
SIMULATION_FORCING,1013.0,0.0,68.933,219.996,SYNTHETIC,15.241,2026-09-29T07:00:00+00:00,180.0,2.256
SIMULATION_FORCING,1013.0,0.0,63.0,425.0,SYNTHETIC,16.535,2026-09-29T08:00:00+00:00,180.0,1.936
SIMULATION_FORCING,1013.0,0.0,60.202,601.041,SYNTHETIC,17.829,2026-09-29T09:00:00+00:00,180.0,1.919
SIMULATION_FORCING,1013.0,0.0,57.506,736.122,SYNTHETIC,19.035,2026-09-29T10:00:00+00:00,180.0,2.115
SIMULATION_FORCING,1013.0,0.0,55.938,821.037,SYNTHETIC,20.07,2026-09-29T11:00:00+00:00,180.0,1.846
SIMULATION_FORCING,1013.0,0.0,55.922,850.0,SYNTHETIC,20.865,2026-09-29T12:00:00+00:00,180.0,1.814
SIMULATION_FORCING,1013.0,0.0,53.026,821.037,SYNTHETIC,21.364,2026-09-29T13:00:00+00:00,180.0,1.66
SIMULATION_FORCING,1013.0,0.0,58.046,736.122,SYNTHETIC,21.535,2026-09-29T14:00:00+00:00,180.0,1.536
SIMULATION_FORCING,1013.0,0.0,57.638,601.041,SYNTHETIC,21.364,2026-09-29T15:00:00+00:00,180.0,2.055
SIMULATION_FORCING,1013.0,0.0,64.179,425.0,SYNTHETIC,20.865,2026-09-29T16:00:00+00:00,180.0,1.981
SIMULATION_FORCING,1013.0,0.0,68.95,219.996,SYNTHETIC,20.07,2026-09-29T17:00:00+00:00,180.0,2.068
SIMULATION_FORCING,1013.0,0.0,73.073,0.0,SYNTHETIC,19.035,2026-09-29T18:00:00+00:00,180.0,2.118
SIMULATION_FORCING,1013.0,0.0,73.484,0.0,SYNTHETIC,17.829,2026-09-29T19:00:00+00:00,180.0,2.366
SIMULATION_FORCING,1013.0,0.0,70.574,0.0,SYNTHETIC,16.535,2026-09-29T20:00:00+00:00,180.0,1.818
SIMULATION_FORCING,1013.0,0.0,71.349,0.0,SYNTHETIC,15.241,2026-09-29T21:00:00+00:00,180.0,2.295
SIMULATION_FORCING,1013.0,0.0,71.195,0.0,SYNTHETIC,14.035,2026-09-29T22:00:00+00:00,180.0,2.177
SIMULATION_FORCING,1013.0,0.0,70.911,0.0,SYNTHETIC,12.999,2026-09-29T23:00:00+00:00,180.0,2.077
SIMULATION_FORCING,1013.0,0.0,71.216,0.0,SYNTHETIC,12.052,2026-09-30T00:00:00+00:00,180.0,2.481
SIMULATION_FORCING,1013.0,0.0,70.075,0.0,SYNTHETIC,11.552,2026-09-30T01:00:00+00:00,180.0,1.857
SIMULATION_FORCING,1013.0,0.0,72.231,0.0,SYNTHETIC,11.382,2026-09-30T02:00:00+00:00,180.0,1.915
SIMULATION_FORCING,1013.0,0.0,71.833,0.0,SYNTHETIC,11.552,2026-09-30T03:00:00+00:00,180.0,1.792
SIMULATION_FORCING,1013.0,0.0,71.603,0.0,SYNTHETIC,12.052,2026-09-30T04:00:00+00:00,180.0,1.705
SIMULATION_FORCING,1013.0,0.0,70.917,0.0,SYNTHETIC,12.847,2026-09-30T05:00:00+00:00,180.0,2.383
SIMULATION_FORCING,1013.0,0.0,72.331,0.0,SYNTHETIC,13.882,2026-09-30T06:00:00+00:00,180.0,2.365
SIMULATION_FORCING,1013.0,0.0,67.188,219.996,SYNTHETIC,15.088,2026-09-30T07:00:00+00:00,180.0,2.292
SIMULATION_FORCING,1013.0,0.0,62.439,425.0,SYNTHETIC,16.382,2026-09-30T08:00:00+00:00,180.0,2.393
SIMULATION_FORCING,1013.0,0.0,57.905,601.041,SYNTHETIC,17.676,2026-09-30T09:00:00+00:00,180.0,2.092
SIMULATION_FORCING,1013.0,0.0,55.645,736.122,SYNTHETIC,18.882,2026-09-30T10:00:00+00:00,180.0,1.53
SIMULATION_FORCING,1013.0,0.0,53.255,821.037,SYNTHETIC,19.918,2026-09-30T11:00:00+00:00,180.0,1.835
SIMULATION_FORCING,1013.0,0.0,53.253,850.0,SYNTHETIC,20.712,2026-09-30T12:00:00+00:00,180.0,1.972
SIMULATION_FORCING,1013.0,0.0,52.945,821.037,SYNTHETIC,21.212,2026-09-30T13:00:00+00:00,180.0,2.102
SIMULATION_FORCING,1013.0,0.0,56.023,736.122,SYNTHETIC,21.382,2026-09-30T14:00:00+00:00,180.0,1.776
SIMULATION_FORCING,1013.0,0.0,59.785,601.041,SYNTHETIC,21.212,2026-09-30T15:00:00+00:00,180.0,1.887
SIMULATION_FORCING,1013.0,0.0,61.81,425.0,SYNTHETIC,20.712,2026-09-30T16:00:00+00:00,180.0,2.45
SIMULATION_FORCING,1013.0,0.0,69.112,219.996,SYNTHETIC,19.918,2026-09-30T17:00:00+00:00,180.0,2.282
SIMULATION_FORCING,1013.0,0.0,72.267,0.0,SYNTHETIC,18.882,2026-09-30T18:00:00+00:00,180.0,1.571
SIMULATION_FORCING,1013.0,0.0,71.688,0.0,SYNTHETIC,17.676,2026-09-30T19:00:00+00:00,180.0,2.278
SIMULATION_FORCING,1013.0,0.0,73.565,0.0,SYNTHETIC,16.382,2026-09-30T20:00:00+00:00,180.0,1.698
SIMULATION_FORCING,1013.0,0.0,73.304,0.0,SYNTHETIC,15.088,2026-09-30T21:00:00+00:00,180.0,1.56
SIMULATION_FORCING,1013.0,0.0,73.375,0.0,SYNTHETIC,13.882,2026-09-30T22:00:00+00:00,180.0,1.749
SIMULATION_FORCING,1013.0,0.0,73.398,0.0,SYNTHETIC,12.847,2026-09-30T23:00:00+00:00,180.0,1.89
SIMULATION_FORCING,1013.0,0.0,73.231,0.0,SYNTHETIC,11.9,2026-10-01T00:00:00+00:00,180.0,1.542
SIMULATION_FORCING,1013.0,0.0,73.298,0.0,SYNTHETIC,11.4,2026-10-01T01:00:00+00:00,180.0,1.776
SIMULATION_FORCING,1013.0,0.0,72.225,0.0,SYNTHETIC,11.23,2026-10-01T02:00:00+00:00,180.0,1.507
SIMULATION_FORCING,1013.0,0.0,72.202,0.0,SYNTHETIC,11.4,2026-10-01T03:00:00+00:00,180.0,1.598
SIMULATION_FORCING,1013.0,0.0,72.987,0.0,SYNTHETIC,11.9,2026-10-01T04:00:00+00:00,180.0,1.568
SIMULATION_FORCING,1013.0,0.0,70.569,0.0,SYNTHETIC,12.694,2026-10-01T05:00:00+00:00,180.0,1.849
SIMULATION_FORCING,1013.0,0.0,72.711,0.0,SYNTHETIC,13.73,2026-10-01T06:00:00+00:00,180.0,2.017
SIMULATION_FORCING,1013.0,0.0,67.1,219.996,SYNTHETIC,14.936,2026-10-01T07:00:00+00:00,180.0,2.162
SIMULATION_FORCING,1013.0,0.0,61.661,425.0,SYNTHETIC,16.23,2026-10-01T08:00:00+00:00,180.0,2.36
SIMULATION_FORCING,1013.0,0.0,57.776,601.041,SYNTHETIC,17.524,2026-10-01T09:00:00+00:00,180.0,1.525
SIMULATION_FORCING,1013.0,0.0,58.226,736.122,SYNTHETIC,18.73,2026-10-01T10:00:00+00:00,180.0,2.19
SIMULATION_FORCING,1013.0,0.0,56.583,821.037,SYNTHETIC,19.765,2026-10-01T11:00:00+00:00,180.0,2.411
SIMULATION_FORCING,1013.0,0.0,52.637,850.0,SYNTHETIC,20.56,2026-10-01T12:00:00+00:00,180.0,1.863
SIMULATION_FORCING,1013.0,0.0,55.322,821.037,SYNTHETIC,21.06,2026-10-01T13:00:00+00:00,180.0,2.228
SIMULATION_FORCING,1013.0,0.0,54.628,736.122,SYNTHETIC,21.23,2026-10-01T14:00:00+00:00,180.0,2.07
SIMULATION_FORCING,1013.0,0.0,61.223,601.041,SYNTHETIC,21.06,2026-10-01T15:00:00+00:00,180.0,1.879
SIMULATION_FORCING,1013.0,0.0,64.22,425.0,SYNTHETIC,20.56,2026-10-01T16:00:00+00:00,180.0,2.41
SIMULATION_FORCING,1013.0,0.0,66.114,219.996,SYNTHETIC,19.765,2026-10-01T17:00:00+00:00,180.0,1.602
SIMULATION_FORCING,1013.0,0.0,72.406,0.0,SYNTHETIC,18.73,2026-10-01T18:00:00+00:00,180.0,1.995
SIMULATION_FORCING,1013.0,0.0,73.351,0.0,SYNTHETIC,17.524,2026-10-01T19:00:00+00:00,180.0,2.199
SIMULATION_FORCING,1013.0,0.0,71.194,0.0,SYNTHETIC,16.23,2026-10-01T20:00:00+00:00,180.0,1.645
SIMULATION_FORCING,1013.0,0.0,71.243,0.0,SYNTHETIC,14.936,2026-10-01T21:00:00+00:00,180.0,2.069
SIMULATION_FORCING,1013.0,0.0,70.55,0.0,SYNTHETIC,13.73,2026-10-01T22:00:00+00:00,180.0,2.363
SIMULATION_FORCING,1013.0,0.0,71.808,0.0,SYNTHETIC,12.694,2026-10-01T23:00:00+00:00,180.0,2.437
SIMULATION_FORCING,1013.0,0.0,70.337,0.0,SYNTHETIC,11.748,2026-10-02T00:00:00+00:00,180.0,2.392
SIMULATION_FORCING,1013.0,0.0,72.332,0.0,SYNTHETIC,11.249,2026-10-02T01:00:00+00:00,180.0,1.953
SIMULATION_FORCING,1013.0,0.0,71.227,0.0,SYNTHETIC,11.078,2026-10-02T02:00:00+00:00,180.0,1.672
SIMULATION_FORCING,1013.0,0.0,73.501,0.0,SYNTHETIC,11.249,2026-10-02T03:00:00+00:00,180.0,1.631
SIMULATION_FORCING,1013.0,0.0,73.296,0.0,SYNTHETIC,11.748,2026-10-02T04:00:00+00:00,180.0,1.664
SIMULATION_FORCING,1013.0,0.0,72.486,0.0,SYNTHETIC,12.543,2026-10-02T05:00:00+00:00,180.0,2.424
SIMULATION_FORCING,1013.0,0.0,70.19,0.0,SYNTHETIC,13.578,2026-10-02T06:00:00+00:00,180.0,1.589
SIMULATION_FORCING,1013.0,0.0,68.293,219.996,SYNTHETIC,14.784,2026-10-02T07:00:00+00:00,180.0,2.144
SIMULATION_FORCING,1013.0,0.0,62.474,425.0,SYNTHETIC,16.078,2026-10-02T08:00:00+00:00,180.0,1.67
SIMULATION_FORCING,1013.0,0.0,59.766,601.041,SYNTHETIC,17.372,2026-10-02T09:00:00+00:00,180.0,2.368
SIMULATION_FORCING,1013.0,0.0,57.922,736.122,SYNTHETIC,18.578,2026-10-02T10:00:00+00:00,180.0,2.365
SIMULATION_FORCING,1013.0,0.0,55.805,821.037,SYNTHETIC,19.614,2026-10-02T11:00:00+00:00,180.0,1.683
SIMULATION_FORCING,1013.0,0.0,52.996,850.0,SYNTHETIC,20.408,2026-10-02T12:00:00+00:00,180.0,1.505
SIMULATION_FORCING,1013.0,0.0,52.841,821.037,SYNTHETIC,20.908,2026-10-02T13:00:00+00:00,180.0,1.655
SIMULATION_FORCING,1013.0,0.0,56.686,736.122,SYNTHETIC,21.078,2026-10-02T14:00:00+00:00,180.0,2.145
SIMULATION_FORCING,1013.0,0.0,57.312,601.041,SYNTHETIC,20.908,2026-10-02T15:00:00+00:00,180.0,2.142
SIMULATION_FORCING,1013.0,0.0,63.729,425.0,SYNTHETIC,20.408,2026-10-02T16:00:00+00:00,180.0,1.682
SIMULATION_FORCING,1013.0,0.0,68.644,219.996,SYNTHETIC,19.614,2026-10-02T17:00:00+00:00,180.0,1.763
SIMULATION_FORCING,1013.0,0.0,71.12,0.0,SYNTHETIC,18.578,2026-10-02T18:00:00+00:00,180.0,2.37
SIMULATION_FORCING,1013.0,0.0,70.233,0.0,SYNTHETIC,17.372,2026-10-02T19:00:00+00:00,180.0,2.351
SIMULATION_FORCING,1013.0,0.0,73.093,0.0,SYNTHETIC,16.078,2026-10-02T20:00:00+00:00,180.0,2.121
SIMULATION_FORCING,1013.0,0.0,70.069,0.0,SYNTHETIC,14.784,2026-10-02T21:00:00+00:00,180.0,1.512
SIMULATION_FORCING,1013.0,0.0,71.843,0.0,SYNTHETIC,13.578,2026-10-02T22:00:00+00:00,180.0,1.663
SIMULATION_FORCING,1013.0,0.0,73.605,0.0,SYNTHETIC,12.543,2026-10-02T23:00:00+00:00,180.0,1.563
SIMULATION_FORCING,1013.0,0.0,70.977,0.0,SYNTHETIC,11.597,2026-10-03T00:00:00+00:00,180.0,2.458
SIMULATION_FORCING,1013.0,0.0,72.338,0.0,SYNTHETIC,11.098,2026-10-03T01:00:00+00:00,180.0,1.582
SIMULATION_FORCING,1013.0,0.0,72.393,0.0,SYNTHETIC,10.927,2026-10-03T02:00:00+00:00,180.0,2.333
SIMULATION_FORCING,1013.0,0.0,72.865,0.0,SYNTHETIC,11.098,2026-10-03T03:00:00+00:00,180.0,1.64
SIMULATION_FORCING,1013.0,0.0,71.751,0.0,SYNTHETIC,11.597,2026-10-03T04:00:00+00:00,180.0,1.634
SIMULATION_FORCING,1013.0,0.0,71.698,0.0,SYNTHETIC,12.392,2026-10-03T05:00:00+00:00,180.0,1.861
SIMULATION_FORCING,1013.0,0.0,70.9,0.0,SYNTHETIC,13.427,2026-10-03T06:00:00+00:00,180.0,1.642
SIMULATION_FORCING,1013.0,0.0,67.139,219.996,SYNTHETIC,14.633,2026-10-03T07:00:00+00:00,180.0,2.115
SIMULATION_FORCING,1013.0,0.0,61.784,425.0,SYNTHETIC,15.927,2026-10-03T08:00:00+00:00,180.0,1.952
SIMULATION_FORCING,1013.0,0.0,57.986,601.041,SYNTHETIC,17.221,2026-10-03T09:00:00+00:00,180.0,2.443
SIMULATION_FORCING,1013.0,0.0,55.484,736.122,SYNTHETIC,18.427,2026-10-03T10:00:00+00:00,180.0,1.574
SIMULATION_FORCING,1013.0,0.0,53.539,821.037,SYNTHETIC,19.463,2026-10-03T11:00:00+00:00,180.0,1.671
SIMULATION_FORCING,1013.0,0.0,52.795,850.0,SYNTHETIC,20.257,2026-10-03T12:00:00+00:00,180.0,2.263
SIMULATION_FORCING,1013.0,0.0,55.646,821.037,SYNTHETIC,20.757,2026-10-03T13:00:00+00:00,180.0,2.094
SIMULATION_FORCING,1013.0,0.0,54.724,736.122,SYNTHETIC,20.927,2026-10-03T14:00:00+00:00,180.0,1.53
SIMULATION_FORCING,1013.0,0.0,59.146,601.041,SYNTHETIC,20.757,2026-10-03T15:00:00+00:00,180.0,1.695
SIMULATION_FORCING,1013.0,0.0,63.886,425.0,SYNTHETIC,20.257,2026-10-03T16:00:00+00:00,180.0,1.666
SIMULATION_FORCING,1013.0,0.0,67.956,219.996,SYNTHETIC,19.463,2026-10-03T17:00:00+00:00,180.0,1.938
SIMULATION_FORCING,1013.0,0.0,71.107,0.0,SYNTHETIC,18.427,2026-10-03T18:00:00+00:00,180.0,1.837
SIMULATION_FORCING,1013.0,0.0,70.226,0.0,SYNTHETIC,17.221,2026-10-03T19:00:00+00:00,180.0,1.904
SIMULATION_FORCING,1013.0,0.0,71.463,0.0,SYNTHETIC,15.927,2026-10-03T20:00:00+00:00,180.0,1.901
SIMULATION_FORCING,1013.0,0.0,73.015,0.0,SYNTHETIC,14.633,2026-10-03T21:00:00+00:00,180.0,1.804
SIMULATION_FORCING,1013.0,0.0,72.731,0.0,SYNTHETIC,13.427,2026-10-03T22:00:00+00:00,180.0,2.4
SIMULATION_FORCING,1013.0,0.0,72.296,0.0,SYNTHETIC,12.392,2026-10-03T23:00:00+00:00,180.0,1.549
SIMULATION_FORCING,1013.0,0.0,70.222,0.0,SYNTHETIC,11.447,2026-10-04T00:00:00+00:00,180.0,2.186
SIMULATION_FORCING,1013.0,0.0,70.28,0.0,SYNTHETIC,10.947,2026-10-04T01:00:00+00:00,180.0,1.615
SIMULATION_FORCING,1013.0,0.0,73.979,0.0,SYNTHETIC,10.777,2026-10-04T02:00:00+00:00,180.0,2.372
SIMULATION_FORCING,1013.0,0.0,71.057,0.0,SYNTHETIC,10.947,2026-10-04T03:00:00+00:00,180.0,2.449
SIMULATION_FORCING,1013.0,0.0,71.745,0.0,SYNTHETIC,11.447,2026-10-04T04:00:00+00:00,180.0,1.634
SIMULATION_FORCING,1013.0,0.0,70.826,0.0,SYNTHETIC,12.241,2026-10-04T05:00:00+00:00,180.0,1.549
SIMULATION_FORCING,1013.0,0.0,73.956,0.0,SYNTHETIC,13.277,2026-10-04T06:00:00+00:00,180.0,2.393
SIMULATION_FORCING,1013.0,0.0,67.675,219.996,SYNTHETIC,14.483,2026-10-04T07:00:00+00:00,180.0,1.771
SIMULATION_FORCING,1013.0,0.0,63.808,425.0,SYNTHETIC,15.777,2026-10-04T08:00:00+00:00,180.0,1.801
SIMULATION_FORCING,1013.0,0.0,59.408,601.041,SYNTHETIC,17.071,2026-10-04T09:00:00+00:00,180.0,1.679
SIMULATION_FORCING,1013.0,0.0,54.933,736.122,SYNTHETIC,18.277,2026-10-04T10:00:00+00:00,180.0,2.483
SIMULATION_FORCING,1013.0,0.0,53.554,821.037,SYNTHETIC,19.312,2026-10-04T11:00:00+00:00,180.0,2.182
SIMULATION_FORCING,1013.0,0.0,55.341,850.0,SYNTHETIC,20.107,2026-10-04T12:00:00+00:00,180.0,2.261
SIMULATION_FORCING,1013.0,0.0,53.668,821.037,SYNTHETIC,20.606,2026-10-04T13:00:00+00:00,180.0,1.792
SIMULATION_FORCING,1013.0,0.0,54.795,736.122,SYNTHETIC,20.777,2026-10-04T14:00:00+00:00,180.0,1.525
SIMULATION_FORCING,1013.0,0.0,58.791,601.041,SYNTHETIC,20.606,2026-10-04T15:00:00+00:00,180.0,2.498
SIMULATION_FORCING,1013.0,0.0,61.008,425.0,SYNTHETIC,20.107,2026-10-04T16:00:00+00:00,180.0,2.13
SIMULATION_FORCING,1013.0,0.0,66.038,219.996,SYNTHETIC,19.312,2026-10-04T17:00:00+00:00,180.0,1.678
SIMULATION_FORCING,1013.0,0.0,72.094,0.0,SYNTHETIC,18.277,2026-10-04T18:00:00+00:00,180.0,2.201
SIMULATION_FORCING,1013.0,0.0,70.661,0.0,SYNTHETIC,17.071,2026-10-04T19:00:00+00:00,180.0,1.607
SIMULATION_FORCING,1013.0,0.0,73.946,0.0,SYNTHETIC,15.777,2026-10-04T20:00:00+00:00,180.0,1.794
SIMULATION_FORCING,1013.0,0.0,70.456,0.0,SYNTHETIC,14.483,2026-10-04T21:00:00+00:00,180.0,1.977
SIMULATION_FORCING,1013.0,0.0,71.749,0.0,SYNTHETIC,13.277,2026-10-04T22:00:00+00:00,180.0,2.272
SIMULATION_FORCING,1013.0,0.0,72.291,0.0,SYNTHETIC,12.241,2026-10-04T23:00:00+00:00,180.0,2.161
SIMULATION_FORCING,1013.0,0.0,70.528,0.0,SYNTHETIC,11.297,2026-10-05T00:00:00+00:00,180.0,1.886
SIMULATION_FORCING,1013.0,0.0,72.413,0.0,SYNTHETIC,10.797,2026-10-05T01:00:00+00:00,180.0,2.212
SIMULATION_FORCING,1013.0,0.0,70.2,0.0,SYNTHETIC,10.627,2026-10-05T02:00:00+00:00,180.0,2.154
SIMULATION_FORCING,1013.0,0.0,70.545,0.0,SYNTHETIC,10.797,2026-10-05T03:00:00+00:00,180.0,1.594
SIMULATION_FORCING,1013.0,0.0,70.064,0.0,SYNTHETIC,11.297,2026-10-05T04:00:00+00:00,180.0,2.259
SIMULATION_FORCING,1013.0,0.0,72.271,0.0,SYNTHETIC,12.091,2026-10-05T05:00:00+00:00,180.0,2.018
SIMULATION_FORCING,1013.0,0.0,72.976,0.0,SYNTHETIC,13.127,2026-10-05T06:00:00+00:00,180.0,2.427
SIMULATION_FORCING,1013.0,0.0,68.124,219.996,SYNTHETIC,14.333,2026-10-05T07:00:00+00:00,180.0,1.92
SIMULATION_FORCING,1013.0,0.0,62.732,425.0,SYNTHETIC,15.627,2026-10-05T08:00:00+00:00,180.0,2.199
SIMULATION_FORCING,1013.0,0.0,60.653,601.041,SYNTHETIC,16.921,2026-10-05T09:00:00+00:00,180.0,1.682
SIMULATION_FORCING,1013.0,0.0,54.793,736.122,SYNTHETIC,18.127,2026-10-05T10:00:00+00:00,180.0,1.923
SIMULATION_FORCING,1013.0,0.0,55.696,821.037,SYNTHETIC,19.163,2026-10-05T11:00:00+00:00,180.0,2.362
SIMULATION_FORCING,1013.0,0.0,52.338,850.0,SYNTHETIC,19.957,2026-10-05T12:00:00+00:00,180.0,2.076
SIMULATION_FORCING,1013.0,0.0,55.598,821.037,SYNTHETIC,20.457,2026-10-05T13:00:00+00:00,180.0,1.527
SIMULATION_FORCING,1013.0,0.0,57.478,736.122,SYNTHETIC,20.627,2026-10-05T14:00:00+00:00,180.0,1.595
SIMULATION_FORCING,1013.0,0.0,58.716,601.041,SYNTHETIC,20.457,2026-10-05T15:00:00+00:00,180.0,2.398
SIMULATION_FORCING,1013.0,0.0,61.879,425.0,SYNTHETIC,19.957,2026-10-05T16:00:00+00:00,180.0,1.812
SIMULATION_FORCING,1013.0,0.0,67.421,219.996,SYNTHETIC,19.163,2026-10-05T17:00:00+00:00,180.0,2.199
SIMULATION_FORCING,1013.0,0.0,73.521,0.0,SYNTHETIC,18.127,2026-10-05T18:00:00+00:00,180.0,2.263
SIMULATION_FORCING,1013.0,0.0,71.583,0.0,SYNTHETIC,16.921,2026-10-05T19:00:00+00:00,180.0,2.35
SIMULATION_FORCING,1013.0,0.0,70.872,0.0,SYNTHETIC,15.627,2026-10-05T20:00:00+00:00,180.0,1.558
SIMULATION_FORCING,1013.0,0.0,72.91,0.0,SYNTHETIC,14.333,2026-10-05T21:00:00+00:00,180.0,1.564
SIMULATION_FORCING,1013.0,0.0,70.163,0.0,SYNTHETIC,13.127,2026-10-05T22:00:00+00:00,180.0,1.648
SIMULATION_FORCING,1013.0,0.0,72.544,0.0,SYNTHETIC,12.091,2026-10-05T23:00:00+00:00,180.0,1.713
SIMULATION_FORCING,1013.0,0.0,72.078,0.0,SYNTHETIC,11.148,2026-10-06T00:00:00+00:00,180.0,2.217
SIMULATION_FORCING,1013.0,0.0,72.021,0.0,SYNTHETIC,10.648,2026-10-06T01:00:00+00:00,180.0,1.91
SIMULATION_FORCING,1013.0,0.0,70.573,0.0,SYNTHETIC,10.478,2026-10-06T02:00:00+00:00,180.0,1.74
SIMULATION_FORCING,1013.0,0.0,70.383,0.0,SYNTHETIC,10.648,2026-10-06T03:00:00+00:00,180.0,1.858
SIMULATION_FORCING,1013.0,0.0,71.945,0.0,SYNTHETIC,11.148,2026-10-06T04:00:00+00:00,180.0,1.542
SIMULATION_FORCING,1013.0,0.0,70.666,0.0,SYNTHETIC,11.942,2026-10-06T05:00:00+00:00,180.0,2.392
SIMULATION_FORCING,1013.0,0.0,73.726,0.0,SYNTHETIC,12.978,2026-10-06T06:00:00+00:00,180.0,1.861
SIMULATION_FORCING,1013.0,0.0,67.121,219.996,SYNTHETIC,14.184,2026-10-06T07:00:00+00:00,180.0,1.979
SIMULATION_FORCING,1013.0,0.0,63.417,425.0,SYNTHETIC,15.478,2026-10-06T08:00:00+00:00,180.0,1.699
SIMULATION_FORCING,1013.0,0.0,57.982,601.041,SYNTHETIC,16.772,2026-10-06T09:00:00+00:00,180.0,2.464
SIMULATION_FORCING,1013.0,0.0,56.615,736.122,SYNTHETIC,17.978,2026-10-06T10:00:00+00:00,180.0,1.711
SIMULATION_FORCING,1013.0,0.0,53.833,821.037,SYNTHETIC,19.013,2026-10-06T11:00:00+00:00,180.0,2.38
SIMULATION_FORCING,1013.0,0.0,52.45,850.0,SYNTHETIC,19.808,2026-10-06T12:00:00+00:00,180.0,1.886
SIMULATION_FORCING,1013.0,0.0,55.838,821.037,SYNTHETIC,20.308,2026-10-06T13:00:00+00:00,180.0,2.466
SIMULATION_FORCING,1013.0,0.0,55.791,736.122,SYNTHETIC,20.478,2026-10-06T14:00:00+00:00,180.0,2.43
SIMULATION_FORCING,1013.0,0.0,60.229,601.041,SYNTHETIC,20.308,2026-10-06T15:00:00+00:00,180.0,2.489
SIMULATION_FORCING,1013.0,0.0,63.477,425.0,SYNTHETIC,19.808,2026-10-06T16:00:00+00:00,180.0,1.918
SIMULATION_FORCING,1013.0,0.0,66.77,219.996,SYNTHETIC,19.013,2026-10-06T17:00:00+00:00,180.0,2.019
SIMULATION_FORCING,1013.0,0.0,70.399,0.0,SYNTHETIC,17.978,2026-10-06T18:00:00+00:00,180.0,1.59
SIMULATION_FORCING,1013.0,0.0,71.649,0.0,SYNTHETIC,16.772,2026-10-06T19:00:00+00:00,180.0,1.935
SIMULATION_FORCING,1013.0,0.0,70.215,0.0,SYNTHETIC,15.478,2026-10-06T20:00:00+00:00,180.0,2.008
SIMULATION_FORCING,1013.0,0.0,72.897,0.0,SYNTHETIC,14.184,2026-10-06T21:00:00+00:00,180.0,2.165
SIMULATION_FORCING,1013.0,0.0,70.419,0.0,SYNTHETIC,12.978,2026-10-06T22:00:00+00:00,180.0,1.635
SIMULATION_FORCING,1013.0,0.0,72.541,0.0,SYNTHETIC,11.942,2026-10-06T23:00:00+00:00,180.0,2.061
SIMULATION_FORCING,1013.0,0.0,71.164,0.0,SYNTHETIC,10.999,2026-10-07T00:00:00+00:00,180.0,1.592
SIMULATION_FORCING,1013.0,0.0,70.37,0.0,SYNTHETIC,10.5,2026-10-07T01:00:00+00:00,180.0,1.675
SIMULATION_FORCING,1013.0,0.0,71.414,0.0,SYNTHETIC,10.33,2026-10-07T02:00:00+00:00,180.0,1.838
SIMULATION_FORCING,1013.0,0.0,71.813,0.0,SYNTHETIC,10.5,2026-10-07T03:00:00+00:00,180.0,2.459
SIMULATION_FORCING,1013.0,0.0,73.159,0.0,SYNTHETIC,10.999,2026-10-07T04:00:00+00:00,180.0,1.653
SIMULATION_FORCING,1013.0,0.0,73.332,0.0,SYNTHETIC,11.794,2026-10-07T05:00:00+00:00,180.0,2.282
SIMULATION_FORCING,1013.0,0.0,70.078,0.0,SYNTHETIC,12.83,2026-10-07T06:00:00+00:00,180.0,2.342
SIMULATION_FORCING,1013.0,0.0,66.923,219.996,SYNTHETIC,14.035,2026-10-07T07:00:00+00:00,180.0,1.996
SIMULATION_FORCING,1013.0,0.0,63.833,425.0,SYNTHETIC,15.33,2026-10-07T08:00:00+00:00,180.0,1.58
SIMULATION_FORCING,1013.0,0.0,60.011,601.041,SYNTHETIC,16.624,2026-10-07T09:00:00+00:00,180.0,2.373
SIMULATION_FORCING,1013.0,0.0,55.261,736.122,SYNTHETIC,17.83,2026-10-07T10:00:00+00:00,180.0,1.82
SIMULATION_FORCING,1013.0,0.0,53.269,821.037,SYNTHETIC,18.865,2026-10-07T11:00:00+00:00,180.0,2.123
SIMULATION_FORCING,1013.0,0.0,52.15,850.0,SYNTHETIC,19.66,2026-10-07T12:00:00+00:00,180.0,1.856
SIMULATION_FORCING,1013.0,0.0,56.216,821.037,SYNTHETIC,20.159,2026-10-07T13:00:00+00:00,180.0,2.335
SIMULATION_FORCING,1013.0,0.0,56.686,736.122,SYNTHETIC,20.33,2026-10-07T14:00:00+00:00,180.0,2.426
SIMULATION_FORCING,1013.0,0.0,61.124,601.041,SYNTHETIC,20.159,2026-10-07T15:00:00+00:00,180.0,1.942
SIMULATION_FORCING,1013.0,0.0,63.173,425.0,SYNTHETIC,19.66,2026-10-07T16:00:00+00:00,180.0,2.261
SIMULATION_FORCING,1013.0,0.0,66.323,219.996,SYNTHETIC,18.865,2026-10-07T17:00:00+00:00,180.0,2.288
SIMULATION_FORCING,1013.0,0.0,72.244,0.0,SYNTHETIC,17.83,2026-10-07T18:00:00+00:00,180.0,2.199
SIMULATION_FORCING,1013.0,0.0,73.659,0.0,SYNTHETIC,16.624,2026-10-07T19:00:00+00:00,180.0,1.933
SIMULATION_FORCING,1013.0,0.0,71.21,0.0,SYNTHETIC,15.33,2026-10-07T20:00:00+00:00,180.0,2.371
SIMULATION_FORCING,1013.0,0.0,70.429,0.0,SYNTHETIC,14.035,2026-10-07T21:00:00+00:00,180.0,1.67
SIMULATION_FORCING,1013.0,0.0,72.275,0.0,SYNTHETIC,12.83,2026-10-07T22:00:00+00:00,180.0,2.094
SIMULATION_FORCING,1013.0,0.0,73.021,0.0,SYNTHETIC,11.794,2026-10-07T23:00:00+00:00,180.0,1.622
SIMULATION_FORCING,1013.0,0.0,72.573,0.0,SYNTHETIC,10.852,2026-10-08T00:00:00+00:00,180.0,2.068
SIMULATION_FORCING,1013.0,0.0,72.603,0.0,SYNTHETIC,10.352,2026-10-08T01:00:00+00:00,180.0,2.378
SIMULATION_FORCING,1013.0,0.0,72.02,0.0,SYNTHETIC,10.182,2026-10-08T02:00:00+00:00,180.0,2.125
SIMULATION_FORCING,1013.0,0.0,73.857,0.0,SYNTHETIC,10.352,2026-10-08T03:00:00+00:00,180.0,2.233
SIMULATION_FORCING,1013.0,0.0,70.63,0.0,SYNTHETIC,10.852,2026-10-08T04:00:00+00:00,180.0,1.573
SIMULATION_FORCING,1013.0,0.0,72.582,0.0,SYNTHETIC,11.647,2026-10-08T05:00:00+00:00,180.0,2.138
SIMULATION_FORCING,1013.0,0.0,72.363,0.0,SYNTHETIC,12.682,2026-10-08T06:00:00+00:00,180.0,1.686
SIMULATION_FORCING,1013.0,0.0,67.428,219.996,SYNTHETIC,13.888,2026-10-08T07:00:00+00:00,180.0,2.479
SIMULATION_FORCING,1013.0,0.0,64.663,425.0,SYNTHETIC,15.182,2026-10-08T08:00:00+00:00,180.0,1.683
SIMULATION_FORCING,1013.0,0.0,58.061,601.041,SYNTHETIC,16.476,2026-10-08T09:00:00+00:00,180.0,1.703
SIMULATION_FORCING,1013.0,0.0,57.187,736.122,SYNTHETIC,17.682,2026-10-08T10:00:00+00:00,180.0,1.52
SIMULATION_FORCING,1013.0,0.0,54.71,821.037,SYNTHETIC,18.718,2026-10-08T11:00:00+00:00,180.0,1.988
SIMULATION_FORCING,1013.0,0.0,52.122,850.0,SYNTHETIC,19.512,2026-10-08T12:00:00+00:00,180.0,1.752
SIMULATION_FORCING,1013.0,0.0,55.535,821.037,SYNTHETIC,20.012,2026-10-08T13:00:00+00:00,180.0,2.411
SIMULATION_FORCING,1013.0,0.0,55.429,736.122,SYNTHETIC,20.182,2026-10-08T14:00:00+00:00,180.0,1.638
SIMULATION_FORCING,1013.0,0.0,60.546,601.041,SYNTHETIC,20.012,2026-10-08T15:00:00+00:00,180.0,1.746
SIMULATION_FORCING,1013.0,0.0,64.788,425.0,SYNTHETIC,19.512,2026-10-08T16:00:00+00:00,180.0,1.634
SIMULATION_FORCING,1013.0,0.0,68.344,219.996,SYNTHETIC,18.718,2026-10-08T17:00:00+00:00,180.0,1.92
SIMULATION_FORCING,1013.0,0.0,70.834,0.0,SYNTHETIC,17.682,2026-10-08T18:00:00+00:00,180.0,2.083
SIMULATION_FORCING,1013.0,0.0,72.886,0.0,SYNTHETIC,16.476,2026-10-08T19:00:00+00:00,180.0,1.5
SIMULATION_FORCING,1013.0,0.0,73.042,0.0,SYNTHETIC,15.182,2026-10-08T20:00:00+00:00,180.0,1.606
SIMULATION_FORCING,1013.0,0.0,70.43,0.0,SYNTHETIC,13.888,2026-10-08T21:00:00+00:00,180.0,2.043
SIMULATION_FORCING,1013.0,0.0,71.565,0.0,SYNTHETIC,12.682,2026-10-08T22:00:00+00:00,180.0,2.212
SIMULATION_FORCING,1013.0,0.0,71.894,0.0,SYNTHETIC,11.647,2026-10-08T23:00:00+00:00,180.0,1.818
SIMULATION_FORCING,1013.0,0.0,73.358,0.0,SYNTHETIC,10.705,2026-10-09T00:00:00+00:00,180.0,1.715
SIMULATION_FORCING,1013.0,0.0,72.472,0.0,SYNTHETIC,10.206,2026-10-09T01:00:00+00:00,180.0,2.351
SIMULATION_FORCING,1013.0,0.0,73.963,0.0,SYNTHETIC,10.035,2026-10-09T02:00:00+00:00,180.0,2.147
SIMULATION_FORCING,1013.0,0.0,70.341,0.0,SYNTHETIC,10.206,2026-10-09T03:00:00+00:00,180.0,1.92
SIMULATION_FORCING,1013.0,0.0,72.207,0.0,SYNTHETIC,10.705,2026-10-09T04:00:00+00:00,180.0,2.289
SIMULATION_FORCING,1013.0,0.0,70.875,0.0,SYNTHETIC,11.5,2026-10-09T05:00:00+00:00,180.0,2.212
SIMULATION_FORCING,1013.0,0.0,73.254,0.0,SYNTHETIC,12.535,2026-10-09T06:00:00+00:00,180.0,2.382
SIMULATION_FORCING,1013.0,0.0,66.759,219.996,SYNTHETIC,13.741,2026-10-09T07:00:00+00:00,180.0,2.11
SIMULATION_FORCING,1013.0,0.0,62.766,425.0,SYNTHETIC,15.035,2026-10-09T08:00:00+00:00,180.0,1.501
SIMULATION_FORCING,1013.0,0.0,59.784,601.041,SYNTHETIC,16.329,2026-10-09T09:00:00+00:00,180.0,1.766
SIMULATION_FORCING,1013.0,0.0,58.138,736.122,SYNTHETIC,17.535,2026-10-09T10:00:00+00:00,180.0,1.894
SIMULATION_FORCING,1013.0,0.0,53.659,821.037,SYNTHETIC,18.571,2026-10-09T11:00:00+00:00,180.0,2.081
SIMULATION_FORCING,1013.0,0.0,52.533,850.0,SYNTHETIC,19.365,2026-10-09T12:00:00+00:00,180.0,2.094
SIMULATION_FORCING,1013.0,0.0,52.865,821.037,SYNTHETIC,19.865,2026-10-09T13:00:00+00:00,180.0,1.563
SIMULATION_FORCING,1013.0,0.0,55.682,736.122,SYNTHETIC,20.035,2026-10-09T14:00:00+00:00,180.0,2.112
SIMULATION_FORCING,1013.0,0.0,60.35,601.041,SYNTHETIC,19.865,2026-10-09T15:00:00+00:00,180.0,1.552
SIMULATION_FORCING,1013.0,0.0,62.424,425.0,SYNTHETIC,19.365,2026-10-09T16:00:00+00:00,180.0,1.581
SIMULATION_FORCING,1013.0,0.0,65.553,219.996,SYNTHETIC,18.571,2026-10-09T17:00:00+00:00,180.0,2.226
SIMULATION_FORCING,1013.0,0.0,73.666,0.0,SYNTHETIC,17.535,2026-10-09T18:00:00+00:00,180.0,2.464
SIMULATION_FORCING,1013.0,0.0,70.476,0.0,SYNTHETIC,16.329,2026-10-09T19:00:00+00:00,180.0,2.105
SIMULATION_FORCING,1013.0,0.0,73.488,0.0,SYNTHETIC,15.035,2026-10-09T20:00:00+00:00,180.0,2.088
SIMULATION_FORCING,1013.0,0.0,73.363,0.0,SYNTHETIC,13.741,2026-10-09T21:00:00+00:00,180.0,1.825
SIMULATION_FORCING,1013.0,0.0,71.991,0.0,SYNTHETIC,12.535,2026-10-09T22:00:00+00:00,180.0,2.42
SIMULATION_FORCING,1013.0,0.0,73.598,0.0,SYNTHETIC,11.5,2026-10-09T23:00:00+00:00,180.0,2.016
SIMULATION_FORCING,1013.0,0.0,70.033,0.0,SYNTHETIC,10.559,2026-10-10T00:00:00+00:00,180.0,2.347
SIMULATION_FORCING,1013.0,0.0,71.038,0.0,SYNTHETIC,10.06,2026-10-10T01:00:00+00:00,180.0,2.402
SIMULATION_FORCING,1013.0,0.0,73.376,0.0,SYNTHETIC,9.889,2026-10-10T02:00:00+00:00,180.0,1.508
SIMULATION_FORCING,1013.0,0.0,71.485,0.0,SYNTHETIC,10.06,2026-10-10T03:00:00+00:00,180.0,2.425
SIMULATION_FORCING,1013.0,0.0,72.196,0.0,SYNTHETIC,10.559,2026-10-10T04:00:00+00:00,180.0,2.055
SIMULATION_FORCING,1013.0,0.0,73.809,0.0,SYNTHETIC,11.354,2026-10-10T05:00:00+00:00,180.0,1.825
SIMULATION_FORCING,1013.0,0.0,71.788,0.0,SYNTHETIC,12.389,2026-10-10T06:00:00+00:00,180.0,1.847
SIMULATION_FORCING,1013.0,0.0,68.052,219.996,SYNTHETIC,13.595,2026-10-10T07:00:00+00:00,180.0,2.237
SIMULATION_FORCING,1013.0,0.0,63.576,425.0,SYNTHETIC,14.889,2026-10-10T08:00:00+00:00,180.0,1.601
SIMULATION_FORCING,1013.0,0.0,60.076,601.041,SYNTHETIC,16.184,2026-10-10T09:00:00+00:00,180.0,2.335
SIMULATION_FORCING,1013.0,0.0,55.448,736.122,SYNTHETIC,17.389,2026-10-10T10:00:00+00:00,180.0,2.218
SIMULATION_FORCING,1013.0,0.0,54.701,821.037,SYNTHETIC,18.425,2026-10-10T11:00:00+00:00,180.0,1.516
SIMULATION_FORCING,1013.0,0.0,52.473,850.0,SYNTHETIC,19.22,2026-10-10T12:00:00+00:00,180.0,1.524
SIMULATION_FORCING,1013.0,0.0,53.666,821.037,SYNTHETIC,19.719,2026-10-10T13:00:00+00:00,180.0,1.513
SIMULATION_FORCING,1013.0,0.0,55.914,736.122,SYNTHETIC,19.889,2026-10-10T14:00:00+00:00,180.0,2.095
SIMULATION_FORCING,1013.0,0.0,61.24,601.041,SYNTHETIC,19.719,2026-10-10T15:00:00+00:00,180.0,1.522
SIMULATION_FORCING,1013.0,0.0,61.438,425.0,SYNTHETIC,19.22,2026-10-10T16:00:00+00:00,180.0,1.537
SIMULATION_FORCING,1013.0,0.0,68.178,219.996,SYNTHETIC,18.425,2026-10-10T17:00:00+00:00,180.0,2.026
SIMULATION_FORCING,1013.0,0.0,70.508,0.0,SYNTHETIC,17.389,2026-10-10T18:00:00+00:00,180.0,2.408
SIMULATION_FORCING,1013.0,0.0,72.678,0.0,SYNTHETIC,16.184,2026-10-10T19:00:00+00:00,180.0,2.12
SIMULATION_FORCING,1013.0,0.0,70.561,0.0,SYNTHETIC,14.889,2026-10-10T20:00:00+00:00,180.0,1.81
SIMULATION_FORCING,1013.0,0.0,71.407,0.0,SYNTHETIC,13.595,2026-10-10T21:00:00+00:00,180.0,1.533
SIMULATION_FORCING,1013.0,0.0,70.569,0.0,SYNTHETIC,12.389,2026-10-10T22:00:00+00:00,180.0,1.93
SIMULATION_FORCING,1013.0,0.0,73.123,0.0,SYNTHETIC,11.354,2026-10-10T23:00:00+00:00,180.0,1.883
SIMULATION_FORCING,1013.0,0.0,70.68,0.0,SYNTHETIC,10.414,2026-10-11T00:00:00+00:00,180.0,2.378
SIMULATION_FORCING,1013.0,0.0,71.238,0.0,SYNTHETIC,9.915,2026-10-11T01:00:00+00:00,180.0,1.705
SIMULATION_FORCING,1013.0,0.0,70.507,0.0,SYNTHETIC,9.745,2026-10-11T02:00:00+00:00,180.0,2.419
SIMULATION_FORCING,1013.0,0.0,70.713,0.0,SYNTHETIC,9.915,2026-10-11T03:00:00+00:00,180.0,2.402
SIMULATION_FORCING,1013.0,0.0,70.241,0.0,SYNTHETIC,10.414,2026-10-11T04:00:00+00:00,180.0,2.241
SIMULATION_FORCING,1013.0,0.0,70.003,0.0,SYNTHETIC,11.209,2026-10-11T05:00:00+00:00,180.0,2.187
SIMULATION_FORCING,1013.0,0.0,70.794,0.0,SYNTHETIC,12.245,2026-10-11T06:00:00+00:00,180.0,2.033
SIMULATION_FORCING,1013.0,0.0,68.153,219.996,SYNTHETIC,13.45,2026-10-11T07:00:00+00:00,180.0,1.912
SIMULATION_FORCING,1013.0,0.0,61.534,425.0,SYNTHETIC,14.745,2026-10-11T08:00:00+00:00,180.0,1.863
SIMULATION_FORCING,1013.0,0.0,57.662,601.041,SYNTHETIC,16.039,2026-10-11T09:00:00+00:00,180.0,1.912
SIMULATION_FORCING,1013.0,0.0,54.724,736.122,SYNTHETIC,17.245,2026-10-11T10:00:00+00:00,180.0,1.563
SIMULATION_FORCING,1013.0,0.0,56.608,821.037,SYNTHETIC,18.28,2026-10-11T11:00:00+00:00,180.0,1.564
SIMULATION_FORCING,1013.0,0.0,54.539,850.0,SYNTHETIC,19.075,2026-10-11T12:00:00+00:00,180.0,2.384
SIMULATION_FORCING,1013.0,0.0,55.838,821.037,SYNTHETIC,19.574,2026-10-11T13:00:00+00:00,180.0,2.399
SIMULATION_FORCING,1013.0,0.0,57.617,736.122,SYNTHETIC,19.745,2026-10-11T14:00:00+00:00,180.0,1.887
SIMULATION_FORCING,1013.0,0.0,59.614,601.041,SYNTHETIC,19.574,2026-10-11T15:00:00+00:00,180.0,1.897
SIMULATION_FORCING,1013.0,0.0,61.556,425.0,SYNTHETIC,19.075,2026-10-11T16:00:00+00:00,180.0,1.663
SIMULATION_FORCING,1013.0,0.0,65.458,219.996,SYNTHETIC,18.28,2026-10-11T17:00:00+00:00,180.0,2.212
SIMULATION_FORCING,1013.0,0.0,71.336,0.0,SYNTHETIC,17.245,2026-10-11T18:00:00+00:00,180.0,2.259
SIMULATION_FORCING,1013.0,0.0,73.594,0.0,SYNTHETIC,16.039,2026-10-11T19:00:00+00:00,180.0,1.607
SIMULATION_FORCING,1013.0,0.0,70.708,0.0,SYNTHETIC,14.745,2026-10-11T20:00:00+00:00,180.0,1.597
SIMULATION_FORCING,1013.0,0.0,70.821,0.0,SYNTHETIC,13.45,2026-10-11T21:00:00+00:00,180.0,1.556
SIMULATION_FORCING,1013.0,0.0,71.475,0.0,SYNTHETIC,12.245,2026-10-11T22:00:00+00:00,180.0,1.933
SIMULATION_FORCING,1013.0,0.0,71.498,0.0,SYNTHETIC,11.209,2026-10-11T23:00:00+00:00,180.0,2.371
SIMULATION_FORCING,1013.0,0.0,71.915,0.0,SYNTHETIC,10.271,2026-10-12T00:00:00+00:00,180.0,2.258
SIMULATION_FORCING,1013.0,0.0,70.6,0.0,SYNTHETIC,9.771,2026-10-12T01:00:00+00:00,180.0,2.303
SIMULATION_FORCING,1013.0,0.0,70.169,0.0,SYNTHETIC,9.601,2026-10-12T02:00:00+00:00,180.0,1.725
SIMULATION_FORCING,1013.0,0.0,70.617,0.0,SYNTHETIC,9.771,2026-10-12T03:00:00+00:00,180.0,2.341
SIMULATION_FORCING,1013.0,0.0,72.059,0.0,SYNTHETIC,10.271,2026-10-12T04:00:00+00:00,180.0,2.436
SIMULATION_FORCING,1013.0,0.0,70.649,0.0,SYNTHETIC,11.065,2026-10-12T05:00:00+00:00,180.0,1.829
SIMULATION_FORCING,1013.0,0.0,70.908,0.0,SYNTHETIC,12.101,2026-10-12T06:00:00+00:00,180.0,1.769
SIMULATION_FORCING,1013.0,0.0,66.905,219.996,SYNTHETIC,13.307,2026-10-12T07:00:00+00:00,180.0,2.114
SIMULATION_FORCING,1013.0,0.0,64.062,425.0,SYNTHETIC,14.601,2026-10-12T08:00:00+00:00,180.0,1.939
SIMULATION_FORCING,1013.0,0.0,60.152,601.041,SYNTHETIC,15.895,2026-10-12T09:00:00+00:00,180.0,2.218
SIMULATION_FORCING,1013.0,0.0,56.954,736.122,SYNTHETIC,17.101,2026-10-12T10:00:00+00:00,180.0,1.795
SIMULATION_FORCING,1013.0,0.0,56.029,821.037,SYNTHETIC,18.136,2026-10-12T11:00:00+00:00,180.0,1.921
SIMULATION_FORCING,1013.0,0.0,52.018,850.0,SYNTHETIC,18.931,2026-10-12T12:00:00+00:00,180.0,2.179
SIMULATION_FORCING,1013.0,0.0,52.875,821.037,SYNTHETIC,19.43,2026-10-12T13:00:00+00:00,180.0,2.021
SIMULATION_FORCING,1013.0,0.0,54.603,736.122,SYNTHETIC,19.601,2026-10-12T14:00:00+00:00,180.0,2.359
SIMULATION_FORCING,1013.0,0.0,59.58,601.041,SYNTHETIC,19.43,2026-10-12T15:00:00+00:00,180.0,1.795
SIMULATION_FORCING,1013.0,0.0,62.15,425.0,SYNTHETIC,18.931,2026-10-12T16:00:00+00:00,180.0,1.601
SIMULATION_FORCING,1013.0,0.0,66.71,219.996,SYNTHETIC,18.136,2026-10-12T17:00:00+00:00,180.0,2.425
SIMULATION_FORCING,1013.0,0.0,72.755,0.0,SYNTHETIC,17.101,2026-10-12T18:00:00+00:00,180.0,1.595
SIMULATION_FORCING,1013.0,0.0,72.753,0.0,SYNTHETIC,15.895,2026-10-12T19:00:00+00:00,180.0,2.021
SIMULATION_FORCING,1013.0,0.0,70.901,0.0,SYNTHETIC,14.601,2026-10-12T20:00:00+00:00,180.0,1.641
SIMULATION_FORCING,1013.0,0.0,70.368,0.0,SYNTHETIC,13.307,2026-10-12T21:00:00+00:00,180.0,1.626
SIMULATION_FORCING,1013.0,0.0,73.195,0.0,SYNTHETIC,12.101,2026-10-12T22:00:00+00:00,180.0,2.472
SIMULATION_FORCING,1013.0,0.0,72.699,0.0,SYNTHETIC,11.065,2026-10-12T23:00:00+00:00,180.0,2.129
SIMULATION_FORCING,1013.0,0.0,70.74,0.0,SYNTHETIC,10.128,2026-10-13T00:00:00+00:00,180.0,2.284
SIMULATION_FORCING,1013.0,0.0,72.022,0.0,SYNTHETIC,9.628,2026-10-13T01:00:00+00:00,180.0,2.314
SIMULATION_FORCING,1013.0,0.0,70.358,0.0,SYNTHETIC,9.458,2026-10-13T02:00:00+00:00,180.0,1.849
SIMULATION_FORCING,1013.0,0.0,70.737,0.0,SYNTHETIC,9.628,2026-10-13T03:00:00+00:00,180.0,2.197
SIMULATION_FORCING,1013.0,0.0,73.347,0.0,SYNTHETIC,10.128,2026-10-13T04:00:00+00:00,180.0,2.096
SIMULATION_FORCING,1013.0,0.0,72.559,0.0,SYNTHETIC,10.922,2026-10-13T05:00:00+00:00,180.0,2.485
SIMULATION_FORCING,1013.0,0.0,71.483,0.0,SYNTHETIC,11.958,2026-10-13T06:00:00+00:00,180.0,2.238
SIMULATION_FORCING,1013.0,0.0,67.212,219.996,SYNTHETIC,13.164,2026-10-13T07:00:00+00:00,180.0,2.459
SIMULATION_FORCING,1013.0,0.0,64.614,425.0,SYNTHETIC,14.458,2026-10-13T08:00:00+00:00,180.0,2.389
SIMULATION_FORCING,1013.0,0.0,58.342,601.041,SYNTHETIC,15.752,2026-10-13T09:00:00+00:00,180.0,1.565
SIMULATION_FORCING,1013.0,0.0,56.307,736.122,SYNTHETIC,16.958,2026-10-13T10:00:00+00:00,180.0,1.501
SIMULATION_FORCING,1013.0,0.0,53.064,821.037,SYNTHETIC,17.993,2026-10-13T11:00:00+00:00,180.0,2.446
SIMULATION_FORCING,1013.0,0.0,55.537,850.0,SYNTHETIC,18.788,2026-10-13T12:00:00+00:00,180.0,2.087
SIMULATION_FORCING,1013.0,0.0,55.378,821.037,SYNTHETIC,19.287,2026-10-13T13:00:00+00:00,180.0,2.354
SIMULATION_FORCING,1013.0,0.0,55.616,736.122,SYNTHETIC,19.458,2026-10-13T14:00:00+00:00,180.0,1.997
SIMULATION_FORCING,1013.0,0.0,57.599,601.041,SYNTHETIC,19.287,2026-10-13T15:00:00+00:00,180.0,2.047
SIMULATION_FORCING,1013.0,0.0,63.688,425.0,SYNTHETIC,18.788,2026-10-13T16:00:00+00:00,180.0,1.742
SIMULATION_FORCING,1013.0,0.0,66.037,219.996,SYNTHETIC,17.993,2026-10-13T17:00:00+00:00,180.0,2.461
SIMULATION_FORCING,1013.0,0.0,71.681,0.0,SYNTHETIC,16.958,2026-10-13T18:00:00+00:00,180.0,2.106
SIMULATION_FORCING,1013.0,0.0,71.726,0.0,SYNTHETIC,15.752,2026-10-13T19:00:00+00:00,180.0,2.089
SIMULATION_FORCING,1013.0,0.0,73.509,0.0,SYNTHETIC,14.458,2026-10-13T20:00:00+00:00,180.0,1.634
SIMULATION_FORCING,1013.0,0.0,70.544,0.0,SYNTHETIC,13.164,2026-10-13T21:00:00+00:00,180.0,1.522
SIMULATION_FORCING,1013.0,0.0,73.455,0.0,SYNTHETIC,11.958,2026-10-13T22:00:00+00:00,180.0,2.029
SIMULATION_FORCING,1013.0,0.0,72.159,0.0,SYNTHETIC,10.922,2026-10-13T23:00:00+00:00,180.0,2.383
SIMULATION_FORCING,1013.0,0.0,72.291,0.0,SYNTHETIC,9.986,2026-10-14T00:00:00+00:00,180.0,1.874
SIMULATION_FORCING,1013.0,0.0,73.324,0.0,SYNTHETIC,9.486,2026-10-14T01:00:00+00:00,180.0,2.162
SIMULATION_FORCING,1013.0,0.0,72.788,0.0,SYNTHETIC,9.316,2026-10-14T02:00:00+00:00,180.0,2.332
SIMULATION_FORCING,1013.0,0.0,70.021,0.0,SYNTHETIC,9.486,2026-10-14T03:00:00+00:00,180.0,2.115
SIMULATION_FORCING,1013.0,0.0,71.743,0.0,SYNTHETIC,9.986,2026-10-14T04:00:00+00:00,180.0,2.369
SIMULATION_FORCING,1013.0,0.0,72.365,0.0,SYNTHETIC,10.78,2026-10-14T05:00:00+00:00,180.0,2.194
SIMULATION_FORCING,1013.0,0.0,70.203,0.0,SYNTHETIC,11.816,2026-10-14T06:00:00+00:00,180.0,1.834
SIMULATION_FORCING,1013.0,0.0,68.611,219.996,SYNTHETIC,13.022,2026-10-14T07:00:00+00:00,180.0,2.003
SIMULATION_FORCING,1013.0,0.0,64.41,425.0,SYNTHETIC,14.316,2026-10-14T08:00:00+00:00,180.0,2.34
SIMULATION_FORCING,1013.0,0.0,61.07,601.041,SYNTHETIC,15.61,2026-10-14T09:00:00+00:00,180.0,2.137
SIMULATION_FORCING,1013.0,0.0,57.882,736.122,SYNTHETIC,16.816,2026-10-14T10:00:00+00:00,180.0,2.363
SIMULATION_FORCING,1013.0,0.0,55.89,821.037,SYNTHETIC,17.851,2026-10-14T11:00:00+00:00,180.0,1.635
SIMULATION_FORCING,1013.0,0.0,55.827,850.0,SYNTHETIC,18.646,2026-10-14T12:00:00+00:00,180.0,1.888
SIMULATION_FORCING,1013.0,0.0,53.64,821.037,SYNTHETIC,19.145,2026-10-14T13:00:00+00:00,180.0,1.828
SIMULATION_FORCING,1013.0,0.0,54.458,736.122,SYNTHETIC,19.316,2026-10-14T14:00:00+00:00,180.0,1.688
SIMULATION_FORCING,1013.0,0.0,60.48,601.041,SYNTHETIC,19.145,2026-10-14T15:00:00+00:00,180.0,1.889
SIMULATION_FORCING,1013.0,0.0,64.286,425.0,SYNTHETIC,18.646,2026-10-14T16:00:00+00:00,180.0,2.03
SIMULATION_FORCING,1013.0,0.0,67.39,219.996,SYNTHETIC,17.851,2026-10-14T17:00:00+00:00,180.0,2.028
SIMULATION_FORCING,1013.0,0.0,70.719,0.0,SYNTHETIC,16.816,2026-10-14T18:00:00+00:00,180.0,2.112
SIMULATION_FORCING,1013.0,0.0,70.118,0.0,SYNTHETIC,15.61,2026-10-14T19:00:00+00:00,180.0,2.333
SIMULATION_FORCING,1013.0,0.0,72.66,0.0,SYNTHETIC,14.316,2026-10-14T20:00:00+00:00,180.0,2.164
SIMULATION_FORCING,1013.0,0.0,70.58,0.0,SYNTHETIC,13.022,2026-10-14T21:00:00+00:00,180.0,1.881
SIMULATION_FORCING,1013.0,0.0,73.453,0.0,SYNTHETIC,11.816,2026-10-14T22:00:00+00:00,180.0,1.884
SIMULATION_FORCING,1013.0,0.0,71.545,0.0,SYNTHETIC,10.78,2026-10-14T23:00:00+00:00,180.0,2.206
SIMULATION_FORCING,1013.0,0.0,73.297,0.0,SYNTHETIC,9.845,2026-10-15T00:00:00+00:00,180.0,2.184
SIMULATION_FORCING,1013.0,0.0,72.662,0.0,SYNTHETIC,9.345,2026-10-15T01:00:00+00:00,180.0,2.416
SIMULATION_FORCING,1013.0,0.0,71.409,0.0,SYNTHETIC,9.175,2026-10-15T02:00:00+00:00,180.0,1.556
SIMULATION_FORCING,1013.0,0.0,71.94,0.0,SYNTHETIC,9.345,2026-10-15T03:00:00+00:00,180.0,1.946
SIMULATION_FORCING,1013.0,0.0,73.952,0.0,SYNTHETIC,9.845,2026-10-15T04:00:00+00:00,180.0,2.491
SIMULATION_FORCING,1013.0,0.0,71.131,0.0,SYNTHETIC,10.639,2026-10-15T05:00:00+00:00,180.0,2.474
SIMULATION_FORCING,1013.0,0.0,73.49,0.0,SYNTHETIC,11.675,2026-10-15T06:00:00+00:00,180.0,2.05
SIMULATION_FORCING,1013.0,0.0,66.308,219.996,SYNTHETIC,12.881,2026-10-15T07:00:00+00:00,180.0,1.591
SIMULATION_FORCING,1013.0,0.0,64.083,425.0,SYNTHETIC,14.175,2026-10-15T08:00:00+00:00,180.0,2.35
SIMULATION_FORCING,1013.0,0.0,58.577,601.041,SYNTHETIC,15.469,2026-10-15T09:00:00+00:00,180.0,1.947
SIMULATION_FORCING,1013.0,0.0,56.13,736.122,SYNTHETIC,16.675,2026-10-15T10:00:00+00:00,180.0,1.696
SIMULATION_FORCING,1013.0,0.0,55.88,821.037,SYNTHETIC,17.711,2026-10-15T11:00:00+00:00,180.0,1.952
SIMULATION_FORCING,1013.0,0.0,53.677,850.0,SYNTHETIC,18.505,2026-10-15T12:00:00+00:00,180.0,2.412
SIMULATION_FORCING,1013.0,0.0,53.824,821.037,SYNTHETIC,19.005,2026-10-15T13:00:00+00:00,180.0,1.774
SIMULATION_FORCING,1013.0,0.0,54.646,736.122,SYNTHETIC,19.175,2026-10-15T14:00:00+00:00,180.0,1.756
SIMULATION_FORCING,1013.0,0.0,59.33,601.041,SYNTHETIC,19.005,2026-10-15T15:00:00+00:00,180.0,1.633
SIMULATION_FORCING,1013.0,0.0,62.698,425.0,SYNTHETIC,18.505,2026-10-15T16:00:00+00:00,180.0,2.242
SIMULATION_FORCING,1013.0,0.0,68.678,219.996,SYNTHETIC,17.711,2026-10-15T17:00:00+00:00,180.0,2.063
SIMULATION_FORCING,1013.0,0.0,71.156,0.0,SYNTHETIC,16.675,2026-10-15T18:00:00+00:00,180.0,2.218
SIMULATION_FORCING,1013.0,0.0,73.046,0.0,SYNTHETIC,15.469,2026-10-15T19:00:00+00:00,180.0,1.958
SIMULATION_FORCING,1013.0,0.0,71.692,0.0,SYNTHETIC,14.175,2026-10-15T20:00:00+00:00,180.0,1.569
SIMULATION_FORCING,1013.0,0.0,70.812,0.0,SYNTHETIC,12.881,2026-10-15T21:00:00+00:00,180.0,2.068
SIMULATION_FORCING,1013.0,0.0,71.067,0.0,SYNTHETIC,11.675,2026-10-15T22:00:00+00:00,180.0,2.018
SIMULATION_FORCING,1013.0,0.0,70.193,0.0,SYNTHETIC,10.639,2026-10-15T23:00:00+00:00,180.0,2.213
SIMULATION_FORCING,1013.0,0.0,70.82,0.0,SYNTHETIC,9.705,2026-10-16T00:00:00+00:00,180.0,2.045
SIMULATION_FORCING,1013.0,0.0,71.318,0.0,SYNTHETIC,9.206,2026-10-16T01:00:00+00:00,180.0,2.117
SIMULATION_FORCING,1013.0,0.0,70.952,0.0,SYNTHETIC,9.035,2026-10-16T02:00:00+00:00,180.0,1.6
SIMULATION_FORCING,1013.0,0.0,72.172,0.0,SYNTHETIC,9.206,2026-10-16T03:00:00+00:00,180.0,2.462
SIMULATION_FORCING,1013.0,0.0,72.338,0.0,SYNTHETIC,9.705,2026-10-16T04:00:00+00:00,180.0,2.21
SIMULATION_FORCING,1013.0,0.0,71.374,0.0,SYNTHETIC,10.5,2026-10-16T05:00:00+00:00,180.0,2.066
SIMULATION_FORCING,1013.0,0.0,72.82,0.0,SYNTHETIC,11.535,2026-10-16T06:00:00+00:00,180.0,2.325
SIMULATION_FORCING,1013.0,0.0,68.653,219.996,SYNTHETIC,12.741,2026-10-16T07:00:00+00:00,180.0,2.486
SIMULATION_FORCING,1013.0,0.0,61.847,425.0,SYNTHETIC,14.035,2026-10-16T08:00:00+00:00,180.0,1.674
SIMULATION_FORCING,1013.0,0.0,60.29,601.041,SYNTHETIC,15.329,2026-10-16T09:00:00+00:00,180.0,1.847
SIMULATION_FORCING,1013.0,0.0,56.276,736.122,SYNTHETIC,16.535,2026-10-16T10:00:00+00:00,180.0,2.146
SIMULATION_FORCING,1013.0,0.0,56.139,821.037,SYNTHETIC,17.571,2026-10-16T11:00:00+00:00,180.0,1.924
SIMULATION_FORCING,1013.0,0.0,53.036,850.0,SYNTHETIC,18.365,2026-10-16T12:00:00+00:00,180.0,1.725
SIMULATION_FORCING,1013.0,0.0,54.896,821.037,SYNTHETIC,18.865,2026-10-16T13:00:00+00:00,180.0,2.077
SIMULATION_FORCING,1013.0,0.0,54.692,736.122,SYNTHETIC,19.035,2026-10-16T14:00:00+00:00,180.0,2.461
SIMULATION_FORCING,1013.0,0.0,58.705,601.041,SYNTHETIC,18.865,2026-10-16T15:00:00+00:00,180.0,1.648
SIMULATION_FORCING,1013.0,0.0,61.329,425.0,SYNTHETIC,18.365,2026-10-16T16:00:00+00:00,180.0,2.406
SIMULATION_FORCING,1013.0,0.0,68.528,219.996,SYNTHETIC,17.571,2026-10-16T17:00:00+00:00,180.0,1.979
SIMULATION_FORCING,1013.0,0.0,70.894,0.0,SYNTHETIC,16.535,2026-10-16T18:00:00+00:00,180.0,1.554
SIMULATION_FORCING,1013.0,0.0,73.249,0.0,SYNTHETIC,15.329,2026-10-16T19:00:00+00:00,180.0,2.103
SIMULATION_FORCING,1013.0,0.0,73.76,0.0,SYNTHETIC,14.035,2026-10-16T20:00:00+00:00,180.0,2.481
SIMULATION_FORCING,1013.0,0.0,72.264,0.0,SYNTHETIC,12.741,2026-10-16T21:00:00+00:00,180.0,2.087
SIMULATION_FORCING,1013.0,0.0,73.48,0.0,SYNTHETIC,11.535,2026-10-16T22:00:00+00:00,180.0,2.057
SIMULATION_FORCING,1013.0,0.0,72.87,0.0,SYNTHETIC,10.5,2026-10-16T23:00:00+00:00,180.0,2.35
SIMULATION_FORCING,1013.0,0.0,71.704,0.0,SYNTHETIC,9.567,2026-10-17T00:00:00+00:00,180.0,1.647
SIMULATION_FORCING,1013.0,0.0,73.091,0.0,SYNTHETIC,9.067,2026-10-17T01:00:00+00:00,180.0,1.642
SIMULATION_FORCING,1013.0,0.0,70.794,0.0,SYNTHETIC,8.897,2026-10-17T02:00:00+00:00,180.0,1.966
SIMULATION_FORCING,1013.0,0.0,70.256,0.0,SYNTHETIC,9.067,2026-10-17T03:00:00+00:00,180.0,2.347
SIMULATION_FORCING,1013.0,0.0,70.122,0.0,SYNTHETIC,9.567,2026-10-17T04:00:00+00:00,180.0,2.192
SIMULATION_FORCING,1013.0,0.0,73.58,0.0,SYNTHETIC,10.361,2026-10-17T05:00:00+00:00,180.0,1.714
SIMULATION_FORCING,1013.0,0.0,70.626,0.0,SYNTHETIC,11.397,2026-10-17T06:00:00+00:00,180.0,1.875
SIMULATION_FORCING,1013.0,0.0,65.714,219.996,SYNTHETIC,12.603,2026-10-17T07:00:00+00:00,180.0,1.513
SIMULATION_FORCING,1013.0,0.0,64.13,425.0,SYNTHETIC,13.897,2026-10-17T08:00:00+00:00,180.0,1.976
SIMULATION_FORCING,1013.0,0.0,59.044,601.041,SYNTHETIC,15.191,2026-10-17T09:00:00+00:00,180.0,2.336
SIMULATION_FORCING,1013.0,0.0,56.245,736.122,SYNTHETIC,16.397,2026-10-17T10:00:00+00:00,180.0,2.152
SIMULATION_FORCING,1013.0,0.0,54.202,821.037,SYNTHETIC,17.432,2026-10-17T11:00:00+00:00,180.0,1.696
SIMULATION_FORCING,1013.0,0.0,52.967,850.0,SYNTHETIC,18.227,2026-10-17T12:00:00+00:00,180.0,1.639
SIMULATION_FORCING,1013.0,0.0,53.007,821.037,SYNTHETIC,18.726,2026-10-17T13:00:00+00:00,180.0,1.9
SIMULATION_FORCING,1013.0,0.0,57.306,736.122,SYNTHETIC,18.897,2026-10-17T14:00:00+00:00,180.0,2.493
SIMULATION_FORCING,1013.0,0.0,58.96,601.041,SYNTHETIC,18.726,2026-10-17T15:00:00+00:00,180.0,2.221
SIMULATION_FORCING,1013.0,0.0,62.957,425.0,SYNTHETIC,18.227,2026-10-17T16:00:00+00:00,180.0,1.969
SIMULATION_FORCING,1013.0,0.0,66.259,219.996,SYNTHETIC,17.432,2026-10-17T17:00:00+00:00,180.0,1.66
SIMULATION_FORCING,1013.0,0.0,72.002,0.0,SYNTHETIC,16.397,2026-10-17T18:00:00+00:00,180.0,1.96
SIMULATION_FORCING,1013.0,0.0,70.081,0.0,SYNTHETIC,15.191,2026-10-17T19:00:00+00:00,180.0,2.148
SIMULATION_FORCING,1013.0,0.0,73.151,0.0,SYNTHETIC,13.897,2026-10-17T20:00:00+00:00,180.0,1.59
SIMULATION_FORCING,1013.0,0.0,72.025,0.0,SYNTHETIC,12.603,2026-10-17T21:00:00+00:00,180.0,1.712
SIMULATION_FORCING,1013.0,0.0,70.4,0.0,SYNTHETIC,11.397,2026-10-17T22:00:00+00:00,180.0,1.951
SIMULATION_FORCING,1013.0,0.0,71.651,0.0,SYNTHETIC,10.361,2026-10-17T23:00:00+00:00,180.0,2.347
SIMULATION_FORCING,1013.0,0.0,70.238,0.0,SYNTHETIC,9.429,2026-10-18T00:00:00+00:00,180.0,2.087
SIMULATION_FORCING,1013.0,0.0,70.418,0.0,SYNTHETIC,8.93,2026-10-18T01:00:00+00:00,180.0,2.088
SIMULATION_FORCING,1013.0,0.0,70.494,0.0,SYNTHETIC,8.76,2026-10-18T02:00:00+00:00,180.0,1.924
SIMULATION_FORCING,1013.0,0.0,71.26,0.0,SYNTHETIC,8.93,2026-10-18T03:00:00+00:00,180.0,2.49
SIMULATION_FORCING,1013.0,0.0,71.829,0.0,SYNTHETIC,9.429,2026-10-18T04:00:00+00:00,180.0,1.627
SIMULATION_FORCING,1013.0,0.0,72.713,0.0,SYNTHETIC,10.224,2026-10-18T05:00:00+00:00,180.0,2.001
SIMULATION_FORCING,1013.0,0.0,72.161,0.0,SYNTHETIC,11.26,2026-10-18T06:00:00+00:00,180.0,1.632
SIMULATION_FORCING,1013.0,0.0,67.754,219.996,SYNTHETIC,12.465,2026-10-18T07:00:00+00:00,180.0,2.322
SIMULATION_FORCING,1013.0,0.0,61.715,425.0,SYNTHETIC,13.76,2026-10-18T08:00:00+00:00,180.0,1.796
SIMULATION_FORCING,1013.0,0.0,58.248,601.041,SYNTHETIC,15.054,2026-10-18T09:00:00+00:00,180.0,2.044
SIMULATION_FORCING,1013.0,0.0,56.824,736.122,SYNTHETIC,16.26,2026-10-18T10:00:00+00:00,180.0,1.939
SIMULATION_FORCING,1013.0,0.0,54.889,821.037,SYNTHETIC,17.295,2026-10-18T11:00:00+00:00,180.0,2.387
SIMULATION_FORCING,1013.0,0.0,55.894,850.0,SYNTHETIC,18.09,2026-10-18T12:00:00+00:00,180.0,2.331
SIMULATION_FORCING,1013.0,0.0,55.064,821.037,SYNTHETIC,18.589,2026-10-18T13:00:00+00:00,180.0,2.399
SIMULATION_FORCING,1013.0,0.0,56.144,736.122,SYNTHETIC,18.76,2026-10-18T14:00:00+00:00,180.0,1.935
SIMULATION_FORCING,1013.0,0.0,60.118,601.041,SYNTHETIC,18.589,2026-10-18T15:00:00+00:00,180.0,1.731
SIMULATION_FORCING,1013.0,0.0,62.174,425.0,SYNTHETIC,18.09,2026-10-18T16:00:00+00:00,180.0,1.816
SIMULATION_FORCING,1013.0,0.0,65.38,219.996,SYNTHETIC,17.295,2026-10-18T17:00:00+00:00,180.0,1.695
SIMULATION_FORCING,1013.0,0.0,70.445,0.0,SYNTHETIC,16.26,2026-10-18T18:00:00+00:00,180.0,1.723
SIMULATION_FORCING,1013.0,0.0,70.416,0.0,SYNTHETIC,15.054,2026-10-18T19:00:00+00:00,180.0,1.53
SIMULATION_FORCING,1013.0,0.0,71.285,0.0,SYNTHETIC,13.76,2026-10-18T20:00:00+00:00,180.0,2.073
SIMULATION_FORCING,1013.0,0.0,71.475,0.0,SYNTHETIC,12.465,2026-10-18T21:00:00+00:00,180.0,1.66
SIMULATION_FORCING,1013.0,0.0,71.443,0.0,SYNTHETIC,11.26,2026-10-18T22:00:00+00:00,180.0,1.67
SIMULATION_FORCING,1013.0,0.0,70.696,0.0,SYNTHETIC,10.224,2026-10-18T23:00:00+00:00,180.0,1.812
SIMULATION_FORCING,1013.0,0.0,72.053,0.0,SYNTHETIC,9.293,2026-10-19T00:00:00+00:00,180.0,1.559
SIMULATION_FORCING,1013.0,0.0,70.483,0.0,SYNTHETIC,8.794,2026-10-19T01:00:00+00:00,180.0,1.729
SIMULATION_FORCING,1013.0,0.0,70.865,0.0,SYNTHETIC,8.624,2026-10-19T02:00:00+00:00,180.0,2.264
SIMULATION_FORCING,1013.0,0.0,70.409,0.0,SYNTHETIC,8.794,2026-10-19T03:00:00+00:00,180.0,1.873
SIMULATION_FORCING,1013.0,0.0,71.889,0.0,SYNTHETIC,9.293,2026-10-19T04:00:00+00:00,180.0,1.631
SIMULATION_FORCING,1013.0,0.0,73.66,0.0,SYNTHETIC,10.088,2026-10-19T05:00:00+00:00,180.0,1.913
SIMULATION_FORCING,1013.0,0.0,73.161,0.0,SYNTHETIC,11.124,2026-10-19T06:00:00+00:00,180.0,1.887
SIMULATION_FORCING,1013.0,0.0,68.896,219.996,SYNTHETIC,12.329,2026-10-19T07:00:00+00:00,180.0,2.376
SIMULATION_FORCING,1013.0,0.0,63.527,425.0,SYNTHETIC,13.624,2026-10-19T08:00:00+00:00,180.0,1.96
SIMULATION_FORCING,1013.0,0.0,60.506,601.041,SYNTHETIC,14.918,2026-10-19T09:00:00+00:00,180.0,1.564
SIMULATION_FORCING,1013.0,0.0,55.542,736.122,SYNTHETIC,16.124,2026-10-19T10:00:00+00:00,180.0,2.185
SIMULATION_FORCING,1013.0,0.0,54.735,821.037,SYNTHETIC,17.159,2026-10-19T11:00:00+00:00,180.0,1.504
SIMULATION_FORCING,1013.0,0.0,54.544,850.0,SYNTHETIC,17.954,2026-10-19T12:00:00+00:00,180.0,2.024
SIMULATION_FORCING,1013.0,0.0,53.168,821.037,SYNTHETIC,18.453,2026-10-19T13:00:00+00:00,180.0,1.752
SIMULATION_FORCING,1013.0,0.0,54.893,736.122,SYNTHETIC,18.624,2026-10-19T14:00:00+00:00,180.0,1.509
SIMULATION_FORCING,1013.0,0.0,60.258,601.041,SYNTHETIC,18.453,2026-10-19T15:00:00+00:00,180.0,1.915
SIMULATION_FORCING,1013.0,0.0,62.496,425.0,SYNTHETIC,17.954,2026-10-19T16:00:00+00:00,180.0,2.107
SIMULATION_FORCING,1013.0,0.0,65.573,219.996,SYNTHETIC,17.159,2026-10-19T17:00:00+00:00,180.0,2.462
SIMULATION_FORCING,1013.0,0.0,72.088,0.0,SYNTHETIC,16.124,2026-10-19T18:00:00+00:00,180.0,1.903
SIMULATION_FORCING,1013.0,0.0,70.737,0.0,SYNTHETIC,14.918,2026-10-19T19:00:00+00:00,180.0,2.079
SIMULATION_FORCING,1013.0,0.0,73.353,0.0,SYNTHETIC,13.624,2026-10-19T20:00:00+00:00,180.0,2.295
SIMULATION_FORCING,1013.0,0.0,71.344,0.0,SYNTHETIC,12.329,2026-10-19T21:00:00+00:00,180.0,1.801
SIMULATION_FORCING,1013.0,0.0,72.106,0.0,SYNTHETIC,11.124,2026-10-19T22:00:00+00:00,180.0,2.018
SIMULATION_FORCING,1013.0,0.0,71.396,0.0,SYNTHETIC,10.088,2026-10-19T23:00:00+00:00,180.0,1.514
SIMULATION_FORCING,1013.0,0.0,71.266,0.0,SYNTHETIC,9.159,2026-10-20T00:00:00+00:00,180.0,1.869
SIMULATION_FORCING,1013.0,0.0,71.831,0.0,SYNTHETIC,8.659,2026-10-20T01:00:00+00:00,180.0,1.968
SIMULATION_FORCING,1013.0,0.0,73.461,0.0,SYNTHETIC,8.489,2026-10-20T02:00:00+00:00,180.0,1.857
SIMULATION_FORCING,1013.0,0.0,70.953,0.0,SYNTHETIC,8.659,2026-10-20T03:00:00+00:00,180.0,2.156
SIMULATION_FORCING,1013.0,0.0,70.815,0.0,SYNTHETIC,9.159,2026-10-20T04:00:00+00:00,180.0,2.469
SIMULATION_FORCING,1013.0,0.0,73.157,0.0,SYNTHETIC,9.953,2026-10-20T05:00:00+00:00,180.0,2.457
SIMULATION_FORCING,1013.0,0.0,71.737,0.0,SYNTHETIC,10.989,2026-10-20T06:00:00+00:00,180.0,1.504
SIMULATION_FORCING,1013.0,0.0,65.801,219.996,SYNTHETIC,12.195,2026-10-20T07:00:00+00:00,180.0,1.864
SIMULATION_FORCING,1013.0,0.0,61.958,425.0,SYNTHETIC,13.489,2026-10-20T08:00:00+00:00,180.0,2.183
SIMULATION_FORCING,1013.0,0.0,59.482,601.041,SYNTHETIC,14.783,2026-10-20T09:00:00+00:00,180.0,2.295
SIMULATION_FORCING,1013.0,0.0,55.986,736.122,SYNTHETIC,15.989,2026-10-20T10:00:00+00:00,180.0,2.236
SIMULATION_FORCING,1013.0,0.0,54.456,821.037,SYNTHETIC,17.024,2026-10-20T11:00:00+00:00,180.0,2.023
SIMULATION_FORCING,1013.0,0.0,52.027,850.0,SYNTHETIC,17.819,2026-10-20T12:00:00+00:00,180.0,1.929
SIMULATION_FORCING,1013.0,0.0,53.916,821.037,SYNTHETIC,18.318,2026-10-20T13:00:00+00:00,180.0,2.308
SIMULATION_FORCING,1013.0,0.0,55.128,736.122,SYNTHETIC,18.489,2026-10-20T14:00:00+00:00,180.0,2.132
SIMULATION_FORCING,1013.0,0.0,59.067,601.041,SYNTHETIC,18.318,2026-10-20T15:00:00+00:00,180.0,2.264
SIMULATION_FORCING,1013.0,0.0,61.902,425.0,SYNTHETIC,17.819,2026-10-20T16:00:00+00:00,180.0,1.815
SIMULATION_FORCING,1013.0,0.0,67.271,219.996,SYNTHETIC,17.024,2026-10-20T17:00:00+00:00,180.0,2.184
SIMULATION_FORCING,1013.0,0.0,70.788,0.0,SYNTHETIC,15.989,2026-10-20T18:00:00+00:00,180.0,2.419
SIMULATION_FORCING,1013.0,0.0,71.423,0.0,SYNTHETIC,14.783,2026-10-20T19:00:00+00:00,180.0,2.204
SIMULATION_FORCING,1013.0,0.0,73.114,0.0,SYNTHETIC,13.489,2026-10-20T20:00:00+00:00,180.0,1.991
SIMULATION_FORCING,1013.0,0.0,72.656,0.0,SYNTHETIC,12.195,2026-10-20T21:00:00+00:00,180.0,2.113
SIMULATION_FORCING,1013.0,0.0,73.0,0.0,SYNTHETIC,10.989,2026-10-20T22:00:00+00:00,180.0,2.204
SIMULATION_FORCING,1013.0,0.0,72.844,0.0,SYNTHETIC,9.953,2026-10-20T23:00:00+00:00,180.0,2.029
SIMULATION_FORCING,1013.0,0.0,71.008,0.0,SYNTHETIC,9.025,2026-10-21T00:00:00+00:00,180.0,1.693
SIMULATION_FORCING,1013.0,0.0,71.601,0.0,SYNTHETIC,8.526,2026-10-21T01:00:00+00:00,180.0,2.49
SIMULATION_FORCING,1013.0,0.0,70.405,0.0,SYNTHETIC,8.355,2026-10-21T02:00:00+00:00,180.0,1.613
SIMULATION_FORCING,1013.0,0.0,70.228,0.0,SYNTHETIC,8.526,2026-10-21T03:00:00+00:00,180.0,1.93
SIMULATION_FORCING,1013.0,0.0,72.282,0.0,SYNTHETIC,9.025,2026-10-21T04:00:00+00:00,180.0,2.274
SIMULATION_FORCING,1013.0,0.0,73.452,0.0,SYNTHETIC,9.82,2026-10-21T05:00:00+00:00,180.0,2.374
SIMULATION_FORCING,1013.0,0.0,71.475,0.0,SYNTHETIC,10.855,2026-10-21T06:00:00+00:00,180.0,2.242
SIMULATION_FORCING,1013.0,0.0,67.476,219.996,SYNTHETIC,12.061,2026-10-21T07:00:00+00:00,180.0,2.378
SIMULATION_FORCING,1013.0,0.0,61.108,425.0,SYNTHETIC,13.355,2026-10-21T08:00:00+00:00,180.0,1.8
SIMULATION_FORCING,1013.0,0.0,58.139,601.041,SYNTHETIC,14.65,2026-10-21T09:00:00+00:00,180.0,2.238
SIMULATION_FORCING,1013.0,0.0,56.507,736.122,SYNTHETIC,15.855,2026-10-21T10:00:00+00:00,180.0,2.273
SIMULATION_FORCING,1013.0,0.0,53.968,821.037,SYNTHETIC,16.891,2026-10-21T11:00:00+00:00,180.0,2.013
SIMULATION_FORCING,1013.0,0.0,54.185,850.0,SYNTHETIC,17.686,2026-10-21T12:00:00+00:00,180.0,1.749
SIMULATION_FORCING,1013.0,0.0,55.44,821.037,SYNTHETIC,18.185,2026-10-21T13:00:00+00:00,180.0,2.169
SIMULATION_FORCING,1013.0,0.0,57.83,736.122,SYNTHETIC,18.355,2026-10-21T14:00:00+00:00,180.0,2.319
SIMULATION_FORCING,1013.0,0.0,58.771,601.041,SYNTHETIC,18.185,2026-10-21T15:00:00+00:00,180.0,2.47
SIMULATION_FORCING,1013.0,0.0,61.726,425.0,SYNTHETIC,17.686,2026-10-21T16:00:00+00:00,180.0,2.281
SIMULATION_FORCING,1013.0,0.0,66.068,219.996,SYNTHETIC,16.891,2026-10-21T17:00:00+00:00,180.0,2.426
SIMULATION_FORCING,1013.0,0.0,72.815,0.0,SYNTHETIC,15.855,2026-10-21T18:00:00+00:00,180.0,1.601
SIMULATION_FORCING,1013.0,0.0,72.99,0.0,SYNTHETIC,14.65,2026-10-21T19:00:00+00:00,180.0,2.313
SIMULATION_FORCING,1013.0,0.0,71.209,0.0,SYNTHETIC,13.355,2026-10-21T20:00:00+00:00,180.0,1.674
SIMULATION_FORCING,1013.0,0.0,70.717,0.0,SYNTHETIC,12.061,2026-10-21T21:00:00+00:00,180.0,1.737
SIMULATION_FORCING,1013.0,0.0,70.108,0.0,SYNTHETIC,10.855,2026-10-21T22:00:00+00:00,180.0,2.177
SIMULATION_FORCING,1013.0,0.0,70.809,0.0,SYNTHETIC,9.82,2026-10-21T23:00:00+00:00,180.0,2.177
SIMULATION_FORCING,1013.0,0.0,72.619,0.0,SYNTHETIC,8.893,2026-10-22T00:00:00+00:00,180.0,1.74
SIMULATION_FORCING,1013.0,0.0,73.346,0.0,SYNTHETIC,8.394,2026-10-22T01:00:00+00:00,180.0,2.448
SIMULATION_FORCING,1013.0,0.0,72.719,0.0,SYNTHETIC,8.223,2026-10-22T02:00:00+00:00,180.0,1.908
SIMULATION_FORCING,1013.0,0.0,72.331,0.0,SYNTHETIC,8.394,2026-10-22T03:00:00+00:00,180.0,1.624
SIMULATION_FORCING,1013.0,0.0,72.311,0.0,SYNTHETIC,8.893,2026-10-22T04:00:00+00:00,180.0,2.093
SIMULATION_FORCING,1013.0,0.0,73.764,0.0,SYNTHETIC,9.688,2026-10-22T05:00:00+00:00,180.0,2.311
SIMULATION_FORCING,1013.0,0.0,72.564,0.0,SYNTHETIC,10.723,2026-10-22T06:00:00+00:00,180.0,1.777
SIMULATION_FORCING,1013.0,0.0,67.712,219.996,SYNTHETIC,11.929,2026-10-22T07:00:00+00:00,180.0,1.554
SIMULATION_FORCING,1013.0,0.0,62.422,425.0,SYNTHETIC,13.223,2026-10-22T08:00:00+00:00,180.0,1.981
SIMULATION_FORCING,1013.0,0.0,59.244,601.041,SYNTHETIC,14.518,2026-10-22T09:00:00+00:00,180.0,1.657
SIMULATION_FORCING,1013.0,0.0,56.146,736.122,SYNTHETIC,15.723,2026-10-22T10:00:00+00:00,180.0,2.436
SIMULATION_FORCING,1013.0,0.0,54.716,821.037,SYNTHETIC,16.759,2026-10-22T11:00:00+00:00,180.0,1.582
SIMULATION_FORCING,1013.0,0.0,53.93,850.0,SYNTHETIC,17.554,2026-10-22T12:00:00+00:00,180.0,2.364
SIMULATION_FORCING,1013.0,0.0,53.433,821.037,SYNTHETIC,18.053,2026-10-22T13:00:00+00:00,180.0,2.384
SIMULATION_FORCING,1013.0,0.0,57.986,736.122,SYNTHETIC,18.223,2026-10-22T14:00:00+00:00,180.0,2.235
SIMULATION_FORCING,1013.0,0.0,57.952,601.041,SYNTHETIC,18.053,2026-10-22T15:00:00+00:00,180.0,2.473
SIMULATION_FORCING,1013.0,0.0,64.402,425.0,SYNTHETIC,17.554,2026-10-22T16:00:00+00:00,180.0,1.806
SIMULATION_FORCING,1013.0,0.0,68.529,219.996,SYNTHETIC,16.759,2026-10-22T17:00:00+00:00,180.0,2.019
SIMULATION_FORCING,1013.0,0.0,73.268,0.0,SYNTHETIC,15.723,2026-10-22T18:00:00+00:00,180.0,1.775
SIMULATION_FORCING,1013.0,0.0,70.451,0.0,SYNTHETIC,14.518,2026-10-22T19:00:00+00:00,180.0,1.851
SIMULATION_FORCING,1013.0,0.0,70.858,0.0,SYNTHETIC,13.223,2026-10-22T20:00:00+00:00,180.0,2.043
SIMULATION_FORCING,1013.0,0.0,73.511,0.0,SYNTHETIC,11.929,2026-10-22T21:00:00+00:00,180.0,1.704
SIMULATION_FORCING,1013.0,0.0,72.164,0.0,SYNTHETIC,10.723,2026-10-22T22:00:00+00:00,180.0,2.361
SIMULATION_FORCING,1013.0,0.0,73.037,0.0,SYNTHETIC,9.688,2026-10-22T23:00:00+00:00,180.0,2.091
SIMULATION_FORCING,1013.0,0.0,70.533,0.0,SYNTHETIC,8.763,2026-10-23T00:00:00+00:00,180.0,2.292
SIMULATION_FORCING,1013.0,0.0,70.495,0.0,SYNTHETIC,8.263,2026-10-23T01:00:00+00:00,180.0,1.856
SIMULATION_FORCING,1013.0,0.0,73.636,0.0,SYNTHETIC,8.093,2026-10-23T02:00:00+00:00,180.0,2.376
SIMULATION_FORCING,1013.0,0.0,70.639,0.0,SYNTHETIC,8.263,2026-10-23T03:00:00+00:00,180.0,1.597
SIMULATION_FORCING,1013.0,0.0,71.434,0.0,SYNTHETIC,8.763,2026-10-23T04:00:00+00:00,180.0,1.653
SIMULATION_FORCING,1013.0,0.0,71.0,0.0,SYNTHETIC,9.557,2026-10-23T05:00:00+00:00,180.0,2.169
SIMULATION_FORCING,1013.0,0.0,72.459,0.0,SYNTHETIC,10.593,2026-10-23T06:00:00+00:00,180.0,1.575
SIMULATION_FORCING,1013.0,0.0,69.032,219.996,SYNTHETIC,11.799,2026-10-23T07:00:00+00:00,180.0,2.494
SIMULATION_FORCING,1013.0,0.0,63.977,425.0,SYNTHETIC,13.093,2026-10-23T08:00:00+00:00,180.0,1.784
SIMULATION_FORCING,1013.0,0.0,58.342,601.041,SYNTHETIC,14.387,2026-10-23T09:00:00+00:00,180.0,1.635
SIMULATION_FORCING,1013.0,0.0,57.577,736.122,SYNTHETIC,15.593,2026-10-23T10:00:00+00:00,180.0,2.413
SIMULATION_FORCING,1013.0,0.0,55.948,821.037,SYNTHETIC,16.628,2026-10-23T11:00:00+00:00,180.0,1.869
SIMULATION_FORCING,1013.0,0.0,55.273,850.0,SYNTHETIC,17.423,2026-10-23T12:00:00+00:00,180.0,1.876
SIMULATION_FORCING,1013.0,0.0,53.255,821.037,SYNTHETIC,17.922,2026-10-23T13:00:00+00:00,180.0,1.821
SIMULATION_FORCING,1013.0,0.0,56.426,736.122,SYNTHETIC,18.093,2026-10-23T14:00:00+00:00,180.0,1.692
SIMULATION_FORCING,1013.0,0.0,60.201,601.041,SYNTHETIC,17.922,2026-10-23T15:00:00+00:00,180.0,2.417
SIMULATION_FORCING,1013.0,0.0,61.15,425.0,SYNTHETIC,17.423,2026-10-23T16:00:00+00:00,180.0,2.25
SIMULATION_FORCING,1013.0,0.0,68.586,219.996,SYNTHETIC,16.628,2026-10-23T17:00:00+00:00,180.0,2.324
SIMULATION_FORCING,1013.0,0.0,71.23,0.0,SYNTHETIC,15.593,2026-10-23T18:00:00+00:00,180.0,1.785
SIMULATION_FORCING,1013.0,0.0,73.549,0.0,SYNTHETIC,14.387,2026-10-23T19:00:00+00:00,180.0,2.377
SIMULATION_FORCING,1013.0,0.0,72.17,0.0,SYNTHETIC,13.093,2026-10-23T20:00:00+00:00,180.0,1.943
SIMULATION_FORCING,1013.0,0.0,71.236,0.0,SYNTHETIC,11.799,2026-10-23T21:00:00+00:00,180.0,1.764
SIMULATION_FORCING,1013.0,0.0,71.639,0.0,SYNTHETIC,10.593,2026-10-23T22:00:00+00:00,180.0,2.363
SIMULATION_FORCING,1013.0,0.0,71.946,0.0,SYNTHETIC,9.557,2026-10-23T23:00:00+00:00,180.0,1.793
SIMULATION_FORCING,1013.0,0.0,71.512,0.0,SYNTHETIC,8.634,2026-10-24T00:00:00+00:00,180.0,1.766
SIMULATION_FORCING,1013.0,0.0,72.832,0.0,SYNTHETIC,8.134,2026-10-24T01:00:00+00:00,180.0,2.236
SIMULATION_FORCING,1013.0,0.0,72.235,0.0,SYNTHETIC,7.964,2026-10-24T02:00:00+00:00,180.0,1.552
SIMULATION_FORCING,1013.0,0.0,71.42,0.0,SYNTHETIC,8.134,2026-10-24T03:00:00+00:00,180.0,2.047
SIMULATION_FORCING,1013.0,0.0,70.085,0.0,SYNTHETIC,8.634,2026-10-24T04:00:00+00:00,180.0,2.223
SIMULATION_FORCING,1013.0,0.0,72.761,0.0,SYNTHETIC,9.428,2026-10-24T05:00:00+00:00,180.0,2.007
SIMULATION_FORCING,1013.0,0.0,70.002,0.0,SYNTHETIC,10.464,2026-10-24T06:00:00+00:00,180.0,2.054
SIMULATION_FORCING,1013.0,0.0,67.622,219.996,SYNTHETIC,11.67,2026-10-24T07:00:00+00:00,180.0,1.894
SIMULATION_FORCING,1013.0,0.0,64.626,425.0,SYNTHETIC,12.964,2026-10-24T08:00:00+00:00,180.0,2.116
SIMULATION_FORCING,1013.0,0.0,60.491,601.041,SYNTHETIC,14.258,2026-10-24T09:00:00+00:00,180.0,1.892
SIMULATION_FORCING,1013.0,0.0,56.366,736.122,SYNTHETIC,15.464,2026-10-24T10:00:00+00:00,180.0,1.91
SIMULATION_FORCING,1013.0,0.0,56.415,821.037,SYNTHETIC,16.499,2026-10-24T11:00:00+00:00,180.0,1.792
SIMULATION_FORCING,1013.0,0.0,52.604,850.0,SYNTHETIC,17.294,2026-10-24T12:00:00+00:00,180.0,2.033
SIMULATION_FORCING,1013.0,0.0,55.109,821.037,SYNTHETIC,17.793,2026-10-24T13:00:00+00:00,180.0,2.298
SIMULATION_FORCING,1013.0,0.0,57.547,736.122,SYNTHETIC,17.964,2026-10-24T14:00:00+00:00,180.0,1.516
SIMULATION_FORCING,1013.0,0.0,58.431,601.041,SYNTHETIC,17.793,2026-10-24T15:00:00+00:00,180.0,2.012
SIMULATION_FORCING,1013.0,0.0,63.518,425.0,SYNTHETIC,17.294,2026-10-24T16:00:00+00:00,180.0,1.585
SIMULATION_FORCING,1013.0,0.0,66.521,219.996,SYNTHETIC,16.499,2026-10-24T17:00:00+00:00,180.0,1.771
SIMULATION_FORCING,1013.0,0.0,72.334,0.0,SYNTHETIC,15.464,2026-10-24T18:00:00+00:00,180.0,1.941
SIMULATION_FORCING,1013.0,0.0,71.643,0.0,SYNTHETIC,14.258,2026-10-24T19:00:00+00:00,180.0,2.251
SIMULATION_FORCING,1013.0,0.0,71.71,0.0,SYNTHETIC,12.964,2026-10-24T20:00:00+00:00,180.0,2.14
SIMULATION_FORCING,1013.0,0.0,70.748,0.0,SYNTHETIC,11.67,2026-10-24T21:00:00+00:00,180.0,1.661
SIMULATION_FORCING,1013.0,0.0,73.969,0.0,SYNTHETIC,10.464,2026-10-24T22:00:00+00:00,180.0,2.352
SIMULATION_FORCING,1013.0,0.0,70.538,0.0,SYNTHETIC,9.428,2026-10-24T23:00:00+00:00,180.0,1.61
SIMULATION_FORCING,1013.0,0.0,73.552,0.0,SYNTHETIC,8.506,2026-10-25T00:00:00+00:00,180.0,1.813
SIMULATION_FORCING,1013.0,0.0,73.924,0.0,SYNTHETIC,8.006,2026-10-25T01:00:00+00:00,180.0,2.312
SIMULATION_FORCING,1013.0,0.0,71.838,0.0,SYNTHETIC,7.836,2026-10-25T02:00:00+00:00,180.0,2.482
SIMULATION_FORCING,1013.0,0.0,70.697,0.0,SYNTHETIC,8.006,2026-10-25T03:00:00+00:00,180.0,2.494
SIMULATION_FORCING,1013.0,0.0,71.764,0.0,SYNTHETIC,8.506,2026-10-25T04:00:00+00:00,180.0,1.697
SIMULATION_FORCING,1013.0,0.0,71.031,0.0,SYNTHETIC,9.301,2026-10-25T05:00:00+00:00,180.0,1.582
SIMULATION_FORCING,1013.0,0.0,71.826,0.0,SYNTHETIC,10.336,2026-10-25T06:00:00+00:00,180.0,1.622
SIMULATION_FORCING,1013.0,0.0,66.74,219.996,SYNTHETIC,11.542,2026-10-25T07:00:00+00:00,180.0,1.667
SIMULATION_FORCING,1013.0,0.0,64.558,425.0,SYNTHETIC,12.836,2026-10-25T08:00:00+00:00,180.0,2.004
SIMULATION_FORCING,1013.0,0.0,58.997,601.041,SYNTHETIC,14.13,2026-10-25T09:00:00+00:00,180.0,2.223
SIMULATION_FORCING,1013.0,0.0,57.566,736.122,SYNTHETIC,15.336,2026-10-25T10:00:00+00:00,180.0,1.573
SIMULATION_FORCING,1013.0,0.0,56.394,821.037,SYNTHETIC,16.372,2026-10-25T11:00:00+00:00,180.0,1.578
SIMULATION_FORCING,1013.0,0.0,54.292,850.0,SYNTHETIC,17.166,2026-10-25T12:00:00+00:00,180.0,2.365
SIMULATION_FORCING,1013.0,0.0,54.358,821.037,SYNTHETIC,17.666,2026-10-25T13:00:00+00:00,180.0,2.041
SIMULATION_FORCING,1013.0,0.0,56.615,736.122,SYNTHETIC,17.836,2026-10-25T14:00:00+00:00,180.0,2.39
SIMULATION_FORCING,1013.0,0.0,61.006,601.041,SYNTHETIC,17.666,2026-10-25T15:00:00+00:00,180.0,1.886
SIMULATION_FORCING,1013.0,0.0,63.637,425.0,SYNTHETIC,17.166,2026-10-25T16:00:00+00:00,180.0,1.895
SIMULATION_FORCING,1013.0,0.0,66.405,219.996,SYNTHETIC,16.372,2026-10-25T17:00:00+00:00,180.0,1.832
SIMULATION_FORCING,1013.0,0.0,73.27,0.0,SYNTHETIC,15.336,2026-10-25T18:00:00+00:00,180.0,1.548
SIMULATION_FORCING,1013.0,0.0,73.749,0.0,SYNTHETIC,14.13,2026-10-25T19:00:00+00:00,180.0,2.175
SIMULATION_FORCING,1013.0,0.0,71.873,0.0,SYNTHETIC,12.836,2026-10-25T20:00:00+00:00,180.0,2.214
SIMULATION_FORCING,1013.0,0.0,70.55,0.0,SYNTHETIC,11.542,2026-10-25T21:00:00+00:00,180.0,1.812
SIMULATION_FORCING,1013.0,0.0,71.368,0.0,SYNTHETIC,10.336,2026-10-25T22:00:00+00:00,180.0,1.516
SIMULATION_FORCING,1013.0,0.0,71.966,0.0,SYNTHETIC,9.301,2026-10-25T23:00:00+00:00,180.0,2.125
SIMULATION_FORCING,1013.0,0.0,72.377,0.0,SYNTHETIC,8.38,2026-10-26T00:00:00+00:00,180.0,2.139
SIMULATION_FORCING,1013.0,0.0,72.506,0.0,SYNTHETIC,7.88,2026-10-26T01:00:00+00:00,180.0,2.125
SIMULATION_FORCING,1013.0,0.0,73.816,0.0,SYNTHETIC,7.71,2026-10-26T02:00:00+00:00,180.0,1.676
SIMULATION_FORCING,1013.0,0.0,70.836,0.0,SYNTHETIC,7.88,2026-10-26T03:00:00+00:00,180.0,2.416
SIMULATION_FORCING,1013.0,0.0,71.197,0.0,SYNTHETIC,8.38,2026-10-26T04:00:00+00:00,180.0,1.679
SIMULATION_FORCING,1013.0,0.0,72.655,0.0,SYNTHETIC,9.174,2026-10-26T05:00:00+00:00,180.0,2.491
SIMULATION_FORCING,1013.0,0.0,71.259,0.0,SYNTHETIC,10.21,2026-10-26T06:00:00+00:00,180.0,1.988
SIMULATION_FORCING,1013.0,0.0,68.181,219.996,SYNTHETIC,11.416,2026-10-26T07:00:00+00:00,180.0,2.081
SIMULATION_FORCING,1013.0,0.0,61.058,425.0,SYNTHETIC,12.71,2026-10-26T08:00:00+00:00,180.0,2.3
SIMULATION_FORCING,1013.0,0.0,57.472,601.041,SYNTHETIC,14.004,2026-10-26T09:00:00+00:00,180.0,2.002
SIMULATION_FORCING,1013.0,0.0,54.658,736.122,SYNTHETIC,15.21,2026-10-26T10:00:00+00:00,180.0,1.912
SIMULATION_FORCING,1013.0,0.0,56.276,821.037,SYNTHETIC,16.245,2026-10-26T11:00:00+00:00,180.0,2.442
SIMULATION_FORCING,1013.0,0.0,55.974,850.0,SYNTHETIC,17.04,2026-10-26T12:00:00+00:00,180.0,2.292
SIMULATION_FORCING,1013.0,0.0,56.026,821.037,SYNTHETIC,17.54,2026-10-26T13:00:00+00:00,180.0,1.813
SIMULATION_FORCING,1013.0,0.0,57.734,736.122,SYNTHETIC,17.71,2026-10-26T14:00:00+00:00,180.0,2.244
SIMULATION_FORCING,1013.0,0.0,60.389,601.041,SYNTHETIC,17.54,2026-10-26T15:00:00+00:00,180.0,1.698
SIMULATION_FORCING,1013.0,0.0,64.98,425.0,SYNTHETIC,17.04,2026-10-26T16:00:00+00:00,180.0,1.592
SIMULATION_FORCING,1013.0,0.0,67.881,219.996,SYNTHETIC,16.245,2026-10-26T17:00:00+00:00,180.0,2.364
SIMULATION_FORCING,1013.0,0.0,71.598,0.0,SYNTHETIC,15.21,2026-10-26T18:00:00+00:00,180.0,1.661
SIMULATION_FORCING,1013.0,0.0,71.797,0.0,SYNTHETIC,14.004,2026-10-26T19:00:00+00:00,180.0,2.219
SIMULATION_FORCING,1013.0,0.0,71.899,0.0,SYNTHETIC,12.71,2026-10-26T20:00:00+00:00,180.0,2.421
SIMULATION_FORCING,1013.0,0.0,73.428,0.0,SYNTHETIC,11.416,2026-10-26T21:00:00+00:00,180.0,1.872
SIMULATION_FORCING,1013.0,0.0,72.396,0.0,SYNTHETIC,10.21,2026-10-26T22:00:00+00:00,180.0,2.282
SIMULATION_FORCING,1013.0,0.0,72.48,0.0,SYNTHETIC,9.174,2026-10-26T23:00:00+00:00,180.0,1.725
SIMULATION_FORCING,1013.0,0.0,70.009,0.0,SYNTHETIC,8.255,2026-10-27T00:00:00+00:00,180.0,2.057
SIMULATION_FORCING,1013.0,0.0,73.125,0.0,SYNTHETIC,7.756,2026-10-27T01:00:00+00:00,180.0,1.742
SIMULATION_FORCING,1013.0,0.0,71.901,0.0,SYNTHETIC,7.585,2026-10-27T02:00:00+00:00,180.0,1.686
SIMULATION_FORCING,1013.0,0.0,71.866,0.0,SYNTHETIC,7.756,2026-10-27T03:00:00+00:00,180.0,1.639
SIMULATION_FORCING,1013.0,0.0,70.558,0.0,SYNTHETIC,8.255,2026-10-27T04:00:00+00:00,180.0,1.838
SIMULATION_FORCING,1013.0,0.0,72.314,0.0,SYNTHETIC,9.05,2026-10-27T05:00:00+00:00,180.0,1.629
SIMULATION_FORCING,1013.0,0.0,73.219,0.0,SYNTHETIC,10.085,2026-10-27T06:00:00+00:00,180.0,2.137
SIMULATION_FORCING,1013.0,0.0,68.804,219.996,SYNTHETIC,11.291,2026-10-27T07:00:00+00:00,180.0,1.981
SIMULATION_FORCING,1013.0,0.0,63.117,425.0,SYNTHETIC,12.585,2026-10-27T08:00:00+00:00,180.0,1.503
SIMULATION_FORCING,1013.0,0.0,59.124,601.041,SYNTHETIC,13.879,2026-10-27T09:00:00+00:00,180.0,2.264
SIMULATION_FORCING,1013.0,0.0,57.202,736.122,SYNTHETIC,15.085,2026-10-27T10:00:00+00:00,180.0,2.252
SIMULATION_FORCING,1013.0,0.0,55.74,821.037,SYNTHETIC,16.121,2026-10-27T11:00:00+00:00,180.0,2.279
SIMULATION_FORCING,1013.0,0.0,54.803,850.0,SYNTHETIC,16.916,2026-10-27T12:00:00+00:00,180.0,1.573
SIMULATION_FORCING,1013.0,0.0,54.605,821.037,SYNTHETIC,17.415,2026-10-27T13:00:00+00:00,180.0,2.153
SIMULATION_FORCING,1013.0,0.0,55.48,736.122,SYNTHETIC,17.585,2026-10-27T14:00:00+00:00,180.0,2.03
SIMULATION_FORCING,1013.0,0.0,59.384,601.041,SYNTHETIC,17.415,2026-10-27T15:00:00+00:00,180.0,2.407
SIMULATION_FORCING,1013.0,0.0,61.129,425.0,SYNTHETIC,16.916,2026-10-27T16:00:00+00:00,180.0,1.688
SIMULATION_FORCING,1013.0,0.0,67.045,219.996,SYNTHETIC,16.121,2026-10-27T17:00:00+00:00,180.0,2.192
SIMULATION_FORCING,1013.0,0.0,73.225,0.0,SYNTHETIC,15.085,2026-10-27T18:00:00+00:00,180.0,1.703
SIMULATION_FORCING,1013.0,0.0,72.358,0.0,SYNTHETIC,13.879,2026-10-27T19:00:00+00:00,180.0,2.255
SIMULATION_FORCING,1013.0,0.0,71.43,0.0,SYNTHETIC,12.585,2026-10-27T20:00:00+00:00,180.0,1.814
SIMULATION_FORCING,1013.0,0.0,73.566,0.0,SYNTHETIC,11.291,2026-10-27T21:00:00+00:00,180.0,2.346
SIMULATION_FORCING,1013.0,0.0,72.705,0.0,SYNTHETIC,10.085,2026-10-27T22:00:00+00:00,180.0,2.083
SIMULATION_FORCING,1013.0,0.0,71.805,0.0,SYNTHETIC,9.05,2026-10-27T23:00:00+00:00,180.0,1.624
SIMULATION_FORCING,1013.0,0.0,72.978,0.0,SYNTHETIC,8.132,2026-10-28T00:00:00+00:00,180.0,1.557
SIMULATION_FORCING,1013.0,0.0,70.235,0.0,SYNTHETIC,7.633,2026-10-28T01:00:00+00:00,180.0,1.729
SIMULATION_FORCING,1013.0,0.0,71.727,0.0,SYNTHETIC,7.462,2026-10-28T02:00:00+00:00,180.0,1.649
SIMULATION_FORCING,1013.0,0.0,70.856,0.0,SYNTHETIC,7.633,2026-10-28T03:00:00+00:00,180.0,2.071
SIMULATION_FORCING,1013.0,0.0,70.768,0.0,SYNTHETIC,8.132,2026-10-28T04:00:00+00:00,180.0,1.647
SIMULATION_FORCING,1013.0,0.0,70.763,0.0,SYNTHETIC,8.927,2026-10-28T05:00:00+00:00,180.0,2.061
SIMULATION_FORCING,1013.0,0.0,70.065,0.0,SYNTHETIC,9.962,2026-10-28T06:00:00+00:00,180.0,1.994
SIMULATION_FORCING,1013.0,0.0,66.111,219.996,SYNTHETIC,11.168,2026-10-28T07:00:00+00:00,180.0,1.518
SIMULATION_FORCING,1013.0,0.0,62.445,425.0,SYNTHETIC,12.462,2026-10-28T08:00:00+00:00,180.0,1.888
SIMULATION_FORCING,1013.0,0.0,58.615,601.041,SYNTHETIC,13.757,2026-10-28T09:00:00+00:00,180.0,2.402
SIMULATION_FORCING,1013.0,0.0,54.824,736.122,SYNTHETIC,14.962,2026-10-28T10:00:00+00:00,180.0,1.961
SIMULATION_FORCING,1013.0,0.0,54.914,821.037,SYNTHETIC,15.998,2026-10-28T11:00:00+00:00,180.0,2.013
SIMULATION_FORCING,1013.0,0.0,55.475,850.0,SYNTHETIC,16.793,2026-10-28T12:00:00+00:00,180.0,2.261
SIMULATION_FORCING,1013.0,0.0,56.187,821.037,SYNTHETIC,17.292,2026-10-28T13:00:00+00:00,180.0,1.741
SIMULATION_FORCING,1013.0,0.0,54.655,736.122,SYNTHETIC,17.462,2026-10-28T14:00:00+00:00,180.0,2.101
SIMULATION_FORCING,1013.0,0.0,58.443,601.041,SYNTHETIC,17.292,2026-10-28T15:00:00+00:00,180.0,2.161
SIMULATION_FORCING,1013.0,0.0,62.231,425.0,SYNTHETIC,16.793,2026-10-28T16:00:00+00:00,180.0,2.06
SIMULATION_FORCING,1013.0,0.0,65.398,219.996,SYNTHETIC,15.998,2026-10-28T17:00:00+00:00,180.0,1.558
SIMULATION_FORCING,1013.0,0.0,70.313,0.0,SYNTHETIC,14.962,2026-10-28T18:00:00+00:00,180.0,2.064
SIMULATION_FORCING,1013.0,0.0,70.965,0.0,SYNTHETIC,13.757,2026-10-28T19:00:00+00:00,180.0,2.191
SIMULATION_FORCING,1013.0,0.0,73.397,0.0,SYNTHETIC,12.462,2026-10-28T20:00:00+00:00,180.0,2.127
SIMULATION_FORCING,1013.0,0.0,71.429,0.0,SYNTHETIC,11.168,2026-10-28T21:00:00+00:00,180.0,1.838
SIMULATION_FORCING,1013.0,0.0,71.707,0.0,SYNTHETIC,9.962,2026-10-28T22:00:00+00:00,180.0,1.961
SIMULATION_FORCING,1013.0,0.0,72.437,0.0,SYNTHETIC,8.927,2026-10-28T23:00:00+00:00,180.0,2.149
SIMULATION_FORCING,1013.0,0.0,73.4,0.0,SYNTHETIC,8.011,2026-10-29T00:00:00+00:00,180.0,2.196
SIMULATION_FORCING,1013.0,0.0,73.405,0.0,SYNTHETIC,7.512,2026-10-29T01:00:00+00:00,180.0,2.09
SIMULATION_FORCING,1013.0,0.0,71.608,0.0,SYNTHETIC,7.341,2026-10-29T02:00:00+00:00,180.0,2.173
SIMULATION_FORCING,1013.0,0.0,70.287,0.0,SYNTHETIC,7.512,2026-10-29T03:00:00+00:00,180.0,2.2
SIMULATION_FORCING,1013.0,0.0,71.478,0.0,SYNTHETIC,8.011,2026-10-29T04:00:00+00:00,180.0,1.933
SIMULATION_FORCING,1013.0,0.0,73.141,0.0,SYNTHETIC,8.806,2026-10-29T05:00:00+00:00,180.0,2.0
SIMULATION_FORCING,1013.0,0.0,71.154,0.0,SYNTHETIC,9.841,2026-10-29T06:00:00+00:00,180.0,1.871
SIMULATION_FORCING,1013.0,0.0,66.451,219.996,SYNTHETIC,11.047,2026-10-29T07:00:00+00:00,180.0,2.035
SIMULATION_FORCING,1013.0,0.0,62.541,425.0,SYNTHETIC,12.341,2026-10-29T08:00:00+00:00,180.0,1.602
SIMULATION_FORCING,1013.0,0.0,58.612,601.041,SYNTHETIC,13.635,2026-10-29T09:00:00+00:00,180.0,1.724
SIMULATION_FORCING,1013.0,0.0,54.584,736.122,SYNTHETIC,14.841,2026-10-29T10:00:00+00:00,180.0,2.347
SIMULATION_FORCING,1013.0,0.0,53.749,821.037,SYNTHETIC,15.877,2026-10-29T11:00:00+00:00,180.0,2.374
SIMULATION_FORCING,1013.0,0.0,55.662,850.0,SYNTHETIC,16.671,2026-10-29T12:00:00+00:00,180.0,2.443
SIMULATION_FORCING,1013.0,0.0,53.127,821.037,SYNTHETIC,17.171,2026-10-29T13:00:00+00:00,180.0,2.326
SIMULATION_FORCING,1013.0,0.0,54.582,736.122,SYNTHETIC,17.341,2026-10-29T14:00:00+00:00,180.0,1.603
SIMULATION_FORCING,1013.0,0.0,59.468,601.041,SYNTHETIC,17.171,2026-10-29T15:00:00+00:00,180.0,2.09
SIMULATION_FORCING,1013.0,0.0,63.048,425.0,SYNTHETIC,16.671,2026-10-29T16:00:00+00:00,180.0,1.895
SIMULATION_FORCING,1013.0,0.0,69.096,219.996,SYNTHETIC,15.877,2026-10-29T17:00:00+00:00,180.0,2.046
SIMULATION_FORCING,1013.0,0.0,72.329,0.0,SYNTHETIC,14.841,2026-10-29T18:00:00+00:00,180.0,1.568
SIMULATION_FORCING,1013.0,0.0,73.316,0.0,SYNTHETIC,13.635,2026-10-29T19:00:00+00:00,180.0,2.105
SIMULATION_FORCING,1013.0,0.0,73.897,0.0,SYNTHETIC,12.341,2026-10-29T20:00:00+00:00,180.0,1.617
SIMULATION_FORCING,1013.0,0.0,73.157,0.0,SYNTHETIC,11.047,2026-10-29T21:00:00+00:00,180.0,1.842
SIMULATION_FORCING,1013.0,0.0,71.368,0.0,SYNTHETIC,9.841,2026-10-29T22:00:00+00:00,180.0,1.594
SIMULATION_FORCING,1013.0,0.0,72.415,0.0,SYNTHETIC,8.806,2026-10-29T23:00:00+00:00,180.0,1.6
SIMULATION_FORCING,1013.0,0.0,72.741,0.0,SYNTHETIC,7.891,2026-10-30T00:00:00+00:00,180.0,2.374
SIMULATION_FORCING,1013.0,0.0,71.101,0.0,SYNTHETIC,7.392,2026-10-30T01:00:00+00:00,180.0,2.163
SIMULATION_FORCING,1013.0,0.0,73.626,0.0,SYNTHETIC,7.222,2026-10-30T02:00:00+00:00,180.0,1.649
SIMULATION_FORCING,1013.0,0.0,73.855,0.0,SYNTHETIC,7.392,2026-10-30T03:00:00+00:00,180.0,1.785
SIMULATION_FORCING,1013.0,0.0,71.583,0.0,SYNTHETIC,7.891,2026-10-30T04:00:00+00:00,180.0,2.15
SIMULATION_FORCING,1013.0,0.0,72.868,0.0,SYNTHETIC,8.686,2026-10-30T05:00:00+00:00,180.0,1.761
SIMULATION_FORCING,1013.0,0.0,70.274,0.0,SYNTHETIC,9.722,2026-10-30T06:00:00+00:00,180.0,2.266
SIMULATION_FORCING,1013.0,0.0,66.266,219.996,SYNTHETIC,10.927,2026-10-30T07:00:00+00:00,180.0,1.666
SIMULATION_FORCING,1013.0,0.0,62.013,425.0,SYNTHETIC,12.222,2026-10-30T08:00:00+00:00,180.0,2.311
SIMULATION_FORCING,1013.0,0.0,60.57,601.041,SYNTHETIC,13.516,2026-10-30T09:00:00+00:00,180.0,2.491
SIMULATION_FORCING,1013.0,0.0,55.8,736.122,SYNTHETIC,14.722,2026-10-30T10:00:00+00:00,180.0,1.832
SIMULATION_FORCING,1013.0,0.0,53.639,821.037,SYNTHETIC,15.757,2026-10-30T11:00:00+00:00,180.0,1.698
SIMULATION_FORCING,1013.0,0.0,52.249,850.0,SYNTHETIC,16.552,2026-10-30T12:00:00+00:00,180.0,1.77
SIMULATION_FORCING,1013.0,0.0,55.388,821.037,SYNTHETIC,17.051,2026-10-30T13:00:00+00:00,180.0,1.981
SIMULATION_FORCING,1013.0,0.0,55.234,736.122,SYNTHETIC,17.222,2026-10-30T14:00:00+00:00,180.0,2.252
SIMULATION_FORCING,1013.0,0.0,57.708,601.041,SYNTHETIC,17.051,2026-10-30T15:00:00+00:00,180.0,2.005
SIMULATION_FORCING,1013.0,0.0,61.51,425.0,SYNTHETIC,16.552,2026-10-30T16:00:00+00:00,180.0,2.189
SIMULATION_FORCING,1013.0,0.0,66.244,219.996,SYNTHETIC,15.757,2026-10-30T17:00:00+00:00,180.0,1.932
SIMULATION_FORCING,1013.0,0.0,73.42,0.0,SYNTHETIC,14.722,2026-10-30T18:00:00+00:00,180.0,2.347
SIMULATION_FORCING,1013.0,0.0,72.46,0.0,SYNTHETIC,13.516,2026-10-30T19:00:00+00:00,180.0,2.42
SIMULATION_FORCING,1013.0,0.0,70.096,0.0,SYNTHETIC,12.222,2026-10-30T20:00:00+00:00,180.0,2.375
SIMULATION_FORCING,1013.0,0.0,70.047,0.0,SYNTHETIC,10.927,2026-10-30T21:00:00+00:00,180.0,1.707
SIMULATION_FORCING,1013.0,0.0,70.576,0.0,SYNTHETIC,9.722,2026-10-30T22:00:00+00:00,180.0,1.912
SIMULATION_FORCING,1013.0,0.0,71.63,0.0,SYNTHETIC,8.686,2026-10-30T23:00:00+00:00,180.0,1.811
SIMULATION_FORCING,1013.0,0.0,72.794,0.0,SYNTHETIC,7.773,2026-10-31T00:00:00+00:00,180.0,2.19
SIMULATION_FORCING,1013.0,0.0,72.815,0.0,SYNTHETIC,7.274,2026-10-31T01:00:00+00:00,180.0,1.995
SIMULATION_FORCING,1013.0,0.0,73.143,0.0,SYNTHETIC,7.104,2026-10-31T02:00:00+00:00,180.0,1.619
SIMULATION_FORCING,1013.0,0.0,72.302,0.0,SYNTHETIC,7.274,2026-10-31T03:00:00+00:00,180.0,2.285
SIMULATION_FORCING,1013.0,0.0,70.158,0.0,SYNTHETIC,7.773,2026-10-31T04:00:00+00:00,180.0,2.092
SIMULATION_FORCING,1013.0,0.0,70.647,0.0,SYNTHETIC,8.568,2026-10-31T05:00:00+00:00,180.0,1.582
SIMULATION_FORCING,1013.0,0.0,72.299,0.0,SYNTHETIC,9.604,2026-10-31T06:00:00+00:00,180.0,2.38
SIMULATION_FORCING,1013.0,0.0,67.713,219.996,SYNTHETIC,10.809,2026-10-31T07:00:00+00:00,180.0,1.816
SIMULATION_FORCING,1013.0,0.0,62.869,425.0,SYNTHETIC,12.104,2026-10-31T08:00:00+00:00,180.0,1.888
SIMULATION_FORCING,1013.0,0.0,59.71,601.041,SYNTHETIC,13.398,2026-10-31T09:00:00+00:00,180.0,2.187
SIMULATION_FORCING,1013.0,0.0,55.008,736.122,SYNTHETIC,14.604,2026-10-31T10:00:00+00:00,180.0,2.346
SIMULATION_FORCING,1013.0,0.0,55.392,821.037,SYNTHETIC,15.639,2026-10-31T11:00:00+00:00,180.0,2.128
SIMULATION_FORCING,1013.0,0.0,53.275,850.0,SYNTHETIC,16.434,2026-10-31T12:00:00+00:00,180.0,1.614
SIMULATION_FORCING,1013.0,0.0,55.143,821.037,SYNTHETIC,16.933,2026-10-31T13:00:00+00:00,180.0,2.137
SIMULATION_FORCING,1013.0,0.0,56.242,736.122,SYNTHETIC,17.104,2026-10-31T14:00:00+00:00,180.0,1.643
SIMULATION_FORCING,1013.0,0.0,60.157,601.041,SYNTHETIC,16.933,2026-10-31T15:00:00+00:00,180.0,1.586
SIMULATION_FORCING,1013.0,0.0,63.672,425.0,SYNTHETIC,16.434,2026-10-31T16:00:00+00:00,180.0,1.586
SIMULATION_FORCING,1013.0,0.0,66.379,219.996,SYNTHETIC,15.639,2026-10-31T17:00:00+00:00,180.0,1.923
SIMULATION_FORCING,1013.0,0.0,71.858,0.0,SYNTHETIC,14.604,2026-10-31T18:00:00+00:00,180.0,2.475
SIMULATION_FORCING,1013.0,0.0,72.499,0.0,SYNTHETIC,13.398,2026-10-31T19:00:00+00:00,180.0,2.22
SIMULATION_FORCING,1013.0,0.0,72.274,0.0,SYNTHETIC,12.104,2026-10-31T20:00:00+00:00,180.0,1.73
SIMULATION_FORCING,1013.0,0.0,72.703,0.0,SYNTHETIC,10.809,2026-10-31T21:00:00+00:00,180.0,1.643
SIMULATION_FORCING,1013.0,0.0,70.575,0.0,SYNTHETIC,9.604,2026-10-31T22:00:00+00:00,180.0,2.392
SIMULATION_FORCING,1013.0,0.0,73.013,0.0,SYNTHETIC,8.568,2026-10-31T23:00:00+00:00,180.0,1.712
SIMULATION_FORCING,1013.0,0.0,70.233,0.0,SYNTHETIC,7.657,2026-11-01T00:00:00+00:00,180.0,1.503
SIMULATION_FORCING,1013.0,0.0,71.991,0.0,SYNTHETIC,7.158,2026-11-01T01:00:00+00:00,180.0,2.309
SIMULATION_FORCING,1013.0,0.0,71.194,0.0,SYNTHETIC,6.987,2026-11-01T02:00:00+00:00,180.0,1.744
SIMULATION_FORCING,1013.0,0.0,72.003,0.0,SYNTHETIC,7.158,2026-11-01T03:00:00+00:00,180.0,2.157
SIMULATION_FORCING,1013.0,0.0,71.621,0.0,SYNTHETIC,7.657,2026-11-01T04:00:00+00:00,180.0,2.191
SIMULATION_FORCING,1013.0,0.0,72.249,0.0,SYNTHETIC,8.452,2026-11-01T05:00:00+00:00,180.0,1.948
SIMULATION_FORCING,1013.0,0.0,73.565,0.0,SYNTHETIC,9.487,2026-11-01T06:00:00+00:00,180.0,1.768
SIMULATION_FORCING,1013.0,0.0,67.224,219.996,SYNTHETIC,10.693,2026-11-01T07:00:00+00:00,180.0,1.862
SIMULATION_FORCING,1013.0,0.0,61.342,425.0,SYNTHETIC,11.987,2026-11-01T08:00:00+00:00,180.0,2.208
SIMULATION_FORCING,1013.0,0.0,60.058,601.041,SYNTHETIC,13.282,2026-11-01T09:00:00+00:00,180.0,2.409
SIMULATION_FORCING,1013.0,0.0,56.845,736.122,SYNTHETIC,14.487,2026-11-01T10:00:00+00:00,180.0,1.71
SIMULATION_FORCING,1013.0,0.0,54.833,821.037,SYNTHETIC,15.523,2026-11-01T11:00:00+00:00,180.0,2.222
SIMULATION_FORCING,1013.0,0.0,52.964,850.0,SYNTHETIC,16.318,2026-11-01T12:00:00+00:00,180.0,1.661
SIMULATION_FORCING,1013.0,0.0,54.472,821.037,SYNTHETIC,16.817,2026-11-01T13:00:00+00:00,180.0,2.021
SIMULATION_FORCING,1013.0,0.0,56.962,736.122,SYNTHETIC,16.987,2026-11-01T14:00:00+00:00,180.0,1.736
SIMULATION_FORCING,1013.0,0.0,57.752,601.041,SYNTHETIC,16.817,2026-11-01T15:00:00+00:00,180.0,2.099
SIMULATION_FORCING,1013.0,0.0,61.155,425.0,SYNTHETIC,16.318,2026-11-01T16:00:00+00:00,180.0,2.111
SIMULATION_FORCING,1013.0,0.0,66.873,219.996,SYNTHETIC,15.523,2026-11-01T17:00:00+00:00,180.0,2.301
SIMULATION_FORCING,1013.0,0.0,71.356,0.0,SYNTHETIC,14.487,2026-11-01T18:00:00+00:00,180.0,2.449
SIMULATION_FORCING,1013.0,0.0,72.922,0.0,SYNTHETIC,13.282,2026-11-01T19:00:00+00:00,180.0,1.601
SIMULATION_FORCING,1013.0,0.0,70.195,0.0,SYNTHETIC,11.987,2026-11-01T20:00:00+00:00,180.0,2.032
SIMULATION_FORCING,1013.0,0.0,70.493,0.0,SYNTHETIC,10.693,2026-11-01T21:00:00+00:00,180.0,1.635
SIMULATION_FORCING,1013.0,0.0,73.205,0.0,SYNTHETIC,9.487,2026-11-01T22:00:00+00:00,180.0,1.769
SIMULATION_FORCING,1013.0,0.0,72.909,0.0,SYNTHETIC,8.452,2026-11-01T23:00:00+00:00,180.0,2.278
SIMULATION_FORCING,1013.0,0.0,70.237,0.0,SYNTHETIC,7.543,2026-11-02T00:00:00+00:00,180.0,2.113
SIMULATION_FORCING,1013.0,0.0,73.542,0.0,SYNTHETIC,7.043,2026-11-02T01:00:00+00:00,180.0,2.426
SIMULATION_FORCING,1013.0,0.0,72.965,0.0,SYNTHETIC,6.873,2026-11-02T02:00:00+00:00,180.0,1.764
SIMULATION_FORCING,1013.0,0.0,71.574,0.0,SYNTHETIC,7.043,2026-11-02T03:00:00+00:00,180.0,2.284
SIMULATION_FORCING,1013.0,0.0,72.753,0.0,SYNTHETIC,7.543,2026-11-02T04:00:00+00:00,180.0,2.095
SIMULATION_FORCING,1013.0,0.0,73.884,0.0,SYNTHETIC,8.338,2026-11-02T05:00:00+00:00,180.0,1.929
SIMULATION_FORCING,1013.0,0.0,71.946,0.0,SYNTHETIC,9.373,2026-11-02T06:00:00+00:00,180.0,2.041
SIMULATION_FORCING,1013.0,0.0,68.57,219.996,SYNTHETIC,10.579,2026-11-02T07:00:00+00:00,180.0,1.975
SIMULATION_FORCING,1013.0,0.0,62.905,425.0,SYNTHETIC,11.873,2026-11-02T08:00:00+00:00,180.0,2.178
SIMULATION_FORCING,1013.0,0.0,60.748,601.041,SYNTHETIC,13.167,2026-11-02T09:00:00+00:00,180.0,2.487
SIMULATION_FORCING,1013.0,0.0,56.159,736.122,SYNTHETIC,14.373,2026-11-02T10:00:00+00:00,180.0,1.601
SIMULATION_FORCING,1013.0,0.0,54.889,821.037,SYNTHETIC,15.409,2026-11-02T11:00:00+00:00,180.0,1.794
SIMULATION_FORCING,1013.0,0.0,55.011,850.0,SYNTHETIC,16.203,2026-11-02T12:00:00+00:00,180.0,2.235
SIMULATION_FORCING,1013.0,0.0,56.183,821.037,SYNTHETIC,16.703,2026-11-02T13:00:00+00:00,180.0,2.004
SIMULATION_FORCING,1013.0,0.0,58.082,736.122,SYNTHETIC,16.873,2026-11-02T14:00:00+00:00,180.0,1.647
SIMULATION_FORCING,1013.0,0.0,57.667,601.041,SYNTHETIC,16.703,2026-11-02T15:00:00+00:00,180.0,1.71
SIMULATION_FORCING,1013.0,0.0,64.236,425.0,SYNTHETIC,16.203,2026-11-02T16:00:00+00:00,180.0,2.354
SIMULATION_FORCING,1013.0,0.0,68.237,219.996,SYNTHETIC,15.409,2026-11-02T17:00:00+00:00,180.0,1.735
SIMULATION_FORCING,1013.0,0.0,70.28,0.0,SYNTHETIC,14.373,2026-11-02T18:00:00+00:00,180.0,2.126
SIMULATION_FORCING,1013.0,0.0,73.846,0.0,SYNTHETIC,13.167,2026-11-02T19:00:00+00:00,180.0,1.755
SIMULATION_FORCING,1013.0,0.0,70.249,0.0,SYNTHETIC,11.873,2026-11-02T20:00:00+00:00,180.0,2.196
SIMULATION_FORCING,1013.0,0.0,72.144,0.0,SYNTHETIC,10.579,2026-11-02T21:00:00+00:00,180.0,2.348
SIMULATION_FORCING,1013.0,0.0,70.205,0.0,SYNTHETIC,9.373,2026-11-02T22:00:00+00:00,180.0,2.138
SIMULATION_FORCING,1013.0,0.0,72.135,0.0,SYNTHETIC,8.338,2026-11-02T23:00:00+00:00,180.0,1.705
SIMULATION_FORCING,1013.0,0.0,72.227,0.0,SYNTHETIC,7.43,2026-11-03T00:00:00+00:00,180.0,2.44
SIMULATION_FORCING,1013.0,0.0,72.765,0.0,SYNTHETIC,6.931,2026-11-03T01:00:00+00:00,180.0,2.21
SIMULATION_FORCING,1013.0,0.0,71.49,0.0,SYNTHETIC,6.76,2026-11-03T02:00:00+00:00,180.0,2.035
SIMULATION_FORCING,1013.0,0.0,71.439,0.0,SYNTHETIC,6.931,2026-11-03T03:00:00+00:00,180.0,1.906
SIMULATION_FORCING,1013.0,0.0,73.006,0.0,SYNTHETIC,7.43,2026-11-03T04:00:00+00:00,180.0,1.641
SIMULATION_FORCING,1013.0,0.0,70.753,0.0,SYNTHETIC,8.225,2026-11-03T05:00:00+00:00,180.0,1.921
SIMULATION_FORCING,1013.0,0.0,72.123,0.0,SYNTHETIC,9.26,2026-11-03T06:00:00+00:00,180.0,1.773
SIMULATION_FORCING,1013.0,0.0,68.145,219.996,SYNTHETIC,10.466,2026-11-03T07:00:00+00:00,180.0,1.573
SIMULATION_FORCING,1013.0,0.0,61.524,425.0,SYNTHETIC,11.76,2026-11-03T08:00:00+00:00,180.0,1.988
SIMULATION_FORCING,1013.0,0.0,58.357,601.041,SYNTHETIC,13.055,2026-11-03T09:00:00+00:00,180.0,2.437
SIMULATION_FORCING,1013.0,0.0,56.92,736.122,SYNTHETIC,14.26,2026-11-03T10:00:00+00:00,180.0,1.755
SIMULATION_FORCING,1013.0,0.0,56.465,821.037,SYNTHETIC,15.296,2026-11-03T11:00:00+00:00,180.0,1.938
SIMULATION_FORCING,1013.0,0.0,54.707,850.0,SYNTHETIC,16.091,2026-11-03T12:00:00+00:00,180.0,1.847
SIMULATION_FORCING,1013.0,0.0,53.265,821.037,SYNTHETIC,16.59,2026-11-03T13:00:00+00:00,180.0,1.636
SIMULATION_FORCING,1013.0,0.0,57.1,736.122,SYNTHETIC,16.76,2026-11-03T14:00:00+00:00,180.0,1.882
SIMULATION_FORCING,1013.0,0.0,58.15,601.041,SYNTHETIC,16.59,2026-11-03T15:00:00+00:00,180.0,2.469
SIMULATION_FORCING,1013.0,0.0,64.552,425.0,SYNTHETIC,16.091,2026-11-03T16:00:00+00:00,180.0,1.985
SIMULATION_FORCING,1013.0,0.0,68.997,219.996,SYNTHETIC,15.296,2026-11-03T17:00:00+00:00,180.0,2.245
SIMULATION_FORCING,1013.0,0.0,73.753,0.0,SYNTHETIC,14.26,2026-11-03T18:00:00+00:00,180.0,1.579
SIMULATION_FORCING,1013.0,0.0,72.234,0.0,SYNTHETIC,13.055,2026-11-03T19:00:00+00:00,180.0,2.369
SIMULATION_FORCING,1013.0,0.0,73.749,0.0,SYNTHETIC,11.76,2026-11-03T20:00:00+00:00,180.0,1.556
SIMULATION_FORCING,1013.0,0.0,71.957,0.0,SYNTHETIC,10.466,2026-11-03T21:00:00+00:00,180.0,1.687
SIMULATION_FORCING,1013.0,0.0,73.045,0.0,SYNTHETIC,9.26,2026-11-03T22:00:00+00:00,180.0,2.304
SIMULATION_FORCING,1013.0,0.0,72.04,0.0,SYNTHETIC,8.225,2026-11-03T23:00:00+00:00,180.0,1.901
SIMULATION_FORCING,1013.0,0.0,73.248,0.0,SYNTHETIC,7.32,2026-11-04T00:00:00+00:00,180.0,1.872
SIMULATION_FORCING,1013.0,0.0,73.67,0.0,SYNTHETIC,6.82,2026-11-04T01:00:00+00:00,180.0,1.611
SIMULATION_FORCING,1013.0,0.0,70.921,0.0,SYNTHETIC,6.65,2026-11-04T02:00:00+00:00,180.0,1.854
SIMULATION_FORCING,1013.0,0.0,72.683,0.0,SYNTHETIC,6.82,2026-11-04T03:00:00+00:00,180.0,2.051
SIMULATION_FORCING,1013.0,0.0,72.507,0.0,SYNTHETIC,7.32,2026-11-04T04:00:00+00:00,180.0,2.322
SIMULATION_FORCING,1013.0,0.0,70.495,0.0,SYNTHETIC,8.114,2026-11-04T05:00:00+00:00,180.0,1.562
SIMULATION_FORCING,1013.0,0.0,72.335,0.0,SYNTHETIC,9.15,2026-11-04T06:00:00+00:00,180.0,1.96
SIMULATION_FORCING,1013.0,0.0,66.637,219.996,SYNTHETIC,10.356,2026-11-04T07:00:00+00:00,180.0,1.802
SIMULATION_FORCING,1013.0,0.0,63.934,425.0,SYNTHETIC,11.65,2026-11-04T08:00:00+00:00,180.0,1.914
SIMULATION_FORCING,1013.0,0.0,60.339,601.041,SYNTHETIC,12.944,2026-11-04T09:00:00+00:00,180.0,1.757
SIMULATION_FORCING,1013.0,0.0,57.114,736.122,SYNTHETIC,14.15,2026-11-04T10:00:00+00:00,180.0,1.516
SIMULATION_FORCING,1013.0,0.0,53.108,821.037,SYNTHETIC,15.185,2026-11-04T11:00:00+00:00,180.0,1.893
SIMULATION_FORCING,1013.0,0.0,53.222,850.0,SYNTHETIC,15.98,2026-11-04T12:00:00+00:00,180.0,1.566
SIMULATION_FORCING,1013.0,0.0,53.708,821.037,SYNTHETIC,16.479,2026-11-04T13:00:00+00:00,180.0,2.15
SIMULATION_FORCING,1013.0,0.0,54.999,736.122,SYNTHETIC,16.65,2026-11-04T14:00:00+00:00,180.0,2.0
SIMULATION_FORCING,1013.0,0.0,58.518,601.041,SYNTHETIC,16.479,2026-11-04T15:00:00+00:00,180.0,2.444
SIMULATION_FORCING,1013.0,0.0,63.508,425.0,SYNTHETIC,15.98,2026-11-04T16:00:00+00:00,180.0,2.457
SIMULATION_FORCING,1013.0,0.0,67.644,219.996,SYNTHETIC,15.185,2026-11-04T17:00:00+00:00,180.0,2.0
SIMULATION_FORCING,1013.0,0.0,72.591,0.0,SYNTHETIC,14.15,2026-11-04T18:00:00+00:00,180.0,2.019
SIMULATION_FORCING,1013.0,0.0,72.259,0.0,SYNTHETIC,12.944,2026-11-04T19:00:00+00:00,180.0,1.576
SIMULATION_FORCING,1013.0,0.0,73.153,0.0,SYNTHETIC,11.65,2026-11-04T20:00:00+00:00,180.0,1.756
SIMULATION_FORCING,1013.0,0.0,72.851,0.0,SYNTHETIC,10.356,2026-11-04T21:00:00+00:00,180.0,2.249
SIMULATION_FORCING,1013.0,0.0,70.416,0.0,SYNTHETIC,9.15,2026-11-04T22:00:00+00:00,180.0,2.134
SIMULATION_FORCING,1013.0,0.0,71.974,0.0,SYNTHETIC,8.114,2026-11-04T23:00:00+00:00,180.0,1.585
SIMULATION_FORCING,1013.0,0.0,70.619,0.0,SYNTHETIC,7.211,2026-11-05T00:00:00+00:00,180.0,2.241
SIMULATION_FORCING,1013.0,0.0,72.725,0.0,SYNTHETIC,6.711,2026-11-05T01:00:00+00:00,180.0,2.13
SIMULATION_FORCING,1013.0,0.0,73.17,0.0,SYNTHETIC,6.541,2026-11-05T02:00:00+00:00,180.0,2.168
SIMULATION_FORCING,1013.0,0.0,71.921,0.0,SYNTHETIC,6.711,2026-11-05T03:00:00+00:00,180.0,1.611
SIMULATION_FORCING,1013.0,0.0,72.989,0.0,SYNTHETIC,7.211,2026-11-05T04:00:00+00:00,180.0,2.028
SIMULATION_FORCING,1013.0,0.0,70.186,0.0,SYNTHETIC,8.005,2026-11-05T05:00:00+00:00,180.0,2.452
SIMULATION_FORCING,1013.0,0.0,70.647,0.0,SYNTHETIC,9.041,2026-11-05T06:00:00+00:00,180.0,2.037
SIMULATION_FORCING,1013.0,0.0,67.682,219.996,SYNTHETIC,10.247,2026-11-05T07:00:00+00:00,180.0,2.442
SIMULATION_FORCING,1013.0,0.0,64.49,425.0,SYNTHETIC,11.541,2026-11-05T08:00:00+00:00,180.0,1.541
SIMULATION_FORCING,1013.0,0.0,59.6,601.041,SYNTHETIC,12.835,2026-11-05T09:00:00+00:00,180.0,1.847
SIMULATION_FORCING,1013.0,0.0,57.737,736.122,SYNTHETIC,14.041,2026-11-05T10:00:00+00:00,180.0,1.73
SIMULATION_FORCING,1013.0,0.0,52.658,821.037,SYNTHETIC,15.076,2026-11-05T11:00:00+00:00,180.0,1.579
SIMULATION_FORCING,1013.0,0.0,52.36,850.0,SYNTHETIC,15.871,2026-11-05T12:00:00+00:00,180.0,1.583
SIMULATION_FORCING,1013.0,0.0,55.836,821.037,SYNTHETIC,16.371,2026-11-05T13:00:00+00:00,180.0,2.224
SIMULATION_FORCING,1013.0,0.0,57.739,736.122,SYNTHETIC,16.541,2026-11-05T14:00:00+00:00,180.0,2.121
SIMULATION_FORCING,1013.0,0.0,57.714,601.041,SYNTHETIC,16.371,2026-11-05T15:00:00+00:00,180.0,2.469
SIMULATION_FORCING,1013.0,0.0,62.014,425.0,SYNTHETIC,15.871,2026-11-05T16:00:00+00:00,180.0,1.701
SIMULATION_FORCING,1013.0,0.0,66.522,219.996,SYNTHETIC,15.076,2026-11-05T17:00:00+00:00,180.0,1.718
SIMULATION_FORCING,1013.0,0.0,70.709,0.0,SYNTHETIC,14.041,2026-11-05T18:00:00+00:00,180.0,2.442
SIMULATION_FORCING,1013.0,0.0,71.657,0.0,SYNTHETIC,12.835,2026-11-05T19:00:00+00:00,180.0,2.183
SIMULATION_FORCING,1013.0,0.0,70.995,0.0,SYNTHETIC,11.541,2026-11-05T20:00:00+00:00,180.0,1.913
SIMULATION_FORCING,1013.0,0.0,70.295,0.0,SYNTHETIC,10.247,2026-11-05T21:00:00+00:00,180.0,2.149
SIMULATION_FORCING,1013.0,0.0,71.452,0.0,SYNTHETIC,9.041,2026-11-05T22:00:00+00:00,180.0,2.141
SIMULATION_FORCING,1013.0,0.0,71.073,0.0,SYNTHETIC,8.005,2026-11-05T23:00:00+00:00,180.0,2.31
SIMULATION_FORCING,1013.0,0.0,73.545,0.0,SYNTHETIC,7.104,2026-11-06T00:00:00+00:00,180.0,2.496
SIMULATION_FORCING,1013.0,0.0,73.792,0.0,SYNTHETIC,6.604,2026-11-06T01:00:00+00:00,180.0,2.493
SIMULATION_FORCING,1013.0,0.0,72.144,0.0,SYNTHETIC,6.434,2026-11-06T02:00:00+00:00,180.0,2.422
SIMULATION_FORCING,1013.0,0.0,70.355,0.0,SYNTHETIC,6.604,2026-11-06T03:00:00+00:00,180.0,2.401
SIMULATION_FORCING,1013.0,0.0,73.917,0.0,SYNTHETIC,7.104,2026-11-06T04:00:00+00:00,180.0,1.943
SIMULATION_FORCING,1013.0,0.0,71.164,0.0,SYNTHETIC,7.898,2026-11-06T05:00:00+00:00,180.0,1.771
SIMULATION_FORCING,1013.0,0.0,72.915,0.0,SYNTHETIC,8.934,2026-11-06T06:00:00+00:00,180.0,2.211
SIMULATION_FORCING,1013.0,0.0,66.02,219.996,SYNTHETIC,10.14,2026-11-06T07:00:00+00:00,180.0,2.198
SIMULATION_FORCING,1013.0,0.0,62.572,425.0,SYNTHETIC,11.434,2026-11-06T08:00:00+00:00,180.0,1.983
SIMULATION_FORCING,1013.0,0.0,57.818,601.041,SYNTHETIC,12.728,2026-11-06T09:00:00+00:00,180.0,1.786
SIMULATION_FORCING,1013.0,0.0,56.091,736.122,SYNTHETIC,13.934,2026-11-06T10:00:00+00:00,180.0,1.518
SIMULATION_FORCING,1013.0,0.0,53.773,821.037,SYNTHETIC,14.97,2026-11-06T11:00:00+00:00,180.0,2.482
SIMULATION_FORCING,1013.0,0.0,55.2,850.0,SYNTHETIC,15.764,2026-11-06T12:00:00+00:00,180.0,2.463
SIMULATION_FORCING,1013.0,0.0,53.234,821.037,SYNTHETIC,16.264,2026-11-06T13:00:00+00:00,180.0,2.245
SIMULATION_FORCING,1013.0,0.0,54.945,736.122,SYNTHETIC,16.434,2026-11-06T14:00:00+00:00,180.0,2.467
SIMULATION_FORCING,1013.0,0.0,59.229,601.041,SYNTHETIC,16.264,2026-11-06T15:00:00+00:00,180.0,2.14
SIMULATION_FORCING,1013.0,0.0,63.119,425.0,SYNTHETIC,15.764,2026-11-06T16:00:00+00:00,180.0,1.944
SIMULATION_FORCING,1013.0,0.0,68.554,219.996,SYNTHETIC,14.97,2026-11-06T17:00:00+00:00,180.0,2.282
SIMULATION_FORCING,1013.0,0.0,70.207,0.0,SYNTHETIC,13.934,2026-11-06T18:00:00+00:00,180.0,1.898
SIMULATION_FORCING,1013.0,0.0,71.317,0.0,SYNTHETIC,12.728,2026-11-06T19:00:00+00:00,180.0,1.834
SIMULATION_FORCING,1013.0,0.0,72.243,0.0,SYNTHETIC,11.434,2026-11-06T20:00:00+00:00,180.0,2.345
SIMULATION_FORCING,1013.0,0.0,71.922,0.0,SYNTHETIC,10.14,2026-11-06T21:00:00+00:00,180.0,1.795
SIMULATION_FORCING,1013.0,0.0,73.331,0.0,SYNTHETIC,8.934,2026-11-06T22:00:00+00:00,180.0,2.368
SIMULATION_FORCING,1013.0,0.0,72.718,0.0,SYNTHETIC,7.898,2026-11-06T23:00:00+00:00,180.0,2.057
SIMULATION_FORCING,1013.0,0.0,71.284,0.0,SYNTHETIC,6.999,2026-11-07T00:00:00+00:00,180.0,1.873
SIMULATION_FORCING,1013.0,0.0,73.773,0.0,SYNTHETIC,6.499,2026-11-07T01:00:00+00:00,180.0,1.683
SIMULATION_FORCING,1013.0,0.0,71.64,0.0,SYNTHETIC,6.329,2026-11-07T02:00:00+00:00,180.0,2.132
SIMULATION_FORCING,1013.0,0.0,73.08,0.0,SYNTHETIC,6.499,2026-11-07T03:00:00+00:00,180.0,2.442
SIMULATION_FORCING,1013.0,0.0,72.774,0.0,SYNTHETIC,6.999,2026-11-07T04:00:00+00:00,180.0,1.536
SIMULATION_FORCING,1013.0,0.0,72.681,0.0,SYNTHETIC,7.793,2026-11-07T05:00:00+00:00,180.0,1.762
SIMULATION_FORCING,1013.0,0.0,72.454,0.0,SYNTHETIC,8.829,2026-11-07T06:00:00+00:00,180.0,1.944
SIMULATION_FORCING,1013.0,0.0,68.175,219.996,SYNTHETIC,10.035,2026-11-07T07:00:00+00:00,180.0,2.008
SIMULATION_FORCING,1013.0,0.0,63.987,425.0,SYNTHETIC,11.329,2026-11-07T08:00:00+00:00,180.0,1.791
SIMULATION_FORCING,1013.0,0.0,57.461,601.041,SYNTHETIC,12.623,2026-11-07T09:00:00+00:00,180.0,1.756
SIMULATION_FORCING,1013.0,0.0,54.952,736.122,SYNTHETIC,13.829,2026-11-07T10:00:00+00:00,180.0,1.794
SIMULATION_FORCING,1013.0,0.0,53.98,821.037,SYNTHETIC,14.865,2026-11-07T11:00:00+00:00,180.0,1.67
SIMULATION_FORCING,1013.0,0.0,52.188,850.0,SYNTHETIC,15.659,2026-11-07T12:00:00+00:00,180.0,2.224
SIMULATION_FORCING,1013.0,0.0,55.63,821.037,SYNTHETIC,16.159,2026-11-07T13:00:00+00:00,180.0,2.355
SIMULATION_FORCING,1013.0,0.0,57.485,736.122,SYNTHETIC,16.329,2026-11-07T14:00:00+00:00,180.0,1.861
SIMULATION_FORCING,1013.0,0.0,58.83,601.041,SYNTHETIC,16.159,2026-11-07T15:00:00+00:00,180.0,2.171
SIMULATION_FORCING,1013.0,0.0,64.27,425.0,SYNTHETIC,15.659,2026-11-07T16:00:00+00:00,180.0,2.355
SIMULATION_FORCING,1013.0,0.0,68.493,219.996,SYNTHETIC,14.865,2026-11-07T17:00:00+00:00,180.0,1.695
SIMULATION_FORCING,1013.0,0.0,70.831,0.0,SYNTHETIC,13.829,2026-11-07T18:00:00+00:00,180.0,1.766
SIMULATION_FORCING,1013.0,0.0,72.888,0.0,SYNTHETIC,12.623,2026-11-07T19:00:00+00:00,180.0,2.149
SIMULATION_FORCING,1013.0,0.0,70.181,0.0,SYNTHETIC,11.329,2026-11-07T20:00:00+00:00,180.0,2.356
SIMULATION_FORCING,1013.0,0.0,70.82,0.0,SYNTHETIC,10.035,2026-11-07T21:00:00+00:00,180.0,2.089
SIMULATION_FORCING,1013.0,0.0,72.942,0.0,SYNTHETIC,8.829,2026-11-07T22:00:00+00:00,180.0,2.247
SIMULATION_FORCING,1013.0,0.0,73.842,0.0,SYNTHETIC,7.793,2026-11-07T23:00:00+00:00,180.0,2.148
SIMULATION_FORCING,1013.0,0.0,70.002,0.0,SYNTHETIC,6.896,2026-11-08T00:00:00+00:00,180.0,1.648
SIMULATION_FORCING,1013.0,0.0,72.718,0.0,SYNTHETIC,6.396,2026-11-08T01:00:00+00:00,180.0,1.629
SIMULATION_FORCING,1013.0,0.0,71.656,0.0,SYNTHETIC,6.226,2026-11-08T02:00:00+00:00,180.0,1.686
SIMULATION_FORCING,1013.0,0.0,73.024,0.0,SYNTHETIC,6.396,2026-11-08T03:00:00+00:00,180.0,2.003
SIMULATION_FORCING,1013.0,0.0,71.23,0.0,SYNTHETIC,6.896,2026-11-08T04:00:00+00:00,180.0,2.13
SIMULATION_FORCING,1013.0,0.0,70.847,0.0,SYNTHETIC,7.69,2026-11-08T05:00:00+00:00,180.0,1.603
SIMULATION_FORCING,1013.0,0.0,70.239,0.0,SYNTHETIC,8.726,2026-11-08T06:00:00+00:00,180.0,2.198
SIMULATION_FORCING,1013.0,0.0,66.722,219.996,SYNTHETIC,9.932,2026-11-08T07:00:00+00:00,180.0,1.883
SIMULATION_FORCING,1013.0,0.0,63.353,425.0,SYNTHETIC,11.226,2026-11-08T08:00:00+00:00,180.0,2.342
SIMULATION_FORCING,1013.0,0.0,58.748,601.041,SYNTHETIC,12.52,2026-11-08T09:00:00+00:00,180.0,1.52
SIMULATION_FORCING,1013.0,0.0,56.55,736.122,SYNTHETIC,13.726,2026-11-08T10:00:00+00:00,180.0,1.996
SIMULATION_FORCING,1013.0,0.0,54.447,821.037,SYNTHETIC,14.762,2026-11-08T11:00:00+00:00,180.0,2.201
SIMULATION_FORCING,1013.0,0.0,53.307,850.0,SYNTHETIC,15.556,2026-11-08T12:00:00+00:00,180.0,1.617
SIMULATION_FORCING,1013.0,0.0,55.512,821.037,SYNTHETIC,16.056,2026-11-08T13:00:00+00:00,180.0,2.186
SIMULATION_FORCING,1013.0,0.0,55.64,736.122,SYNTHETIC,16.226,2026-11-08T14:00:00+00:00,180.0,1.637
SIMULATION_FORCING,1013.0,0.0,57.438,601.041,SYNTHETIC,16.056,2026-11-08T15:00:00+00:00,180.0,1.965
SIMULATION_FORCING,1013.0,0.0,64.858,425.0,SYNTHETIC,15.556,2026-11-08T16:00:00+00:00,180.0,2.103
SIMULATION_FORCING,1013.0,0.0,66.13,219.996,SYNTHETIC,14.762,2026-11-08T17:00:00+00:00,180.0,1.531
SIMULATION_FORCING,1013.0,0.0,73.321,0.0,SYNTHETIC,13.726,2026-11-08T18:00:00+00:00,180.0,2.002
SIMULATION_FORCING,1013.0,0.0,70.452,0.0,SYNTHETIC,12.52,2026-11-08T19:00:00+00:00,180.0,2.438
SIMULATION_FORCING,1013.0,0.0,70.426,0.0,SYNTHETIC,11.226,2026-11-08T20:00:00+00:00,180.0,2.347
SIMULATION_FORCING,1013.0,0.0,70.773,0.0,SYNTHETIC,9.932,2026-11-08T21:00:00+00:00,180.0,2.354
SIMULATION_FORCING,1013.0,0.0,73.756,0.0,SYNTHETIC,8.726,2026-11-08T22:00:00+00:00,180.0,1.704
SIMULATION_FORCING,1013.0,0.0,72.241,0.0,SYNTHETIC,7.69,2026-11-08T23:00:00+00:00,180.0,1.606
SIMULATION_FORCING,1013.0,0.0,70.227,0.0,SYNTHETIC,6.795,2026-11-09T00:00:00+00:00,180.0,1.983
SIMULATION_FORCING,1013.0,0.0,71.819,0.0,SYNTHETIC,6.295,2026-11-09T01:00:00+00:00,180.0,2.455
SIMULATION_FORCING,1013.0,0.0,72.814,0.0,SYNTHETIC,6.125,2026-11-09T02:00:00+00:00,180.0,1.812
SIMULATION_FORCING,1013.0,0.0,70.499,0.0,SYNTHETIC,6.295,2026-11-09T03:00:00+00:00,180.0,1.698
SIMULATION_FORCING,1013.0,0.0,73.123,0.0,SYNTHETIC,6.795,2026-11-09T04:00:00+00:00,180.0,1.921
SIMULATION_FORCING,1013.0,0.0,70.436,0.0,SYNTHETIC,7.589,2026-11-09T05:00:00+00:00,180.0,2.36
SIMULATION_FORCING,1013.0,0.0,73.406,0.0,SYNTHETIC,8.625,2026-11-09T06:00:00+00:00,180.0,1.769
SIMULATION_FORCING,1013.0,0.0,65.949,219.996,SYNTHETIC,9.831,2026-11-09T07:00:00+00:00,180.0,2.072
SIMULATION_FORCING,1013.0,0.0,61.393,425.0,SYNTHETIC,11.125,2026-11-09T08:00:00+00:00,180.0,2.372
SIMULATION_FORCING,1013.0,0.0,58.196,601.041,SYNTHETIC,12.419,2026-11-09T09:00:00+00:00,180.0,2.486
SIMULATION_FORCING,1013.0,0.0,57.038,736.122,SYNTHETIC,13.625,2026-11-09T10:00:00+00:00,180.0,2.269
SIMULATION_FORCING,1013.0,0.0,56.307,821.037,SYNTHETIC,14.661,2026-11-09T11:00:00+00:00,180.0,2.441
SIMULATION_FORCING,1013.0,0.0,53.545,850.0,SYNTHETIC,15.455,2026-11-09T12:00:00+00:00,180.0,1.765
SIMULATION_FORCING,1013.0,0.0,54.703,821.037,SYNTHETIC,15.955,2026-11-09T13:00:00+00:00,180.0,2.464
SIMULATION_FORCING,1013.0,0.0,55.658,736.122,SYNTHETIC,16.125,2026-11-09T14:00:00+00:00,180.0,1.707
SIMULATION_FORCING,1013.0,0.0,57.785,601.041,SYNTHETIC,15.955,2026-11-09T15:00:00+00:00,180.0,2.192
SIMULATION_FORCING,1013.0,0.0,63.288,425.0,SYNTHETIC,15.455,2026-11-09T16:00:00+00:00,180.0,2.106
SIMULATION_FORCING,1013.0,0.0,65.536,219.996,SYNTHETIC,14.661,2026-11-09T17:00:00+00:00,180.0,1.893
SIMULATION_FORCING,1013.0,0.0,73.699,0.0,SYNTHETIC,13.625,2026-11-09T18:00:00+00:00,180.0,1.702
SIMULATION_FORCING,1013.0,0.0,73.304,0.0,SYNTHETIC,12.419,2026-11-09T19:00:00+00:00,180.0,2.402
SIMULATION_FORCING,1013.0,0.0,70.563,0.0,SYNTHETIC,11.125,2026-11-09T20:00:00+00:00,180.0,1.54
SIMULATION_FORCING,1013.0,0.0,70.048,0.0,SYNTHETIC,9.831,2026-11-09T21:00:00+00:00,180.0,1.799
SIMULATION_FORCING,1013.0,0.0,70.512,0.0,SYNTHETIC,8.625,2026-11-09T22:00:00+00:00,180.0,2.009
SIMULATION_FORCING,1013.0,0.0,71.098,0.0,SYNTHETIC,7.589,2026-11-09T23:00:00+00:00,180.0,2.241
SIMULATION_FORCING,1013.0,0.0,73.034,0.0,SYNTHETIC,6.696,2026-11-10T00:00:00+00:00,180.0,2.479
SIMULATION_FORCING,1013.0,0.0,70.047,0.0,SYNTHETIC,6.196,2026-11-10T01:00:00+00:00,180.0,1.679
SIMULATION_FORCING,1013.0,0.0,70.497,0.0,SYNTHETIC,6.026,2026-11-10T02:00:00+00:00,180.0,2.337
SIMULATION_FORCING,1013.0,0.0,72.536,0.0,SYNTHETIC,6.196,2026-11-10T03:00:00+00:00,180.0,1.742
SIMULATION_FORCING,1013.0,0.0,70.336,0.0,SYNTHETIC,6.696,2026-11-10T04:00:00+00:00,180.0,1.693
SIMULATION_FORCING,1013.0,0.0,73.208,0.0,SYNTHETIC,7.491,2026-11-10T05:00:00+00:00,180.0,2.483
SIMULATION_FORCING,1013.0,0.0,72.024,0.0,SYNTHETIC,8.526,2026-11-10T06:00:00+00:00,180.0,1.504
SIMULATION_FORCING,1013.0,0.0,67.416,219.996,SYNTHETIC,9.732,2026-11-10T07:00:00+00:00,180.0,1.604
SIMULATION_FORCING,1013.0,0.0,61.202,425.0,SYNTHETIC,11.026,2026-11-10T08:00:00+00:00,180.0,2.448
SIMULATION_FORCING,1013.0,0.0,60.555,601.041,SYNTHETIC,12.32,2026-11-10T09:00:00+00:00,180.0,2.075
SIMULATION_FORCING,1013.0,0.0,55.273,736.122,SYNTHETIC,13.526,2026-11-10T10:00:00+00:00,180.0,1.695
SIMULATION_FORCING,1013.0,0.0,56.361,821.037,SYNTHETIC,14.562,2026-11-10T11:00:00+00:00,180.0,2.002
SIMULATION_FORCING,1013.0,0.0,55.889,850.0,SYNTHETIC,15.356,2026-11-10T12:00:00+00:00,180.0,1.986
SIMULATION_FORCING,1013.0,0.0,54.849,821.037,SYNTHETIC,15.856,2026-11-10T13:00:00+00:00,180.0,1.73
SIMULATION_FORCING,1013.0,0.0,56.145,736.122,SYNTHETIC,16.026,2026-11-10T14:00:00+00:00,180.0,2.039
SIMULATION_FORCING,1013.0,0.0,58.651,601.041,SYNTHETIC,15.856,2026-11-10T15:00:00+00:00,180.0,2.253
SIMULATION_FORCING,1013.0,0.0,61.855,425.0,SYNTHETIC,15.356,2026-11-10T16:00:00+00:00,180.0,1.645
SIMULATION_FORCING,1013.0,0.0,67.841,219.996,SYNTHETIC,14.562,2026-11-10T17:00:00+00:00,180.0,2.182
SIMULATION_FORCING,1013.0,0.0,71.768,0.0,SYNTHETIC,13.526,2026-11-10T18:00:00+00:00,180.0,1.976
SIMULATION_FORCING,1013.0,0.0,71.706,0.0,SYNTHETIC,12.32,2026-11-10T19:00:00+00:00,180.0,2.021
SIMULATION_FORCING,1013.0,0.0,70.844,0.0,SYNTHETIC,11.026,2026-11-10T20:00:00+00:00,180.0,1.594
SIMULATION_FORCING,1013.0,0.0,71.733,0.0,SYNTHETIC,9.732,2026-11-10T21:00:00+00:00,180.0,2.289
SIMULATION_FORCING,1013.0,0.0,70.317,0.0,SYNTHETIC,8.526,2026-11-10T22:00:00+00:00,180.0,2.176
SIMULATION_FORCING,1013.0,0.0,72.381,0.0,SYNTHETIC,7.491,2026-11-10T23:00:00+00:00,180.0,2.155
SIMULATION_FORCING,1013.0,0.0,71.373,0.0,SYNTHETIC,6.599,2026-11-11T00:00:00+00:00,180.0,2.099
SIMULATION_FORCING,1013.0,0.0,71.837,0.0,SYNTHETIC,6.1,2026-11-11T01:00:00+00:00,180.0,1.605
SIMULATION_FORCING,1013.0,0.0,73.914,0.0,SYNTHETIC,5.929,2026-11-11T02:00:00+00:00,180.0,2.24
SIMULATION_FORCING,1013.0,0.0,70.442,0.0,SYNTHETIC,6.1,2026-11-11T03:00:00+00:00,180.0,2.042
SIMULATION_FORCING,1013.0,0.0,71.065,0.0,SYNTHETIC,6.599,2026-11-11T04:00:00+00:00,180.0,2.399
SIMULATION_FORCING,1013.0,0.0,71.437,0.0,SYNTHETIC,7.394,2026-11-11T05:00:00+00:00,180.0,2.381
SIMULATION_FORCING,1013.0,0.0,70.316,0.0,SYNTHETIC,8.429,2026-11-11T06:00:00+00:00,180.0,2.386
SIMULATION_FORCING,1013.0,0.0,66.426,219.996,SYNTHETIC,9.635,2026-11-11T07:00:00+00:00,180.0,1.696
SIMULATION_FORCING,1013.0,0.0,63.128,425.0,SYNTHETIC,10.929,2026-11-11T08:00:00+00:00,180.0,2.232
SIMULATION_FORCING,1013.0,0.0,60.393,601.041,SYNTHETIC,12.223,2026-11-11T09:00:00+00:00,180.0,2.2
SIMULATION_FORCING,1013.0,0.0,57.871,736.122,SYNTHETIC,13.429,2026-11-11T10:00:00+00:00,180.0,2.177
SIMULATION_FORCING,1013.0,0.0,52.758,821.037,SYNTHETIC,14.465,2026-11-11T11:00:00+00:00,180.0,2.03
SIMULATION_FORCING,1013.0,0.0,52.923,850.0,SYNTHETIC,15.259,2026-11-11T12:00:00+00:00,180.0,1.762
SIMULATION_FORCING,1013.0,0.0,53.314,821.037,SYNTHETIC,15.759,2026-11-11T13:00:00+00:00,180.0,2.079
SIMULATION_FORCING,1013.0,0.0,55.629,736.122,SYNTHETIC,15.929,2026-11-11T14:00:00+00:00,180.0,1.973
SIMULATION_FORCING,1013.0,0.0,58.228,601.041,SYNTHETIC,15.759,2026-11-11T15:00:00+00:00,180.0,2.409
SIMULATION_FORCING,1013.0,0.0,62.408,425.0,SYNTHETIC,15.259,2026-11-11T16:00:00+00:00,180.0,2.045
SIMULATION_FORCING,1013.0,0.0,68.513,219.996,SYNTHETIC,14.465,2026-11-11T17:00:00+00:00,180.0,2.487
SIMULATION_FORCING,1013.0,0.0,73.711,0.0,SYNTHETIC,13.429,2026-11-11T18:00:00+00:00,180.0,2.269
SIMULATION_FORCING,1013.0,0.0,73.889,0.0,SYNTHETIC,12.223,2026-11-11T19:00:00+00:00,180.0,1.839
SIMULATION_FORCING,1013.0,0.0,72.761,0.0,SYNTHETIC,10.929,2026-11-11T20:00:00+00:00,180.0,2.433
SIMULATION_FORCING,1013.0,0.0,73.512,0.0,SYNTHETIC,9.635,2026-11-11T21:00:00+00:00,180.0,2.469
SIMULATION_FORCING,1013.0,0.0,71.018,0.0,SYNTHETIC,8.429,2026-11-11T22:00:00+00:00,180.0,2.376
SIMULATION_FORCING,1013.0,0.0,71.852,0.0,SYNTHETIC,7.394,2026-11-11T23:00:00+00:00,180.0,2.45
SIMULATION_FORCING,1013.0,0.0,71.143,0.0,SYNTHETIC,6.504,2026-11-12T00:00:00+00:00,180.0,2.281
SIMULATION_FORCING,1013.0,0.0,73.761,0.0,SYNTHETIC,6.005,2026-11-12T01:00:00+00:00,180.0,1.877
SIMULATION_FORCING,1013.0,0.0,70.499,0.0,SYNTHETIC,5.834,2026-11-12T02:00:00+00:00,180.0,1.636
SIMULATION_FORCING,1013.0,0.0,73.193,0.0,SYNTHETIC,6.005,2026-11-12T03:00:00+00:00,180.0,1.622
SIMULATION_FORCING,1013.0,0.0,70.917,0.0,SYNTHETIC,6.504,2026-11-12T04:00:00+00:00,180.0,1.886
SIMULATION_FORCING,1013.0,0.0,72.136,0.0,SYNTHETIC,7.299,2026-11-12T05:00:00+00:00,180.0,2.466
SIMULATION_FORCING,1013.0,0.0,72.266,0.0,SYNTHETIC,8.334,2026-11-12T06:00:00+00:00,180.0,2.165
SIMULATION_FORCING,1013.0,0.0,65.416,219.996,SYNTHETIC,9.54,2026-11-12T07:00:00+00:00,180.0,1.867
SIMULATION_FORCING,1013.0,0.0,62.448,425.0,SYNTHETIC,10.834,2026-11-12T08:00:00+00:00,180.0,1.892
SIMULATION_FORCING,1013.0,0.0,58.334,601.041,SYNTHETIC,12.128,2026-11-12T09:00:00+00:00,180.0,1.664
SIMULATION_FORCING,1013.0,0.0,54.591,736.122,SYNTHETIC,13.334,2026-11-12T10:00:00+00:00,180.0,1.718
SIMULATION_FORCING,1013.0,0.0,55.973,821.037,SYNTHETIC,14.37,2026-11-12T11:00:00+00:00,180.0,1.653
SIMULATION_FORCING,1013.0,0.0,55.594,850.0,SYNTHETIC,15.164,2026-11-12T12:00:00+00:00,180.0,1.99
SIMULATION_FORCING,1013.0,0.0,55.502,821.037,SYNTHETIC,15.664,2026-11-12T13:00:00+00:00,180.0,2.166
SIMULATION_FORCING,1013.0,0.0,56.133,736.122,SYNTHETIC,15.834,2026-11-12T14:00:00+00:00,180.0,2.121
SIMULATION_FORCING,1013.0,0.0,60.967,601.041,SYNTHETIC,15.664,2026-11-12T15:00:00+00:00,180.0,1.761
SIMULATION_FORCING,1013.0,0.0,62.834,425.0,SYNTHETIC,15.164,2026-11-12T16:00:00+00:00,180.0,2.385
SIMULATION_FORCING,1013.0,0.0,69.05,219.996,SYNTHETIC,14.37,2026-11-12T17:00:00+00:00,180.0,2.43
SIMULATION_FORCING,1013.0,0.0,71.422,0.0,SYNTHETIC,13.334,2026-11-12T18:00:00+00:00,180.0,1.71
SIMULATION_FORCING,1013.0,0.0,73.128,0.0,SYNTHETIC,12.128,2026-11-12T19:00:00+00:00,180.0,2.072
SIMULATION_FORCING,1013.0,0.0,71.264,0.0,SYNTHETIC,10.834,2026-11-12T20:00:00+00:00,180.0,1.691
SIMULATION_FORCING,1013.0,0.0,70.834,0.0,SYNTHETIC,9.54,2026-11-12T21:00:00+00:00,180.0,1.764
SIMULATION_FORCING,1013.0,0.0,70.54,0.0,SYNTHETIC,8.334,2026-11-12T22:00:00+00:00,180.0,2.41
SIMULATION_FORCING,1013.0,0.0,70.744,0.0,SYNTHETIC,7.299,2026-11-12T23:00:00+00:00,180.0,2.429
SIMULATION_FORCING,1013.0,0.0,70.066,0.0,SYNTHETIC,6.412,2026-11-13T00:00:00+00:00,180.0,2.215
SIMULATION_FORCING,1013.0,0.0,71.264,0.0,SYNTHETIC,5.912,2026-11-13T01:00:00+00:00,180.0,1.676
SIMULATION_FORCING,1013.0,0.0,71.981,0.0,SYNTHETIC,5.742,2026-11-13T02:00:00+00:00,180.0,2.392
SIMULATION_FORCING,1013.0,0.0,72.031,0.0,SYNTHETIC,5.912,2026-11-13T03:00:00+00:00,180.0,1.81
SIMULATION_FORCING,1013.0,0.0,72.479,0.0,SYNTHETIC,6.412,2026-11-13T04:00:00+00:00,180.0,2.454
SIMULATION_FORCING,1013.0,0.0,70.139,0.0,SYNTHETIC,7.206,2026-11-13T05:00:00+00:00,180.0,2.182
SIMULATION_FORCING,1013.0,0.0,70.682,0.0,SYNTHETIC,8.242,2026-11-13T06:00:00+00:00,180.0,2.45
SIMULATION_FORCING,1013.0,0.0,68.731,219.996,SYNTHETIC,9.448,2026-11-13T07:00:00+00:00,180.0,1.891
SIMULATION_FORCING,1013.0,0.0,63.644,425.0,SYNTHETIC,10.742,2026-11-13T08:00:00+00:00,180.0,1.937
SIMULATION_FORCING,1013.0,0.0,60.744,601.041,SYNTHETIC,12.036,2026-11-13T09:00:00+00:00,180.0,1.703
SIMULATION_FORCING,1013.0,0.0,57.356,736.122,SYNTHETIC,13.242,2026-11-13T10:00:00+00:00,180.0,1.854
SIMULATION_FORCING,1013.0,0.0,56.578,821.037,SYNTHETIC,14.277,2026-11-13T11:00:00+00:00,180.0,1.739
SIMULATION_FORCING,1013.0,0.0,54.969,850.0,SYNTHETIC,15.072,2026-11-13T12:00:00+00:00,180.0,1.795
SIMULATION_FORCING,1013.0,0.0,52.855,821.037,SYNTHETIC,15.571,2026-11-13T13:00:00+00:00,180.0,2.04
SIMULATION_FORCING,1013.0,0.0,55.873,736.122,SYNTHETIC,15.742,2026-11-13T14:00:00+00:00,180.0,1.56
SIMULATION_FORCING,1013.0,0.0,57.496,601.041,SYNTHETIC,15.571,2026-11-13T15:00:00+00:00,180.0,2.357
SIMULATION_FORCING,1013.0,0.0,64.471,425.0,SYNTHETIC,15.072,2026-11-13T16:00:00+00:00,180.0,1.955
SIMULATION_FORCING,1013.0,0.0,66.477,219.996,SYNTHETIC,14.277,2026-11-13T17:00:00+00:00,180.0,1.577
SIMULATION_FORCING,1013.0,0.0,70.018,0.0,SYNTHETIC,13.242,2026-11-13T18:00:00+00:00,180.0,1.665
SIMULATION_FORCING,1013.0,0.0,73.603,0.0,SYNTHETIC,12.036,2026-11-13T19:00:00+00:00,180.0,1.765
SIMULATION_FORCING,1013.0,0.0,70.909,0.0,SYNTHETIC,10.742,2026-11-13T20:00:00+00:00,180.0,1.852
SIMULATION_FORCING,1013.0,0.0,70.021,0.0,SYNTHETIC,9.448,2026-11-13T21:00:00+00:00,180.0,1.867
SIMULATION_FORCING,1013.0,0.0,71.004,0.0,SYNTHETIC,8.242,2026-11-13T22:00:00+00:00,180.0,2.192
SIMULATION_FORCING,1013.0,0.0,73.002,0.0,SYNTHETIC,7.206,2026-11-13T23:00:00+00:00,180.0,1.965
SIMULATION_FORCING,1013.0,0.0,71.915,0.0,SYNTHETIC,6.321,2026-11-14T00:00:00+00:00,180.0,2.357
SIMULATION_FORCING,1013.0,0.0,73.911,0.0,SYNTHETIC,5.822,2026-11-14T01:00:00+00:00,180.0,2.218
SIMULATION_FORCING,1013.0,0.0,71.605,0.0,SYNTHETIC,5.651,2026-11-14T02:00:00+00:00,180.0,1.647
SIMULATION_FORCING,1013.0,0.0,71.728,0.0,SYNTHETIC,5.822,2026-11-14T03:00:00+00:00,180.0,2.288
SIMULATION_FORCING,1013.0,0.0,72.648,0.0,SYNTHETIC,6.321,2026-11-14T04:00:00+00:00,180.0,1.874
SIMULATION_FORCING,1013.0,0.0,70.714,0.0,SYNTHETIC,7.116,2026-11-14T05:00:00+00:00,180.0,1.625
SIMULATION_FORCING,1013.0,0.0,70.179,0.0,SYNTHETIC,8.151,2026-11-14T06:00:00+00:00,180.0,1.887
SIMULATION_FORCING,1013.0,0.0,68.252,219.996,SYNTHETIC,9.357,2026-11-14T07:00:00+00:00,180.0,1.989
SIMULATION_FORCING,1013.0,0.0,63.653,425.0,SYNTHETIC,10.651,2026-11-14T08:00:00+00:00,180.0,1.621
SIMULATION_FORCING,1013.0,0.0,59.958,601.041,SYNTHETIC,11.945,2026-11-14T09:00:00+00:00,180.0,1.709
SIMULATION_FORCING,1013.0,0.0,56.248,736.122,SYNTHETIC,13.151,2026-11-14T10:00:00+00:00,180.0,1.628
SIMULATION_FORCING,1013.0,0.0,54.679,821.037,SYNTHETIC,14.187,2026-11-14T11:00:00+00:00,180.0,2.356
SIMULATION_FORCING,1013.0,0.0,54.439,850.0,SYNTHETIC,14.981,2026-11-14T12:00:00+00:00,180.0,2.348
SIMULATION_FORCING,1013.0,0.0,55.95,821.037,SYNTHETIC,15.481,2026-11-14T13:00:00+00:00,180.0,2.429
SIMULATION_FORCING,1013.0,0.0,56.302,736.122,SYNTHETIC,15.651,2026-11-14T14:00:00+00:00,180.0,2.386
SIMULATION_FORCING,1013.0,0.0,60.4,601.041,SYNTHETIC,15.481,2026-11-14T15:00:00+00:00,180.0,2.176
SIMULATION_FORCING,1013.0,0.0,61.737,425.0,SYNTHETIC,14.981,2026-11-14T16:00:00+00:00,180.0,2.138
SIMULATION_FORCING,1013.0,0.0,69.121,219.996,SYNTHETIC,14.187,2026-11-14T17:00:00+00:00,180.0,2.162
SIMULATION_FORCING,1013.0,0.0,72.758,0.0,SYNTHETIC,13.151,2026-11-14T18:00:00+00:00,180.0,2.32
SIMULATION_FORCING,1013.0,0.0,72.849,0.0,SYNTHETIC,11.945,2026-11-14T19:00:00+00:00,180.0,2.174
SIMULATION_FORCING,1013.0,0.0,72.732,0.0,SYNTHETIC,10.651,2026-11-14T20:00:00+00:00,180.0,2.171
SIMULATION_FORCING,1013.0,0.0,70.651,0.0,SYNTHETIC,9.357,2026-11-14T21:00:00+00:00,180.0,1.914
SIMULATION_FORCING,1013.0,0.0,70.181,0.0,SYNTHETIC,8.151,2026-11-14T22:00:00+00:00,180.0,2.48
SIMULATION_FORCING,1013.0,0.0,71.59,0.0,SYNTHETIC,7.116,2026-11-14T23:00:00+00:00,180.0,1.603
SIMULATION_FORCING,1013.0,0.0,70.301,0.0,SYNTHETIC,6.233,2026-11-15T00:00:00+00:00,180.0,2.464
SIMULATION_FORCING,1013.0,0.0,70.177,0.0,SYNTHETIC,5.733,2026-11-15T01:00:00+00:00,180.0,2.483
SIMULATION_FORCING,1013.0,0.0,71.621,0.0,SYNTHETIC,5.563,2026-11-15T02:00:00+00:00,180.0,2.137
SIMULATION_FORCING,1013.0,0.0,72.683,0.0,SYNTHETIC,5.733,2026-11-15T03:00:00+00:00,180.0,1.629
SIMULATION_FORCING,1013.0,0.0,73.387,0.0,SYNTHETIC,6.233,2026-11-15T04:00:00+00:00,180.0,2.205
SIMULATION_FORCING,1013.0,0.0,72.554,0.0,SYNTHETIC,7.027,2026-11-15T05:00:00+00:00,180.0,2.362
SIMULATION_FORCING,1013.0,0.0,70.661,0.0,SYNTHETIC,8.063,2026-11-15T06:00:00+00:00,180.0,1.676
SIMULATION_FORCING,1013.0,0.0,66.034,219.996,SYNTHETIC,9.269,2026-11-15T07:00:00+00:00,180.0,2.311
SIMULATION_FORCING,1013.0,0.0,62.706,425.0,SYNTHETIC,10.563,2026-11-15T08:00:00+00:00,180.0,1.889
SIMULATION_FORCING,1013.0,0.0,59.451,601.041,SYNTHETIC,11.857,2026-11-15T09:00:00+00:00,180.0,2.364
SIMULATION_FORCING,1013.0,0.0,57.961,736.122,SYNTHETIC,13.063,2026-11-15T10:00:00+00:00,180.0,1.656
SIMULATION_FORCING,1013.0,0.0,56.379,821.037,SYNTHETIC,14.098,2026-11-15T11:00:00+00:00,180.0,2.351
SIMULATION_FORCING,1013.0,0.0,55.441,850.0,SYNTHETIC,14.893,2026-11-15T12:00:00+00:00,180.0,2.259
SIMULATION_FORCING,1013.0,0.0,54.44,821.037,SYNTHETIC,15.392,2026-11-15T13:00:00+00:00,180.0,1.743
SIMULATION_FORCING,1013.0,0.0,56.007,736.122,SYNTHETIC,15.563,2026-11-15T14:00:00+00:00,180.0,1.527
SIMULATION_FORCING,1013.0,0.0,60.928,601.041,SYNTHETIC,15.392,2026-11-15T15:00:00+00:00,180.0,1.858
SIMULATION_FORCING,1013.0,0.0,62.559,425.0,SYNTHETIC,14.893,2026-11-15T16:00:00+00:00,180.0,1.951
SIMULATION_FORCING,1013.0,0.0,67.541,219.996,SYNTHETIC,14.098,2026-11-15T17:00:00+00:00,180.0,1.832
SIMULATION_FORCING,1013.0,0.0,72.928,0.0,SYNTHETIC,13.063,2026-11-15T18:00:00+00:00,180.0,1.866
SIMULATION_FORCING,1013.0,0.0,71.046,0.0,SYNTHETIC,11.857,2026-11-15T19:00:00+00:00,180.0,1.754
SIMULATION_FORCING,1013.0,0.0,72.022,0.0,SYNTHETIC,10.563,2026-11-15T20:00:00+00:00,180.0,1.67
SIMULATION_FORCING,1013.0,0.0,72.88,0.0,SYNTHETIC,9.269,2026-11-15T21:00:00+00:00,180.0,1.99
SIMULATION_FORCING,1013.0,0.0,71.804,0.0,SYNTHETIC,8.063,2026-11-15T22:00:00+00:00,180.0,1.659
SIMULATION_FORCING,1013.0,0.0,73.978,0.0,SYNTHETIC,7.027,2026-11-15T23:00:00+00:00,180.0,2.194
SIMULATION_FORCING,1013.0,0.0,73.876,0.0,SYNTHETIC,6.147,2026-11-16T00:00:00+00:00,180.0,1.731
SIMULATION_FORCING,1013.0,0.0,73.934,0.0,SYNTHETIC,5.647,2026-11-16T01:00:00+00:00,180.0,1.511
SIMULATION_FORCING,1013.0,0.0,70.423,0.0,SYNTHETIC,5.477,2026-11-16T02:00:00+00:00,180.0,2.315
SIMULATION_FORCING,1013.0,0.0,72.843,0.0,SYNTHETIC,5.647,2026-11-16T03:00:00+00:00,180.0,2.175
SIMULATION_FORCING,1013.0,0.0,72.993,0.0,SYNTHETIC,6.147,2026-11-16T04:00:00+00:00,180.0,1.751
SIMULATION_FORCING,1013.0,0.0,73.154,0.0,SYNTHETIC,6.941,2026-11-16T05:00:00+00:00,180.0,2.461
SIMULATION_FORCING,1013.0,0.0,72.928,0.0,SYNTHETIC,7.977,2026-11-16T06:00:00+00:00,180.0,2.311
SIMULATION_FORCING,1013.0,0.0,68.018,219.996,SYNTHETIC,9.183,2026-11-16T07:00:00+00:00,180.0,1.613
SIMULATION_FORCING,1013.0,0.0,62.793,425.0,SYNTHETIC,10.477,2026-11-16T08:00:00+00:00,180.0,1.541
SIMULATION_FORCING,1013.0,0.0,58.512,601.041,SYNTHETIC,11.771,2026-11-16T09:00:00+00:00,180.0,1.834
SIMULATION_FORCING,1013.0,0.0,55.276,736.122,SYNTHETIC,12.977,2026-11-16T10:00:00+00:00,180.0,1.915
SIMULATION_FORCING,1013.0,0.0,56.102,821.037,SYNTHETIC,14.012,2026-11-16T11:00:00+00:00,180.0,2.017
SIMULATION_FORCING,1013.0,0.0,54.63,850.0,SYNTHETIC,14.807,2026-11-16T12:00:00+00:00,180.0,1.662
SIMULATION_FORCING,1013.0,0.0,56.162,821.037,SYNTHETIC,15.306,2026-11-16T13:00:00+00:00,180.0,2.264
SIMULATION_FORCING,1013.0,0.0,56.333,736.122,SYNTHETIC,15.477,2026-11-16T14:00:00+00:00,180.0,2.374
SIMULATION_FORCING,1013.0,0.0,59.832,601.041,SYNTHETIC,15.306,2026-11-16T15:00:00+00:00,180.0,2.028
SIMULATION_FORCING,1013.0,0.0,62.068,425.0,SYNTHETIC,14.807,2026-11-16T16:00:00+00:00,180.0,1.747
SIMULATION_FORCING,1013.0,0.0,67.011,219.996,SYNTHETIC,14.012,2026-11-16T17:00:00+00:00,180.0,1.608
SIMULATION_FORCING,1013.0,0.0,73.417,0.0,SYNTHETIC,12.977,2026-11-16T18:00:00+00:00,180.0,2.085
SIMULATION_FORCING,1013.0,0.0,70.728,0.0,SYNTHETIC,11.771,2026-11-16T19:00:00+00:00,180.0,1.975
SIMULATION_FORCING,1013.0,0.0,73.332,0.0,SYNTHETIC,10.477,2026-11-16T20:00:00+00:00,180.0,2.25
SIMULATION_FORCING,1013.0,0.0,71.961,0.0,SYNTHETIC,9.183,2026-11-16T21:00:00+00:00,180.0,1.561
SIMULATION_FORCING,1013.0,0.0,71.805,0.0,SYNTHETIC,7.977,2026-11-16T22:00:00+00:00,180.0,1.924
SIMULATION_FORCING,1013.0,0.0,70.243,0.0,SYNTHETIC,6.941,2026-11-16T23:00:00+00:00,180.0,2.194
SIMULATION_FORCING,1013.0,0.0,70.213,0.0,SYNTHETIC,6.063,2026-11-17T00:00:00+00:00,180.0,2.267
SIMULATION_FORCING,1013.0,0.0,71.159,0.0,SYNTHETIC,5.563,2026-11-17T01:00:00+00:00,180.0,1.756
SIMULATION_FORCING,1013.0,0.0,73.631,0.0,SYNTHETIC,5.393,2026-11-17T02:00:00+00:00,180.0,2.003
SIMULATION_FORCING,1013.0,0.0,72.562,0.0,SYNTHETIC,5.563,2026-11-17T03:00:00+00:00,180.0,2.1
SIMULATION_FORCING,1013.0,0.0,71.082,0.0,SYNTHETIC,6.063,2026-11-17T04:00:00+00:00,180.0,2.332
SIMULATION_FORCING,1013.0,0.0,73.378,0.0,SYNTHETIC,6.857,2026-11-17T05:00:00+00:00,180.0,1.745
SIMULATION_FORCING,1013.0,0.0,70.689,0.0,SYNTHETIC,7.893,2026-11-17T06:00:00+00:00,180.0,1.621
SIMULATION_FORCING,1013.0,0.0,66.874,219.996,SYNTHETIC,9.099,2026-11-17T07:00:00+00:00,180.0,2.388
SIMULATION_FORCING,1013.0,0.0,64.306,425.0,SYNTHETIC,10.393,2026-11-17T08:00:00+00:00,180.0,2.017
SIMULATION_FORCING,1013.0,0.0,59.446,601.041,SYNTHETIC,11.687,2026-11-17T09:00:00+00:00,180.0,1.506
SIMULATION_FORCING,1013.0,0.0,55.149,736.122,SYNTHETIC,12.893,2026-11-17T10:00:00+00:00,180.0,2.21
SIMULATION_FORCING,1013.0,0.0,54.67,821.037,SYNTHETIC,13.928,2026-11-17T11:00:00+00:00,180.0,1.972
SIMULATION_FORCING,1013.0,0.0,54.607,850.0,SYNTHETIC,14.723,2026-11-17T12:00:00+00:00,180.0,1.564
SIMULATION_FORCING,1013.0,0.0,53.955,821.037,SYNTHETIC,15.222,2026-11-17T13:00:00+00:00,180.0,1.574
SIMULATION_FORCING,1013.0,0.0,55.567,736.122,SYNTHETIC,15.393,2026-11-17T14:00:00+00:00,180.0,1.829
SIMULATION_FORCING,1013.0,0.0,60.914,601.041,SYNTHETIC,15.222,2026-11-17T15:00:00+00:00,180.0,1.574
SIMULATION_FORCING,1013.0,0.0,61.148,425.0,SYNTHETIC,14.723,2026-11-17T16:00:00+00:00,180.0,2.292
SIMULATION_FORCING,1013.0,0.0,66.958,219.996,SYNTHETIC,13.928,2026-11-17T17:00:00+00:00,180.0,1.838
SIMULATION_FORCING,1013.0,0.0,72.128,0.0,SYNTHETIC,12.893,2026-11-17T18:00:00+00:00,180.0,1.962
SIMULATION_FORCING,1013.0,0.0,71.901,0.0,SYNTHETIC,11.687,2026-11-17T19:00:00+00:00,180.0,2.476
SIMULATION_FORCING,1013.0,0.0,73.96,0.0,SYNTHETIC,10.393,2026-11-17T20:00:00+00:00,180.0,1.75
SIMULATION_FORCING,1013.0,0.0,71.283,0.0,SYNTHETIC,9.099,2026-11-17T21:00:00+00:00,180.0,1.817
SIMULATION_FORCING,1013.0,0.0,72.164,0.0,SYNTHETIC,7.893,2026-11-17T22:00:00+00:00,180.0,1.672
SIMULATION_FORCING,1013.0,0.0,72.333,0.0,SYNTHETIC,6.857,2026-11-17T23:00:00+00:00,180.0,1.534
SIMULATION_FORCING,1013.0,0.0,73.923,0.0,SYNTHETIC,5.981,2026-11-18T00:00:00+00:00,180.0,1.975
SIMULATION_FORCING,1013.0,0.0,70.093,0.0,SYNTHETIC,5.481,2026-11-18T01:00:00+00:00,180.0,2.472
SIMULATION_FORCING,1013.0,0.0,70.323,0.0,SYNTHETIC,5.311,2026-11-18T02:00:00+00:00,180.0,1.944
SIMULATION_FORCING,1013.0,0.0,70.109,0.0,SYNTHETIC,5.481,2026-11-18T03:00:00+00:00,180.0,1.57
SIMULATION_FORCING,1013.0,0.0,72.067,0.0,SYNTHETIC,5.981,2026-11-18T04:00:00+00:00,180.0,2.044
SIMULATION_FORCING,1013.0,0.0,72.194,0.0,SYNTHETIC,6.776,2026-11-18T05:00:00+00:00,180.0,1.908
SIMULATION_FORCING,1013.0,0.0,71.309,0.0,SYNTHETIC,7.811,2026-11-18T06:00:00+00:00,180.0,2.132
SIMULATION_FORCING,1013.0,0.0,67.402,219.996,SYNTHETIC,9.017,2026-11-18T07:00:00+00:00,180.0,1.863
SIMULATION_FORCING,1013.0,0.0,64.8,425.0,SYNTHETIC,10.311,2026-11-18T08:00:00+00:00,180.0,2.209
SIMULATION_FORCING,1013.0,0.0,59.081,601.041,SYNTHETIC,11.605,2026-11-18T09:00:00+00:00,180.0,1.566
SIMULATION_FORCING,1013.0,0.0,56.196,736.122,SYNTHETIC,12.811,2026-11-18T10:00:00+00:00,180.0,1.73
SIMULATION_FORCING,1013.0,0.0,56.245,821.037,SYNTHETIC,13.847,2026-11-18T11:00:00+00:00,180.0,1.92
SIMULATION_FORCING,1013.0,0.0,55.531,850.0,SYNTHETIC,14.641,2026-11-18T12:00:00+00:00,180.0,2.139
SIMULATION_FORCING,1013.0,0.0,52.869,821.037,SYNTHETIC,15.141,2026-11-18T13:00:00+00:00,180.0,2.2
SIMULATION_FORCING,1013.0,0.0,57.105,736.122,SYNTHETIC,15.311,2026-11-18T14:00:00+00:00,180.0,1.837
SIMULATION_FORCING,1013.0,0.0,59.054,601.041,SYNTHETIC,15.141,2026-11-18T15:00:00+00:00,180.0,1.602
SIMULATION_FORCING,1013.0,0.0,64.602,425.0,SYNTHETIC,14.641,2026-11-18T16:00:00+00:00,180.0,1.687
SIMULATION_FORCING,1013.0,0.0,66.57,219.996,SYNTHETIC,13.847,2026-11-18T17:00:00+00:00,180.0,1.79
SIMULATION_FORCING,1013.0,0.0,73.862,0.0,SYNTHETIC,12.811,2026-11-18T18:00:00+00:00,180.0,1.934
SIMULATION_FORCING,1013.0,0.0,71.317,0.0,SYNTHETIC,11.605,2026-11-18T19:00:00+00:00,180.0,2.458
SIMULATION_FORCING,1013.0,0.0,72.756,0.0,SYNTHETIC,10.311,2026-11-18T20:00:00+00:00,180.0,2.31
SIMULATION_FORCING,1013.0,0.0,73.242,0.0,SYNTHETIC,9.017,2026-11-18T21:00:00+00:00,180.0,1.688
SIMULATION_FORCING,1013.0,0.0,71.584,0.0,SYNTHETIC,7.811,2026-11-18T22:00:00+00:00,180.0,2.099
SIMULATION_FORCING,1013.0,0.0,70.451,0.0,SYNTHETIC,6.776,2026-11-18T23:00:00+00:00,180.0,2.114
SIMULATION_FORCING,1013.0,0.0,73.784,0.0,SYNTHETIC,5.902,2026-11-19T00:00:00+00:00,180.0,1.737
SIMULATION_FORCING,1013.0,0.0,70.309,0.0,SYNTHETIC,5.402,2026-11-19T01:00:00+00:00,180.0,2.142
SIMULATION_FORCING,1013.0,0.0,72.961,0.0,SYNTHETIC,5.232,2026-11-19T02:00:00+00:00,180.0,2.216
SIMULATION_FORCING,1013.0,0.0,73.292,0.0,SYNTHETIC,5.402,2026-11-19T03:00:00+00:00,180.0,2.231
SIMULATION_FORCING,1013.0,0.0,73.564,0.0,SYNTHETIC,5.902,2026-11-19T04:00:00+00:00,180.0,2.384
SIMULATION_FORCING,1013.0,0.0,71.0,0.0,SYNTHETIC,6.696,2026-11-19T05:00:00+00:00,180.0,2.489
SIMULATION_FORCING,1013.0,0.0,71.575,0.0,SYNTHETIC,7.732,2026-11-19T06:00:00+00:00,180.0,1.661
SIMULATION_FORCING,1013.0,0.0,66.166,219.996,SYNTHETIC,8.938,2026-11-19T07:00:00+00:00,180.0,1.938
SIMULATION_FORCING,1013.0,0.0,61.098,425.0,SYNTHETIC,10.232,2026-11-19T08:00:00+00:00,180.0,2.167
SIMULATION_FORCING,1013.0,0.0,57.339,601.041,SYNTHETIC,11.526,2026-11-19T09:00:00+00:00,180.0,1.555
SIMULATION_FORCING,1013.0,0.0,55.759,736.122,SYNTHETIC,12.732,2026-11-19T10:00:00+00:00,180.0,1.749
SIMULATION_FORCING,1013.0,0.0,53.042,821.037,SYNTHETIC,13.767,2026-11-19T11:00:00+00:00,180.0,1.553
SIMULATION_FORCING,1013.0,0.0,53.785,850.0,SYNTHETIC,14.562,2026-11-19T12:00:00+00:00,180.0,1.581
SIMULATION_FORCING,1013.0,0.0,54.508,821.037,SYNTHETIC,15.061,2026-11-19T13:00:00+00:00,180.0,1.897
SIMULATION_FORCING,1013.0,0.0,56.276,736.122,SYNTHETIC,15.232,2026-11-19T14:00:00+00:00,180.0,2.138
SIMULATION_FORCING,1013.0,0.0,58.876,601.041,SYNTHETIC,15.061,2026-11-19T15:00:00+00:00,180.0,1.779
SIMULATION_FORCING,1013.0,0.0,62.201,425.0,SYNTHETIC,14.562,2026-11-19T16:00:00+00:00,180.0,1.995
SIMULATION_FORCING,1013.0,0.0,65.402,219.996,SYNTHETIC,13.767,2026-11-19T17:00:00+00:00,180.0,1.732
SIMULATION_FORCING,1013.0,0.0,70.311,0.0,SYNTHETIC,12.732,2026-11-19T18:00:00+00:00,180.0,1.826
SIMULATION_FORCING,1013.0,0.0,71.726,0.0,SYNTHETIC,11.526,2026-11-19T19:00:00+00:00,180.0,1.617
SIMULATION_FORCING,1013.0,0.0,73.375,0.0,SYNTHETIC,10.232,2026-11-19T20:00:00+00:00,180.0,1.864
SIMULATION_FORCING,1013.0,0.0,73.915,0.0,SYNTHETIC,8.938,2026-11-19T21:00:00+00:00,180.0,1.839
SIMULATION_FORCING,1013.0,0.0,72.928,0.0,SYNTHETIC,7.732,2026-11-19T22:00:00+00:00,180.0,1.955
SIMULATION_FORCING,1013.0,0.0,73.565,0.0,SYNTHETIC,6.696,2026-11-19T23:00:00+00:00,180.0,2.213
SIMULATION_FORCING,1013.0,0.0,73.799,0.0,SYNTHETIC,5.825,2026-11-20T00:00:00+00:00,180.0,1.72
SIMULATION_FORCING,1013.0,0.0,71.426,0.0,SYNTHETIC,5.325,2026-11-20T01:00:00+00:00,180.0,1.687
SIMULATION_FORCING,1013.0,0.0,70.999,0.0,SYNTHETIC,5.155,2026-11-20T02:00:00+00:00,180.0,2.427
SIMULATION_FORCING,1013.0,0.0,72.537,0.0,SYNTHETIC,5.325,2026-11-20T03:00:00+00:00,180.0,2.494
SIMULATION_FORCING,1013.0,0.0,70.937,0.0,SYNTHETIC,5.825,2026-11-20T04:00:00+00:00,180.0,2.02
SIMULATION_FORCING,1013.0,0.0,73.058,0.0,SYNTHETIC,6.619,2026-11-20T05:00:00+00:00,180.0,1.585
SIMULATION_FORCING,1013.0,0.0,71.84,0.0,SYNTHETIC,7.655,2026-11-20T06:00:00+00:00,180.0,1.709
SIMULATION_FORCING,1013.0,0.0,68.528,219.996,SYNTHETIC,8.861,2026-11-20T07:00:00+00:00,180.0,2.024
SIMULATION_FORCING,1013.0,0.0,61.568,425.0,SYNTHETIC,10.155,2026-11-20T08:00:00+00:00,180.0,1.934
SIMULATION_FORCING,1013.0,0.0,59.16,601.041,SYNTHETIC,11.449,2026-11-20T09:00:00+00:00,180.0,2.041
SIMULATION_FORCING,1013.0,0.0,57.523,736.122,SYNTHETIC,12.655,2026-11-20T10:00:00+00:00,180.0,1.62
SIMULATION_FORCING,1013.0,0.0,53.555,821.037,SYNTHETIC,13.69,2026-11-20T11:00:00+00:00,180.0,1.883
SIMULATION_FORCING,1013.0,0.0,53.962,850.0,SYNTHETIC,14.485,2026-11-20T12:00:00+00:00,180.0,2.487
SIMULATION_FORCING,1013.0,0.0,54.701,821.037,SYNTHETIC,14.984,2026-11-20T13:00:00+00:00,180.0,1.547
SIMULATION_FORCING,1013.0,0.0,57.629,736.122,SYNTHETIC,15.155,2026-11-20T14:00:00+00:00,180.0,1.632
SIMULATION_FORCING,1013.0,0.0,60.51,601.041,SYNTHETIC,14.984,2026-11-20T15:00:00+00:00,180.0,2.178
SIMULATION_FORCING,1013.0,0.0,63.441,425.0,SYNTHETIC,14.485,2026-11-20T16:00:00+00:00,180.0,2.107
SIMULATION_FORCING,1013.0,0.0,67.476,219.996,SYNTHETIC,13.69,2026-11-20T17:00:00+00:00,180.0,2.431
SIMULATION_FORCING,1013.0,0.0,71.577,0.0,SYNTHETIC,12.655,2026-11-20T18:00:00+00:00,180.0,1.904
SIMULATION_FORCING,1013.0,0.0,71.89,0.0,SYNTHETIC,11.449,2026-11-20T19:00:00+00:00,180.0,1.581
SIMULATION_FORCING,1013.0,0.0,70.383,0.0,SYNTHETIC,10.155,2026-11-20T20:00:00+00:00,180.0,2.441
SIMULATION_FORCING,1013.0,0.0,73.355,0.0,SYNTHETIC,8.861,2026-11-20T21:00:00+00:00,180.0,1.748
SIMULATION_FORCING,1013.0,0.0,70.88,0.0,SYNTHETIC,7.655,2026-11-20T22:00:00+00:00,180.0,2.186
SIMULATION_FORCING,1013.0,0.0,70.676,0.0,SYNTHETIC,6.619,2026-11-20T23:00:00+00:00,180.0,2.446
SIMULATION_FORCING,1013.0,0.0,71.309,0.0,SYNTHETIC,5.75,2026-11-21T00:00:00+00:00,180.0,2.001
SIMULATION_FORCING,1013.0,0.0,71.723,0.0,SYNTHETIC,5.25,2026-11-21T01:00:00+00:00,180.0,2.291
SIMULATION_FORCING,1013.0,0.0,73.27,0.0,SYNTHETIC,5.08,2026-11-21T02:00:00+00:00,180.0,1.791
SIMULATION_FORCING,1013.0,0.0,70.14,0.0,SYNTHETIC,5.25,2026-11-21T03:00:00+00:00,180.0,1.515
SIMULATION_FORCING,1013.0,0.0,71.61,0.0,SYNTHETIC,5.75,2026-11-21T04:00:00+00:00,180.0,1.613
SIMULATION_FORCING,1013.0,0.0,73.708,0.0,SYNTHETIC,6.544,2026-11-21T05:00:00+00:00,180.0,2.288
SIMULATION_FORCING,1013.0,0.0,71.115,0.0,SYNTHETIC,7.58,2026-11-21T06:00:00+00:00,180.0,2.122
SIMULATION_FORCING,1013.0,0.0,68.702,219.996,SYNTHETIC,8.786,2026-11-21T07:00:00+00:00,180.0,1.649
SIMULATION_FORCING,1013.0,0.0,61.678,425.0,SYNTHETIC,10.08,2026-11-21T08:00:00+00:00,180.0,2.496
SIMULATION_FORCING,1013.0,0.0,59.774,601.041,SYNTHETIC,11.374,2026-11-21T09:00:00+00:00,180.0,2.008
SIMULATION_FORCING,1013.0,0.0,56.976,736.122,SYNTHETIC,12.58,2026-11-21T10:00:00+00:00,180.0,2.128
SIMULATION_FORCING,1013.0,0.0,52.635,821.037,SYNTHETIC,13.615,2026-11-21T11:00:00+00:00,180.0,1.529
SIMULATION_FORCING,1013.0,0.0,53.347,850.0,SYNTHETIC,14.41,2026-11-21T12:00:00+00:00,180.0,1.846
SIMULATION_FORCING,1013.0,0.0,52.774,821.037,SYNTHETIC,14.91,2026-11-21T13:00:00+00:00,180.0,1.95
SIMULATION_FORCING,1013.0,0.0,57.645,736.122,SYNTHETIC,15.08,2026-11-21T14:00:00+00:00,180.0,1.727
SIMULATION_FORCING,1013.0,0.0,58.402,601.041,SYNTHETIC,14.91,2026-11-21T15:00:00+00:00,180.0,1.612
SIMULATION_FORCING,1013.0,0.0,63.189,425.0,SYNTHETIC,14.41,2026-11-21T16:00:00+00:00,180.0,1.573
SIMULATION_FORCING,1013.0,0.0,66.198,219.996,SYNTHETIC,13.615,2026-11-21T17:00:00+00:00,180.0,1.986
SIMULATION_FORCING,1013.0,0.0,72.965,0.0,SYNTHETIC,12.58,2026-11-21T18:00:00+00:00,180.0,1.831
SIMULATION_FORCING,1013.0,0.0,71.501,0.0,SYNTHETIC,11.374,2026-11-21T19:00:00+00:00,180.0,2.387
SIMULATION_FORCING,1013.0,0.0,70.567,0.0,SYNTHETIC,10.08,2026-11-21T20:00:00+00:00,180.0,1.767
SIMULATION_FORCING,1013.0,0.0,73.931,0.0,SYNTHETIC,8.786,2026-11-21T21:00:00+00:00,180.0,1.978
SIMULATION_FORCING,1013.0,0.0,71.125,0.0,SYNTHETIC,7.58,2026-11-21T22:00:00+00:00,180.0,2.33
SIMULATION_FORCING,1013.0,0.0,73.947,0.0,SYNTHETIC,6.544,2026-11-21T23:00:00+00:00,180.0,1.501
SIMULATION_FORCING,1013.0,0.0,71.208,0.0,SYNTHETIC,5.677,2026-11-22T00:00:00+00:00,180.0,2.496
SIMULATION_FORCING,1013.0,0.0,70.025,0.0,SYNTHETIC,5.178,2026-11-22T01:00:00+00:00,180.0,2.026
SIMULATION_FORCING,1013.0,0.0,72.831,0.0,SYNTHETIC,5.007,2026-11-22T02:00:00+00:00,180.0,2.326
SIMULATION_FORCING,1013.0,0.0,71.976,0.0,SYNTHETIC,5.178,2026-11-22T03:00:00+00:00,180.0,1.845
SIMULATION_FORCING,1013.0,0.0,71.478,0.0,SYNTHETIC,5.677,2026-11-22T04:00:00+00:00,180.0,1.839
SIMULATION_FORCING,1013.0,0.0,72.365,0.0,SYNTHETIC,6.472,2026-11-22T05:00:00+00:00,180.0,1.646
SIMULATION_FORCING,1013.0,0.0,73.339,0.0,SYNTHETIC,7.507,2026-11-22T06:00:00+00:00,180.0,1.553
SIMULATION_FORCING,1013.0,0.0,67.518,219.996,SYNTHETIC,8.713,2026-11-22T07:00:00+00:00,180.0,2.077
SIMULATION_FORCING,1013.0,0.0,64.147,425.0,SYNTHETIC,10.007,2026-11-22T08:00:00+00:00,180.0,2.136
SIMULATION_FORCING,1013.0,0.0,60.316,601.041,SYNTHETIC,11.302,2026-11-22T09:00:00+00:00,180.0,2.091
SIMULATION_FORCING,1013.0,0.0,56.792,736.122,SYNTHETIC,12.507,2026-11-22T10:00:00+00:00,180.0,1.922
SIMULATION_FORCING,1013.0,0.0,55.266,821.037,SYNTHETIC,13.543,2026-11-22T11:00:00+00:00,180.0,1.626
SIMULATION_FORCING,1013.0,0.0,55.099,850.0,SYNTHETIC,14.338,2026-11-22T12:00:00+00:00,180.0,1.936
SIMULATION_FORCING,1013.0,0.0,54.948,821.037,SYNTHETIC,14.837,2026-11-22T13:00:00+00:00,180.0,2.098
SIMULATION_FORCING,1013.0,0.0,56.332,736.122,SYNTHETIC,15.007,2026-11-22T14:00:00+00:00,180.0,2.22
SIMULATION_FORCING,1013.0,0.0,59.058,601.041,SYNTHETIC,14.837,2026-11-22T15:00:00+00:00,180.0,2.322
SIMULATION_FORCING,1013.0,0.0,61.755,425.0,SYNTHETIC,14.338,2026-11-22T16:00:00+00:00,180.0,2.411
SIMULATION_FORCING,1013.0,0.0,68.464,219.996,SYNTHETIC,13.543,2026-11-22T17:00:00+00:00,180.0,2.373
SIMULATION_FORCING,1013.0,0.0,72.272,0.0,SYNTHETIC,12.507,2026-11-22T18:00:00+00:00,180.0,2.157
SIMULATION_FORCING,1013.0,0.0,73.509,0.0,SYNTHETIC,11.302,2026-11-22T19:00:00+00:00,180.0,2.018
SIMULATION_FORCING,1013.0,0.0,73.21,0.0,SYNTHETIC,10.007,2026-11-22T20:00:00+00:00,180.0,2.323
SIMULATION_FORCING,1013.0,0.0,71.607,0.0,SYNTHETIC,8.713,2026-11-22T21:00:00+00:00,180.0,2.029
SIMULATION_FORCING,1013.0,0.0,70.25,0.0,SYNTHETIC,7.507,2026-11-22T22:00:00+00:00,180.0,2.46
SIMULATION_FORCING,1013.0,0.0,72.721,0.0,SYNTHETIC,6.472,2026-11-22T23:00:00+00:00,180.0,2.374
SIMULATION_FORCING,1013.0,0.0,72.872,0.0,SYNTHETIC,5.607,2026-11-23T00:00:00+00:00,180.0,2.451
SIMULATION_FORCING,1013.0,0.0,70.646,0.0,SYNTHETIC,5.108,2026-11-23T01:00:00+00:00,180.0,2.272
SIMULATION_FORCING,1013.0,0.0,70.565,0.0,SYNTHETIC,4.937,2026-11-23T02:00:00+00:00,180.0,1.971
SIMULATION_FORCING,1013.0,0.0,72.997,0.0,SYNTHETIC,5.108,2026-11-23T03:00:00+00:00,180.0,2.372
SIMULATION_FORCING,1013.0,0.0,71.924,0.0,SYNTHETIC,5.607,2026-11-23T04:00:00+00:00,180.0,2.228
SIMULATION_FORCING,1013.0,0.0,71.592,0.0,SYNTHETIC,6.402,2026-11-23T05:00:00+00:00,180.0,2.152
SIMULATION_FORCING,1013.0,0.0,70.384,0.0,SYNTHETIC,7.437,2026-11-23T06:00:00+00:00,180.0,1.92
SIMULATION_FORCING,1013.0,0.0,66.607,219.996,SYNTHETIC,8.643,2026-11-23T07:00:00+00:00,180.0,2.045
SIMULATION_FORCING,1013.0,0.0,61.476,425.0,SYNTHETIC,9.937,2026-11-23T08:00:00+00:00,180.0,2.249
SIMULATION_FORCING,1013.0,0.0,57.662,601.041,SYNTHETIC,11.232,2026-11-23T09:00:00+00:00,180.0,1.742
SIMULATION_FORCING,1013.0,0.0,57.056,736.122,SYNTHETIC,12.437,2026-11-23T10:00:00+00:00,180.0,2.092
SIMULATION_FORCING,1013.0,0.0,54.441,821.037,SYNTHETIC,13.473,2026-11-23T11:00:00+00:00,180.0,2.045
SIMULATION_FORCING,1013.0,0.0,55.829,850.0,SYNTHETIC,14.268,2026-11-23T12:00:00+00:00,180.0,2.28
SIMULATION_FORCING,1013.0,0.0,53.78,821.037,SYNTHETIC,14.767,2026-11-23T13:00:00+00:00,180.0,1.577
SIMULATION_FORCING,1013.0,0.0,56.681,736.122,SYNTHETIC,14.937,2026-11-23T14:00:00+00:00,180.0,1.55
SIMULATION_FORCING,1013.0,0.0,57.3,601.041,SYNTHETIC,14.767,2026-11-23T15:00:00+00:00,180.0,2.072
SIMULATION_FORCING,1013.0,0.0,62.288,425.0,SYNTHETIC,14.268,2026-11-23T16:00:00+00:00,180.0,1.789
SIMULATION_FORCING,1013.0,0.0,67.24,219.996,SYNTHETIC,13.473,2026-11-23T17:00:00+00:00,180.0,1.651
SIMULATION_FORCING,1013.0,0.0,70.535,0.0,SYNTHETIC,12.437,2026-11-23T18:00:00+00:00,180.0,1.522
SIMULATION_FORCING,1013.0,0.0,71.087,0.0,SYNTHETIC,11.232,2026-11-23T19:00:00+00:00,180.0,1.996
SIMULATION_FORCING,1013.0,0.0,72.399,0.0,SYNTHETIC,9.937,2026-11-23T20:00:00+00:00,180.0,1.939
SIMULATION_FORCING,1013.0,0.0,73.338,0.0,SYNTHETIC,8.643,2026-11-23T21:00:00+00:00,180.0,1.915
SIMULATION_FORCING,1013.0,0.0,70.08,0.0,SYNTHETIC,7.437,2026-11-23T22:00:00+00:00,180.0,1.864
SIMULATION_FORCING,1013.0,0.0,71.277,0.0,SYNTHETIC,6.402,2026-11-23T23:00:00+00:00,180.0,1.823
SIMULATION_FORCING,1013.0,0.0,72.237,0.0,SYNTHETIC,5.54,2026-11-24T00:00:00+00:00,180.0,2.306
SIMULATION_FORCING,1013.0,0.0,71.76,0.0,SYNTHETIC,5.04,2026-11-24T01:00:00+00:00,180.0,2.234
SIMULATION_FORCING,1013.0,0.0,73.695,0.0,SYNTHETIC,4.87,2026-11-24T02:00:00+00:00,180.0,1.988
SIMULATION_FORCING,1013.0,0.0,70.528,0.0,SYNTHETIC,5.04,2026-11-24T03:00:00+00:00,180.0,1.596
SIMULATION_FORCING,1013.0,0.0,73.987,0.0,SYNTHETIC,5.54,2026-11-24T04:00:00+00:00,180.0,1.545
SIMULATION_FORCING,1013.0,0.0,70.479,0.0,SYNTHETIC,6.334,2026-11-24T05:00:00+00:00,180.0,2.353
SIMULATION_FORCING,1013.0,0.0,72.973,0.0,SYNTHETIC,7.37,2026-11-24T06:00:00+00:00,180.0,2.016
SIMULATION_FORCING,1013.0,0.0,65.897,219.996,SYNTHETIC,8.576,2026-11-24T07:00:00+00:00,180.0,2.288
SIMULATION_FORCING,1013.0,0.0,64.434,425.0,SYNTHETIC,9.87,2026-11-24T08:00:00+00:00,180.0,1.989
SIMULATION_FORCING,1013.0,0.0,59.897,601.041,SYNTHETIC,11.164,2026-11-24T09:00:00+00:00,180.0,1.652
SIMULATION_FORCING,1013.0,0.0,54.495,736.122,SYNTHETIC,12.37,2026-11-24T10:00:00+00:00,180.0,1.554
SIMULATION_FORCING,1013.0,0.0,56.401,821.037,SYNTHETIC,13.405,2026-11-24T11:00:00+00:00,180.0,2.253
SIMULATION_FORCING,1013.0,0.0,52.158,850.0,SYNTHETIC,14.2,2026-11-24T12:00:00+00:00,180.0,2.178
SIMULATION_FORCING,1013.0,0.0,56.174,821.037,SYNTHETIC,14.699,2026-11-24T13:00:00+00:00,180.0,1.955
SIMULATION_FORCING,1013.0,0.0,57.595,736.122,SYNTHETIC,14.87,2026-11-24T14:00:00+00:00,180.0,2.357
SIMULATION_FORCING,1013.0,0.0,60.681,601.041,SYNTHETIC,14.699,2026-11-24T15:00:00+00:00,180.0,2.213
SIMULATION_FORCING,1013.0,0.0,61.592,425.0,SYNTHETIC,14.2,2026-11-24T16:00:00+00:00,180.0,2.222
SIMULATION_FORCING,1013.0,0.0,67.775,219.996,SYNTHETIC,13.405,2026-11-24T17:00:00+00:00,180.0,2.168
SIMULATION_FORCING,1013.0,0.0,73.609,0.0,SYNTHETIC,12.37,2026-11-24T18:00:00+00:00,180.0,2.321
SIMULATION_FORCING,1013.0,0.0,72.677,0.0,SYNTHETIC,11.164,2026-11-24T19:00:00+00:00,180.0,2.212
SIMULATION_FORCING,1013.0,0.0,70.422,0.0,SYNTHETIC,9.87,2026-11-24T20:00:00+00:00,180.0,2.287
SIMULATION_FORCING,1013.0,0.0,73.856,0.0,SYNTHETIC,8.576,2026-11-24T21:00:00+00:00,180.0,2.023
SIMULATION_FORCING,1013.0,0.0,71.761,0.0,SYNTHETIC,7.37,2026-11-24T22:00:00+00:00,180.0,2.092
SIMULATION_FORCING,1013.0,0.0,73.422,0.0,SYNTHETIC,6.334,2026-11-24T23:00:00+00:00,180.0,2.381
SIMULATION_FORCING,1013.0,0.0,71.548,0.0,SYNTHETIC,5.474,2026-11-25T00:00:00+00:00,180.0,2.484
SIMULATION_FORCING,1013.0,0.0,70.927,0.0,SYNTHETIC,4.975,2026-11-25T01:00:00+00:00,180.0,2.153
SIMULATION_FORCING,1013.0,0.0,71.763,0.0,SYNTHETIC,4.805,2026-11-25T02:00:00+00:00,180.0,1.52
SIMULATION_FORCING,1013.0,0.0,73.109,0.0,SYNTHETIC,4.975,2026-11-25T03:00:00+00:00,180.0,1.596
SIMULATION_FORCING,1013.0,0.0,70.807,0.0,SYNTHETIC,5.474,2026-11-25T04:00:00+00:00,180.0,2.462
SIMULATION_FORCING,1013.0,0.0,70.172,0.0,SYNTHETIC,6.269,2026-11-25T05:00:00+00:00,180.0,1.848
SIMULATION_FORCING,1013.0,0.0,71.718,0.0,SYNTHETIC,7.305,2026-11-25T06:00:00+00:00,180.0,2.124
SIMULATION_FORCING,1013.0,0.0,65.486,219.996,SYNTHETIC,8.51,2026-11-25T07:00:00+00:00,180.0,1.568
SIMULATION_FORCING,1013.0,0.0,64.582,425.0,SYNTHETIC,9.805,2026-11-25T08:00:00+00:00,180.0,2.212
SIMULATION_FORCING,1013.0,0.0,59.485,601.041,SYNTHETIC,11.099,2026-11-25T09:00:00+00:00,180.0,1.864
SIMULATION_FORCING,1013.0,0.0,55.992,736.122,SYNTHETIC,12.305,2026-11-25T10:00:00+00:00,180.0,2.343
SIMULATION_FORCING,1013.0,0.0,53.837,821.037,SYNTHETIC,13.34,2026-11-25T11:00:00+00:00,180.0,1.589
SIMULATION_FORCING,1013.0,0.0,55.642,850.0,SYNTHETIC,14.135,2026-11-25T12:00:00+00:00,180.0,1.529
SIMULATION_FORCING,1013.0,0.0,56.524,821.037,SYNTHETIC,14.634,2026-11-25T13:00:00+00:00,180.0,2.341
SIMULATION_FORCING,1013.0,0.0,56.7,736.122,SYNTHETIC,14.805,2026-11-25T14:00:00+00:00,180.0,1.892
SIMULATION_FORCING,1013.0,0.0,59.555,601.041,SYNTHETIC,14.634,2026-11-25T15:00:00+00:00,180.0,2.242
SIMULATION_FORCING,1013.0,0.0,64.886,425.0,SYNTHETIC,14.135,2026-11-25T16:00:00+00:00,180.0,1.591
SIMULATION_FORCING,1013.0,0.0,66.342,219.996,SYNTHETIC,13.34,2026-11-25T17:00:00+00:00,180.0,1.99
SIMULATION_FORCING,1013.0,0.0,71.379,0.0,SYNTHETIC,12.305,2026-11-25T18:00:00+00:00,180.0,2.495
SIMULATION_FORCING,1013.0,0.0,70.109,0.0,SYNTHETIC,11.099,2026-11-25T19:00:00+00:00,180.0,2.189
SIMULATION_FORCING,1013.0,0.0,73.002,0.0,SYNTHETIC,9.805,2026-11-25T20:00:00+00:00,180.0,1.996
SIMULATION_FORCING,1013.0,0.0,72.531,0.0,SYNTHETIC,8.51,2026-11-25T21:00:00+00:00,180.0,1.749
SIMULATION_FORCING,1013.0,0.0,73.515,0.0,SYNTHETIC,7.305,2026-11-25T22:00:00+00:00,180.0,1.556
SIMULATION_FORCING,1013.0,0.0,71.169,0.0,SYNTHETIC,6.269,2026-11-25T23:00:00+00:00,180.0,1.525
SIMULATION_FORCING,1013.0,0.0,72.93,0.0,SYNTHETIC,5.412,2026-11-26T00:00:00+00:00,180.0,1.784
SIMULATION_FORCING,1013.0,0.0,72.433,0.0,SYNTHETIC,4.912,2026-11-26T01:00:00+00:00,180.0,2.406
SIMULATION_FORCING,1013.0,0.0,70.451,0.0,SYNTHETIC,4.742,2026-11-26T02:00:00+00:00,180.0,2.47
SIMULATION_FORCING,1013.0,0.0,73.048,0.0,SYNTHETIC,4.912,2026-11-26T03:00:00+00:00,180.0,2.32
SIMULATION_FORCING,1013.0,0.0,71.33,0.0,SYNTHETIC,5.412,2026-11-26T04:00:00+00:00,180.0,2.44
SIMULATION_FORCING,1013.0,0.0,73.73,0.0,SYNTHETIC,6.206,2026-11-26T05:00:00+00:00,180.0,1.645
SIMULATION_FORCING,1013.0,0.0,72.287,0.0,SYNTHETIC,7.242,2026-11-26T06:00:00+00:00,180.0,1.572
SIMULATION_FORCING,1013.0,0.0,66.203,219.996,SYNTHETIC,8.448,2026-11-26T07:00:00+00:00,180.0,1.61
SIMULATION_FORCING,1013.0,0.0,64.755,425.0,SYNTHETIC,9.742,2026-11-26T08:00:00+00:00,180.0,1.886
SIMULATION_FORCING,1013.0,0.0,59.963,601.041,SYNTHETIC,11.036,2026-11-26T09:00:00+00:00,180.0,1.707
SIMULATION_FORCING,1013.0,0.0,56.698,736.122,SYNTHETIC,12.242,2026-11-26T10:00:00+00:00,180.0,1.69
SIMULATION_FORCING,1013.0,0.0,54.422,821.037,SYNTHETIC,13.277,2026-11-26T11:00:00+00:00,180.0,2.471
SIMULATION_FORCING,1013.0,0.0,53.769,850.0,SYNTHETIC,14.072,2026-11-26T12:00:00+00:00,180.0,1.934
SIMULATION_FORCING,1013.0,0.0,54.338,821.037,SYNTHETIC,14.571,2026-11-26T13:00:00+00:00,180.0,2.133
SIMULATION_FORCING,1013.0,0.0,54.907,736.122,SYNTHETIC,14.742,2026-11-26T14:00:00+00:00,180.0,1.645
SIMULATION_FORCING,1013.0,0.0,61.221,601.041,SYNTHETIC,14.571,2026-11-26T15:00:00+00:00,180.0,1.784
SIMULATION_FORCING,1013.0,0.0,62.667,425.0,SYNTHETIC,14.072,2026-11-26T16:00:00+00:00,180.0,1.526
SIMULATION_FORCING,1013.0,0.0,67.061,219.996,SYNTHETIC,13.277,2026-11-26T17:00:00+00:00,180.0,2.0
SIMULATION_FORCING,1013.0,0.0,70.033,0.0,SYNTHETIC,12.242,2026-11-26T18:00:00+00:00,180.0,2.364
SIMULATION_FORCING,1013.0,0.0,73.224,0.0,SYNTHETIC,11.036,2026-11-26T19:00:00+00:00,180.0,1.591
SIMULATION_FORCING,1013.0,0.0,70.552,0.0,SYNTHETIC,9.742,2026-11-26T20:00:00+00:00,180.0,2.268
SIMULATION_FORCING,1013.0,0.0,71.599,0.0,SYNTHETIC,8.448,2026-11-26T21:00:00+00:00,180.0,2.314
SIMULATION_FORCING,1013.0,0.0,73.16,0.0,SYNTHETIC,7.242,2026-11-26T22:00:00+00:00,180.0,2.497
SIMULATION_FORCING,1013.0,0.0,70.712,0.0,SYNTHETIC,6.206,2026-11-26T23:00:00+00:00,180.0,2.31
SIMULATION_FORCING,1013.0,0.0,71.463,0.0,SYNTHETIC,5.351,2026-11-27T00:00:00+00:00,180.0,1.965
SIMULATION_FORCING,1013.0,0.0,73.167,0.0,SYNTHETIC,4.852,2026-11-27T01:00:00+00:00,180.0,1.688
SIMULATION_FORCING,1013.0,0.0,70.11,0.0,SYNTHETIC,4.681,2026-11-27T02:00:00+00:00,180.0,2.097
SIMULATION_FORCING,1013.0,0.0,71.195,0.0,SYNTHETIC,4.852,2026-11-27T03:00:00+00:00,180.0,2.35
SIMULATION_FORCING,1013.0,0.0,72.338,0.0,SYNTHETIC,5.351,2026-11-27T04:00:00+00:00,180.0,1.584
SIMULATION_FORCING,1013.0,0.0,73.789,0.0,SYNTHETIC,6.146,2026-11-27T05:00:00+00:00,180.0,2.145
SIMULATION_FORCING,1013.0,0.0,71.712,0.0,SYNTHETIC,7.181,2026-11-27T06:00:00+00:00,180.0,1.973
SIMULATION_FORCING,1013.0,0.0,66.212,219.996,SYNTHETIC,8.387,2026-11-27T07:00:00+00:00,180.0,2.439
SIMULATION_FORCING,1013.0,0.0,63.921,425.0,SYNTHETIC,9.681,2026-11-27T08:00:00+00:00,180.0,1.868
SIMULATION_FORCING,1013.0,0.0,60.356,601.041,SYNTHETIC,10.975,2026-11-27T09:00:00+00:00,180.0,1.702
SIMULATION_FORCING,1013.0,0.0,55.886,736.122,SYNTHETIC,12.181,2026-11-27T10:00:00+00:00,180.0,2.253
SIMULATION_FORCING,1013.0,0.0,55.464,821.037,SYNTHETIC,13.217,2026-11-27T11:00:00+00:00,180.0,1.649
SIMULATION_FORCING,1013.0,0.0,53.83,850.0,SYNTHETIC,14.012,2026-11-27T12:00:00+00:00,180.0,1.614
SIMULATION_FORCING,1013.0,0.0,54.037,821.037,SYNTHETIC,14.511,2026-11-27T13:00:00+00:00,180.0,2.463
SIMULATION_FORCING,1013.0,0.0,57.339,736.122,SYNTHETIC,14.681,2026-11-27T14:00:00+00:00,180.0,2.282
SIMULATION_FORCING,1013.0,0.0,61.213,601.041,SYNTHETIC,14.511,2026-11-27T15:00:00+00:00,180.0,2.077
SIMULATION_FORCING,1013.0,0.0,64.646,425.0,SYNTHETIC,14.012,2026-11-27T16:00:00+00:00,180.0,2.282
SIMULATION_FORCING,1013.0,0.0,67.445,219.996,SYNTHETIC,13.217,2026-11-27T17:00:00+00:00,180.0,2.395
SIMULATION_FORCING,1013.0,0.0,71.242,0.0,SYNTHETIC,12.181,2026-11-27T18:00:00+00:00,180.0,2.356
SIMULATION_FORCING,1013.0,0.0,70.675,0.0,SYNTHETIC,10.975,2026-11-27T19:00:00+00:00,180.0,1.503
SIMULATION_FORCING,1013.0,0.0,72.404,0.0,SYNTHETIC,9.681,2026-11-27T20:00:00+00:00,180.0,1.706
SIMULATION_FORCING,1013.0,0.0,72.971,0.0,SYNTHETIC,8.387,2026-11-27T21:00:00+00:00,180.0,1.719
SIMULATION_FORCING,1013.0,0.0,72.735,0.0,SYNTHETIC,7.181,2026-11-27T22:00:00+00:00,180.0,1.624
SIMULATION_FORCING,1013.0,0.0,71.273,0.0,SYNTHETIC,6.146,2026-11-27T23:00:00+00:00,180.0,2.047
SIMULATION_FORCING,1013.0,0.0,70.117,0.0,SYNTHETIC,5.293,2026-11-28T00:00:00+00:00,180.0,1.626
SIMULATION_FORCING,1013.0,0.0,73.635,0.0,SYNTHETIC,4.794,2026-11-28T01:00:00+00:00,180.0,2.26
SIMULATION_FORCING,1013.0,0.0,70.157,0.0,SYNTHETIC,4.623,2026-11-28T02:00:00+00:00,180.0,1.816
SIMULATION_FORCING,1013.0,0.0,70.282,0.0,SYNTHETIC,4.794,2026-11-28T03:00:00+00:00,180.0,2.082
SIMULATION_FORCING,1013.0,0.0,73.408,0.0,SYNTHETIC,5.293,2026-11-28T04:00:00+00:00,180.0,2.065
SIMULATION_FORCING,1013.0,0.0,73.301,0.0,SYNTHETIC,6.088,2026-11-28T05:00:00+00:00,180.0,2.485
SIMULATION_FORCING,1013.0,0.0,71.465,0.0,SYNTHETIC,7.123,2026-11-28T06:00:00+00:00,180.0,1.886
SIMULATION_FORCING,1013.0,0.0,65.874,219.996,SYNTHETIC,8.329,2026-11-28T07:00:00+00:00,180.0,2.054
SIMULATION_FORCING,1013.0,0.0,63.798,425.0,SYNTHETIC,9.623,2026-11-28T08:00:00+00:00,180.0,1.871
SIMULATION_FORCING,1013.0,0.0,61.212,601.041,SYNTHETIC,10.918,2026-11-28T09:00:00+00:00,180.0,2.005
SIMULATION_FORCING,1013.0,0.0,57.678,736.122,SYNTHETIC,12.123,2026-11-28T10:00:00+00:00,180.0,1.973
SIMULATION_FORCING,1013.0,0.0,54.328,821.037,SYNTHETIC,13.159,2026-11-28T11:00:00+00:00,180.0,1.9
SIMULATION_FORCING,1013.0,0.0,54.938,850.0,SYNTHETIC,13.954,2026-11-28T12:00:00+00:00,180.0,2.099
SIMULATION_FORCING,1013.0,0.0,53.843,821.037,SYNTHETIC,14.453,2026-11-28T13:00:00+00:00,180.0,2.485
SIMULATION_FORCING,1013.0,0.0,55.144,736.122,SYNTHETIC,14.623,2026-11-28T14:00:00+00:00,180.0,1.634
SIMULATION_FORCING,1013.0,0.0,59.316,601.041,SYNTHETIC,14.453,2026-11-28T15:00:00+00:00,180.0,1.971
SIMULATION_FORCING,1013.0,0.0,61.446,425.0,SYNTHETIC,13.954,2026-11-28T16:00:00+00:00,180.0,2.201
SIMULATION_FORCING,1013.0,0.0,69.183,219.996,SYNTHETIC,13.159,2026-11-28T17:00:00+00:00,180.0,1.882
SIMULATION_FORCING,1013.0,0.0,70.997,0.0,SYNTHETIC,12.123,2026-11-28T18:00:00+00:00,180.0,2.195
SIMULATION_FORCING,1013.0,0.0,71.473,0.0,SYNTHETIC,10.918,2026-11-28T19:00:00+00:00,180.0,1.966
SIMULATION_FORCING,1013.0,0.0,72.535,0.0,SYNTHETIC,9.623,2026-11-28T20:00:00+00:00,180.0,1.788
SIMULATION_FORCING,1013.0,0.0,73.965,0.0,SYNTHETIC,8.329,2026-11-28T21:00:00+00:00,180.0,2.372
SIMULATION_FORCING,1013.0,0.0,70.797,0.0,SYNTHETIC,7.123,2026-11-28T22:00:00+00:00,180.0,2.223
SIMULATION_FORCING,1013.0,0.0,73.915,0.0,SYNTHETIC,6.088,2026-11-28T23:00:00+00:00,180.0,1.948
SIMULATION_FORCING,1013.0,0.0,73.344,0.0,SYNTHETIC,5.238,2026-11-29T00:00:00+00:00,180.0,1.679
SIMULATION_FORCING,1013.0,0.0,70.808,0.0,SYNTHETIC,4.738,2026-11-29T01:00:00+00:00,180.0,1.903
SIMULATION_FORCING,1013.0,0.0,70.843,0.0,SYNTHETIC,4.568,2026-11-29T02:00:00+00:00,180.0,2.103
SIMULATION_FORCING,1013.0,0.0,70.431,0.0,SYNTHETIC,4.738,2026-11-29T03:00:00+00:00,180.0,1.589
SIMULATION_FORCING,1013.0,0.0,71.419,0.0,SYNTHETIC,5.238,2026-11-29T04:00:00+00:00,180.0,1.821
SIMULATION_FORCING,1013.0,0.0,71.671,0.0,SYNTHETIC,6.033,2026-11-29T05:00:00+00:00,180.0,1.579
SIMULATION_FORCING,1013.0,0.0,73.855,0.0,SYNTHETIC,7.068,2026-11-29T06:00:00+00:00,180.0,2.485
SIMULATION_FORCING,1013.0,0.0,68.248,219.996,SYNTHETIC,8.274,2026-11-29T07:00:00+00:00,180.0,1.742
SIMULATION_FORCING,1013.0,0.0,62.856,425.0,SYNTHETIC,9.568,2026-11-29T08:00:00+00:00,180.0,2.089
SIMULATION_FORCING,1013.0,0.0,58.707,601.041,SYNTHETIC,10.862,2026-11-29T09:00:00+00:00,180.0,2.362
SIMULATION_FORCING,1013.0,0.0,56.406,736.122,SYNTHETIC,12.068,2026-11-29T10:00:00+00:00,180.0,1.815
SIMULATION_FORCING,1013.0,0.0,56.268,821.037,SYNTHETIC,13.104,2026-11-29T11:00:00+00:00,180.0,1.776
SIMULATION_FORCING,1013.0,0.0,53.449,850.0,SYNTHETIC,13.898,2026-11-29T12:00:00+00:00,180.0,2.117
SIMULATION_FORCING,1013.0,0.0,55.973,821.037,SYNTHETIC,14.398,2026-11-29T13:00:00+00:00,180.0,2.419
SIMULATION_FORCING,1013.0,0.0,55.506,736.122,SYNTHETIC,14.568,2026-11-29T14:00:00+00:00,180.0,1.784
SIMULATION_FORCING,1013.0,0.0,60.713,601.041,SYNTHETIC,14.398,2026-11-29T15:00:00+00:00,180.0,1.812
SIMULATION_FORCING,1013.0,0.0,63.97,425.0,SYNTHETIC,13.898,2026-11-29T16:00:00+00:00,180.0,1.57
SIMULATION_FORCING,1013.0,0.0,67.566,219.996,SYNTHETIC,13.104,2026-11-29T17:00:00+00:00,180.0,2.333
SIMULATION_FORCING,1013.0,0.0,72.449,0.0,SYNTHETIC,12.068,2026-11-29T18:00:00+00:00,180.0,1.583
SIMULATION_FORCING,1013.0,0.0,71.26,0.0,SYNTHETIC,10.862,2026-11-29T19:00:00+00:00,180.0,1.697
SIMULATION_FORCING,1013.0,0.0,73.732,0.0,SYNTHETIC,9.568,2026-11-29T20:00:00+00:00,180.0,1.923
SIMULATION_FORCING,1013.0,0.0,72.285,0.0,SYNTHETIC,8.274,2026-11-29T21:00:00+00:00,180.0,1.506
SIMULATION_FORCING,1013.0,0.0,70.336,0.0,SYNTHETIC,7.068,2026-11-29T22:00:00+00:00,180.0,1.645
SIMULATION_FORCING,1013.0,0.0,73.141,0.0,SYNTHETIC,6.033,2026-11-29T23:00:00+00:00,180.0,1.522
SIMULATION_FORCING,1013.0,0.0,72.501,0.0,SYNTHETIC,5.185,2026-11-30T00:00:00+00:00,180.0,1.983
SIMULATION_FORCING,1013.0,0.0,71.769,0.0,SYNTHETIC,4.686,2026-11-30T01:00:00+00:00,180.0,2.408
SIMULATION_FORCING,1013.0,0.0,70.413,0.0,SYNTHETIC,4.515,2026-11-30T02:00:00+00:00,180.0,2.49
SIMULATION_FORCING,1013.0,0.0,71.829,0.0,SYNTHETIC,4.686,2026-11-30T03:00:00+00:00,180.0,2.444
SIMULATION_FORCING,1013.0,0.0,70.102,0.0,SYNTHETIC,5.185,2026-11-30T04:00:00+00:00,180.0,1.537
SIMULATION_FORCING,1013.0,0.0,72.105,0.0,SYNTHETIC,5.98,2026-11-30T05:00:00+00:00,180.0,2.266
SIMULATION_FORCING,1013.0,0.0,72.294,0.0,SYNTHETIC,7.015,2026-11-30T06:00:00+00:00,180.0,2.372
SIMULATION_FORCING,1013.0,0.0,66.558,219.996,SYNTHETIC,8.221,2026-11-30T07:00:00+00:00,180.0,1.509
SIMULATION_FORCING,1013.0,0.0,64.662,425.0,SYNTHETIC,9.515,2026-11-30T08:00:00+00:00,180.0,2.474
SIMULATION_FORCING,1013.0,0.0,59.751,601.041,SYNTHETIC,10.809,2026-11-30T09:00:00+00:00,180.0,1.529
SIMULATION_FORCING,1013.0,0.0,56.349,736.122,SYNTHETIC,12.015,2026-11-30T10:00:00+00:00,180.0,2.402
SIMULATION_FORCING,1013.0,0.0,55.753,821.037,SYNTHETIC,13.051,2026-11-30T11:00:00+00:00,180.0,2.495
SIMULATION_FORCING,1013.0,0.0,53.328,850.0,SYNTHETIC,13.845,2026-11-30T12:00:00+00:00,180.0,2.262
SIMULATION_FORCING,1013.0,0.0,56.312,821.037,SYNTHETIC,14.345,2026-11-30T13:00:00+00:00,180.0,1.874
SIMULATION_FORCING,1013.0,0.0,57.112,736.122,SYNTHETIC,14.515,2026-11-30T14:00:00+00:00,180.0,2.001
SIMULATION_FORCING,1013.0,0.0,59.047,601.041,SYNTHETIC,14.345,2026-11-30T15:00:00+00:00,180.0,2.283
SIMULATION_FORCING,1013.0,0.0,64.661,425.0,SYNTHETIC,13.845,2026-11-30T16:00:00+00:00,180.0,2.056
SIMULATION_FORCING,1013.0,0.0,66.481,219.996,SYNTHETIC,13.051,2026-11-30T17:00:00+00:00,180.0,2.111
SIMULATION_FORCING,1013.0,0.0,72.559,0.0,SYNTHETIC,12.015,2026-11-30T18:00:00+00:00,180.0,1.861
SIMULATION_FORCING,1013.0,0.0,73.39,0.0,SYNTHETIC,10.809,2026-11-30T19:00:00+00:00,180.0,2.182
SIMULATION_FORCING,1013.0,0.0,71.935,0.0,SYNTHETIC,9.515,2026-11-30T20:00:00+00:00,180.0,2.143
SIMULATION_FORCING,1013.0,0.0,72.701,0.0,SYNTHETIC,8.221,2026-11-30T21:00:00+00:00,180.0,2.251
SIMULATION_FORCING,1013.0,0.0,73.144,0.0,SYNTHETIC,7.015,2026-11-30T22:00:00+00:00,180.0,2.127
SIMULATION_FORCING,1013.0,0.0,70.385,0.0,SYNTHETIC,5.98,2026-11-30T23:00:00+00:00,180.0,2.399
SIMULATION_FORCING,1013.0,0.0,70.707,0.0,SYNTHETIC,5.135,2026-12-01T00:00:00+00:00,180.0,1.569
SIMULATION_FORCING,1013.0,0.0,72.276,0.0,SYNTHETIC,4.635,2026-12-01T01:00:00+00:00,180.0,2.017
SIMULATION_FORCING,1013.0,0.0,71.949,0.0,SYNTHETIC,4.465,2026-12-01T02:00:00+00:00,180.0,2.336
SIMULATION_FORCING,1013.0,0.0,72.682,0.0,SYNTHETIC,4.635,2026-12-01T03:00:00+00:00,180.0,1.905
SIMULATION_FORCING,1013.0,0.0,70.807,0.0,SYNTHETIC,5.135,2026-12-01T04:00:00+00:00,180.0,2.471
SIMULATION_FORCING,1013.0,0.0,72.025,0.0,SYNTHETIC,5.929,2026-12-01T05:00:00+00:00,180.0,1.593
SIMULATION_FORCING,1013.0,0.0,73.061,0.0,SYNTHETIC,6.965,2026-12-01T06:00:00+00:00,180.0,2.456
SIMULATION_FORCING,1013.0,0.0,67.53,219.996,SYNTHETIC,8.171,2026-12-01T07:00:00+00:00,180.0,1.731
SIMULATION_FORCING,1013.0,0.0,61.826,425.0,SYNTHETIC,9.465,2026-12-01T08:00:00+00:00,180.0,1.899
SIMULATION_FORCING,1013.0,0.0,57.6,601.041,SYNTHETIC,10.759,2026-12-01T09:00:00+00:00,180.0,1.749
SIMULATION_FORCING,1013.0,0.0,56.214,736.122,SYNTHETIC,11.965,2026-12-01T10:00:00+00:00,180.0,1.568
SIMULATION_FORCING,1013.0,0.0,55.304,821.037,SYNTHETIC,13.0,2026-12-01T11:00:00+00:00,180.0,2.435
SIMULATION_FORCING,1013.0,0.0,55.422,850.0,SYNTHETIC,13.795,2026-12-01T12:00:00+00:00,180.0,2.494
SIMULATION_FORCING,1013.0,0.0,52.795,821.037,SYNTHETIC,14.294,2026-12-01T13:00:00+00:00,180.0,2.168
SIMULATION_FORCING,1013.0,0.0,54.744,736.122,SYNTHETIC,14.465,2026-12-01T14:00:00+00:00,180.0,2.027
SIMULATION_FORCING,1013.0,0.0,58.598,601.041,SYNTHETIC,14.294,2026-12-01T15:00:00+00:00,180.0,1.641
SIMULATION_FORCING,1013.0,0.0,62.526,425.0,SYNTHETIC,13.795,2026-12-01T16:00:00+00:00,180.0,1.819
SIMULATION_FORCING,1013.0,0.0,67.374,219.996,SYNTHETIC,13.0,2026-12-01T17:00:00+00:00,180.0,2.405
SIMULATION_FORCING,1013.0,0.0,70.442,0.0,SYNTHETIC,11.965,2026-12-01T18:00:00+00:00,180.0,2.303
SIMULATION_FORCING,1013.0,0.0,73.686,0.0,SYNTHETIC,10.759,2026-12-01T19:00:00+00:00,180.0,1.584
SIMULATION_FORCING,1013.0,0.0,73.375,0.0,SYNTHETIC,9.465,2026-12-01T20:00:00+00:00,180.0,1.706
SIMULATION_FORCING,1013.0,0.0,72.726,0.0,SYNTHETIC,8.171,2026-12-01T21:00:00+00:00,180.0,1.571
SIMULATION_FORCING,1013.0,0.0,71.821,0.0,SYNTHETIC,6.965,2026-12-01T22:00:00+00:00,180.0,1.802
SIMULATION_FORCING,1013.0,0.0,72.318,0.0,SYNTHETIC,5.929,2026-12-01T23:00:00+00:00,180.0,2.249
SIMULATION_FORCING,1013.0,0.0,72.803,0.0,SYNTHETIC,5.087,2026-12-02T00:00:00+00:00,180.0,1.974
SIMULATION_FORCING,1013.0,0.0,73.783,0.0,SYNTHETIC,4.587,2026-12-02T01:00:00+00:00,180.0,2.1
SIMULATION_FORCING,1013.0,0.0,70.602,0.0,SYNTHETIC,4.417,2026-12-02T02:00:00+00:00,180.0,2.135
SIMULATION_FORCING,1013.0,0.0,73.826,0.0,SYNTHETIC,4.587,2026-12-02T03:00:00+00:00,180.0,1.913
SIMULATION_FORCING,1013.0,0.0,70.632,0.0,SYNTHETIC,5.087,2026-12-02T04:00:00+00:00,180.0,1.755
SIMULATION_FORCING,1013.0,0.0,71.424,0.0,SYNTHETIC,5.881,2026-12-02T05:00:00+00:00,180.0,2.149
SIMULATION_FORCING,1013.0,0.0,72.303,0.0,SYNTHETIC,6.917,2026-12-02T06:00:00+00:00,180.0,1.731
SIMULATION_FORCING,1013.0,0.0,66.883,219.996,SYNTHETIC,8.123,2026-12-02T07:00:00+00:00,180.0,2.025
SIMULATION_FORCING,1013.0,0.0,64.252,425.0,SYNTHETIC,9.417,2026-12-02T08:00:00+00:00,180.0,1.957
SIMULATION_FORCING,1013.0,0.0,59.065,601.041,SYNTHETIC,10.711,2026-12-02T09:00:00+00:00,180.0,2.384
SIMULATION_FORCING,1013.0,0.0,54.497,736.122,SYNTHETIC,11.917,2026-12-02T10:00:00+00:00,180.0,2.326
SIMULATION_FORCING,1013.0,0.0,54.251,821.037,SYNTHETIC,12.952,2026-12-02T11:00:00+00:00,180.0,2.143
SIMULATION_FORCING,1013.0,0.0,54.684,850.0,SYNTHETIC,13.747,2026-12-02T12:00:00+00:00,180.0,2.068
SIMULATION_FORCING,1013.0,0.0,53.308,821.037,SYNTHETIC,14.247,2026-12-02T13:00:00+00:00,180.0,2.034
SIMULATION_FORCING,1013.0,0.0,55.335,736.122,SYNTHETIC,14.417,2026-12-02T14:00:00+00:00,180.0,2.489
SIMULATION_FORCING,1013.0,0.0,58.953,601.041,SYNTHETIC,14.247,2026-12-02T15:00:00+00:00,180.0,2.029
SIMULATION_FORCING,1013.0,0.0,63.077,425.0,SYNTHETIC,13.747,2026-12-02T16:00:00+00:00,180.0,1.791
SIMULATION_FORCING,1013.0,0.0,65.377,219.996,SYNTHETIC,12.952,2026-12-02T17:00:00+00:00,180.0,2.374
SIMULATION_FORCING,1013.0,0.0,70.538,0.0,SYNTHETIC,11.917,2026-12-02T18:00:00+00:00,180.0,2.138
SIMULATION_FORCING,1013.0,0.0,71.033,0.0,SYNTHETIC,10.711,2026-12-02T19:00:00+00:00,180.0,1.801
SIMULATION_FORCING,1013.0,0.0,70.471,0.0,SYNTHETIC,9.417,2026-12-02T20:00:00+00:00,180.0,1.998
SIMULATION_FORCING,1013.0,0.0,71.63,0.0,SYNTHETIC,8.123,2026-12-02T21:00:00+00:00,180.0,2.032
SIMULATION_FORCING,1013.0,0.0,70.139,0.0,SYNTHETIC,6.917,2026-12-02T22:00:00+00:00,180.0,2.437
SIMULATION_FORCING,1013.0,0.0,73.907,0.0,SYNTHETIC,5.881,2026-12-02T23:00:00+00:00,180.0,1.519
SIMULATION_FORCING,1013.0,0.0,71.582,0.0,SYNTHETIC,5.041,2026-12-03T00:00:00+00:00,180.0,2.035
SIMULATION_FORCING,1013.0,0.0,70.769,0.0,SYNTHETIC,4.542,2026-12-03T01:00:00+00:00,180.0,1.899
SIMULATION_FORCING,1013.0,0.0,71.523,0.0,SYNTHETIC,4.372,2026-12-03T02:00:00+00:00,180.0,1.875
SIMULATION_FORCING,1013.0,0.0,70.697,0.0,SYNTHETIC,4.542,2026-12-03T03:00:00+00:00,180.0,2.037
SIMULATION_FORCING,1013.0,0.0,73.359,0.0,SYNTHETIC,5.041,2026-12-03T04:00:00+00:00,180.0,2.303
SIMULATION_FORCING,1013.0,0.0,70.698,0.0,SYNTHETIC,5.836,2026-12-03T05:00:00+00:00,180.0,2.164
SIMULATION_FORCING,1013.0,0.0,71.701,0.0,SYNTHETIC,6.872,2026-12-03T06:00:00+00:00,180.0,1.557
SIMULATION_FORCING,1013.0,0.0,68.579,219.996,SYNTHETIC,8.077,2026-12-03T07:00:00+00:00,180.0,1.518
SIMULATION_FORCING,1013.0,0.0,61.527,425.0,SYNTHETIC,9.372,2026-12-03T08:00:00+00:00,180.0,2.114
SIMULATION_FORCING,1013.0,0.0,59.431,601.041,SYNTHETIC,10.666,2026-12-03T09:00:00+00:00,180.0,2.441
SIMULATION_FORCING,1013.0,0.0,56.796,736.122,SYNTHETIC,11.872,2026-12-03T10:00:00+00:00,180.0,1.879
SIMULATION_FORCING,1013.0,0.0,55.716,821.037,SYNTHETIC,12.907,2026-12-03T11:00:00+00:00,180.0,1.837
SIMULATION_FORCING,1013.0,0.0,53.894,850.0,SYNTHETIC,13.702,2026-12-03T12:00:00+00:00,180.0,2.32
SIMULATION_FORCING,1013.0,0.0,52.981,821.037,SYNTHETIC,14.201,2026-12-03T13:00:00+00:00,180.0,1.604
SIMULATION_FORCING,1013.0,0.0,55.039,736.122,SYNTHETIC,14.372,2026-12-03T14:00:00+00:00,180.0,1.586
SIMULATION_FORCING,1013.0,0.0,57.84,601.041,SYNTHETIC,14.201,2026-12-03T15:00:00+00:00,180.0,2.434
SIMULATION_FORCING,1013.0,0.0,64.873,425.0,SYNTHETIC,13.702,2026-12-03T16:00:00+00:00,180.0,1.884
SIMULATION_FORCING,1013.0,0.0,65.458,219.996,SYNTHETIC,12.907,2026-12-03T17:00:00+00:00,180.0,2.236
SIMULATION_FORCING,1013.0,0.0,71.277,0.0,SYNTHETIC,11.872,2026-12-03T18:00:00+00:00,180.0,1.996
SIMULATION_FORCING,1013.0,0.0,72.194,0.0,SYNTHETIC,10.666,2026-12-03T19:00:00+00:00,180.0,1.918
SIMULATION_FORCING,1013.0,0.0,73.899,0.0,SYNTHETIC,9.372,2026-12-03T20:00:00+00:00,180.0,2.15
SIMULATION_FORCING,1013.0,0.0,70.196,0.0,SYNTHETIC,8.077,2026-12-03T21:00:00+00:00,180.0,2.127
SIMULATION_FORCING,1013.0,0.0,70.81,0.0,SYNTHETIC,6.872,2026-12-03T22:00:00+00:00,180.0,1.501
SIMULATION_FORCING,1013.0,0.0,70.26,0.0,SYNTHETIC,5.836,2026-12-03T23:00:00+00:00,180.0,2.084
SIMULATION_FORCING,1013.0,0.0,73.817,0.0,SYNTHETIC,4.999,2026-12-04T00:00:00+00:00,180.0,2.097
SIMULATION_FORCING,1013.0,0.0,72.847,0.0,SYNTHETIC,4.499,2026-12-04T01:00:00+00:00,180.0,2.373
SIMULATION_FORCING,1013.0,0.0,71.035,0.0,SYNTHETIC,4.329,2026-12-04T02:00:00+00:00,180.0,2.049
SIMULATION_FORCING,1013.0,0.0,73.837,0.0,SYNTHETIC,4.499,2026-12-04T03:00:00+00:00,180.0,1.648
SIMULATION_FORCING,1013.0,0.0,72.853,0.0,SYNTHETIC,4.999,2026-12-04T04:00:00+00:00,180.0,1.985
SIMULATION_FORCING,1013.0,0.0,73.957,0.0,SYNTHETIC,5.793,2026-12-04T05:00:00+00:00,180.0,2.037
SIMULATION_FORCING,1013.0,0.0,73.249,0.0,SYNTHETIC,6.829,2026-12-04T06:00:00+00:00,180.0,1.601
SIMULATION_FORCING,1013.0,0.0,69.097,219.996,SYNTHETIC,8.035,2026-12-04T07:00:00+00:00,180.0,1.833
SIMULATION_FORCING,1013.0,0.0,61.148,425.0,SYNTHETIC,9.329,2026-12-04T08:00:00+00:00,180.0,1.686
SIMULATION_FORCING,1013.0,0.0,60.249,601.041,SYNTHETIC,10.623,2026-12-04T09:00:00+00:00,180.0,1.925
SIMULATION_FORCING,1013.0,0.0,54.958,736.122,SYNTHETIC,11.829,2026-12-04T10:00:00+00:00,180.0,1.617
SIMULATION_FORCING,1013.0,0.0,53.663,821.037,SYNTHETIC,12.864,2026-12-04T11:00:00+00:00,180.0,2.085
SIMULATION_FORCING,1013.0,0.0,54.194,850.0,SYNTHETIC,13.659,2026-12-04T12:00:00+00:00,180.0,1.518
SIMULATION_FORCING,1013.0,0.0,52.957,821.037,SYNTHETIC,14.158,2026-12-04T13:00:00+00:00,180.0,2.333
SIMULATION_FORCING,1013.0,0.0,56.545,736.122,SYNTHETIC,14.329,2026-12-04T14:00:00+00:00,180.0,2.135
SIMULATION_FORCING,1013.0,0.0,59.189,601.041,SYNTHETIC,14.158,2026-12-04T15:00:00+00:00,180.0,1.573
SIMULATION_FORCING,1013.0,0.0,64.369,425.0,SYNTHETIC,13.659,2026-12-04T16:00:00+00:00,180.0,1.808
SIMULATION_FORCING,1013.0,0.0,67.128,219.996,SYNTHETIC,12.864,2026-12-04T17:00:00+00:00,180.0,1.992
SIMULATION_FORCING,1013.0,0.0,71.386,0.0,SYNTHETIC,11.829,2026-12-04T18:00:00+00:00,180.0,1.957
SIMULATION_FORCING,1013.0,0.0,73.405,0.0,SYNTHETIC,10.623,2026-12-04T19:00:00+00:00,180.0,2.146
SIMULATION_FORCING,1013.0,0.0,72.905,0.0,SYNTHETIC,9.329,2026-12-04T20:00:00+00:00,180.0,2.39
SIMULATION_FORCING,1013.0,0.0,73.528,0.0,SYNTHETIC,8.035,2026-12-04T21:00:00+00:00,180.0,2.102
SIMULATION_FORCING,1013.0,0.0,71.167,0.0,SYNTHETIC,6.829,2026-12-04T22:00:00+00:00,180.0,2.199
SIMULATION_FORCING,1013.0,0.0,72.192,0.0,SYNTHETIC,5.793,2026-12-04T23:00:00+00:00,180.0,1.802
SIMULATION_FORCING,1013.0,0.0,70.905,0.0,SYNTHETIC,4.958,2026-12-05T00:00:00+00:00,180.0,2.427
SIMULATION_FORCING,1013.0,0.0,70.769,0.0,SYNTHETIC,4.459,2026-12-05T01:00:00+00:00,180.0,2.34
SIMULATION_FORCING,1013.0,0.0,72.534,0.0,SYNTHETIC,4.289,2026-12-05T02:00:00+00:00,180.0,2.461
SIMULATION_FORCING,1013.0,0.0,71.952,0.0,SYNTHETIC,4.459,2026-12-05T03:00:00+00:00,180.0,2.103
SIMULATION_FORCING,1013.0,0.0,71.898,0.0,SYNTHETIC,4.958,2026-12-05T04:00:00+00:00,180.0,1.68
SIMULATION_FORCING,1013.0,0.0,71.715,0.0,SYNTHETIC,5.753,2026-12-05T05:00:00+00:00,180.0,2.322
SIMULATION_FORCING,1013.0,0.0,73.418,0.0,SYNTHETIC,6.789,2026-12-05T06:00:00+00:00,180.0,1.684
SIMULATION_FORCING,1013.0,0.0,65.577,219.996,SYNTHETIC,7.994,2026-12-05T07:00:00+00:00,180.0,2.203
SIMULATION_FORCING,1013.0,0.0,62.668,425.0,SYNTHETIC,9.289,2026-12-05T08:00:00+00:00,180.0,2.08
SIMULATION_FORCING,1013.0,0.0,60.266,601.041,SYNTHETIC,10.583,2026-12-05T09:00:00+00:00,180.0,1.77
SIMULATION_FORCING,1013.0,0.0,55.068,736.122,SYNTHETIC,11.789,2026-12-05T10:00:00+00:00,180.0,2.072
SIMULATION_FORCING,1013.0,0.0,54.3,821.037,SYNTHETIC,12.824,2026-12-05T11:00:00+00:00,180.0,1.721
SIMULATION_FORCING,1013.0,0.0,53.539,850.0,SYNTHETIC,13.619,2026-12-05T12:00:00+00:00,180.0,1.521
SIMULATION_FORCING,1013.0,0.0,56.072,821.037,SYNTHETIC,14.118,2026-12-05T13:00:00+00:00,180.0,2.094
SIMULATION_FORCING,1013.0,0.0,57.506,736.122,SYNTHETIC,14.289,2026-12-05T14:00:00+00:00,180.0,1.988
SIMULATION_FORCING,1013.0,0.0,60.241,601.041,SYNTHETIC,14.118,2026-12-05T15:00:00+00:00,180.0,2.404
SIMULATION_FORCING,1013.0,0.0,64.013,425.0,SYNTHETIC,13.619,2026-12-05T16:00:00+00:00,180.0,1.937
SIMULATION_FORCING,1013.0,0.0,66.937,219.996,SYNTHETIC,12.824,2026-12-05T17:00:00+00:00,180.0,2.142
SIMULATION_FORCING,1013.0,0.0,72.141,0.0,SYNTHETIC,11.789,2026-12-05T18:00:00+00:00,180.0,1.871
SIMULATION_FORCING,1013.0,0.0,71.216,0.0,SYNTHETIC,10.583,2026-12-05T19:00:00+00:00,180.0,2.042
SIMULATION_FORCING,1013.0,0.0,73.339,0.0,SYNTHETIC,9.289,2026-12-05T20:00:00+00:00,180.0,1.74
SIMULATION_FORCING,1013.0,0.0,73.351,0.0,SYNTHETIC,7.994,2026-12-05T21:00:00+00:00,180.0,2.346
SIMULATION_FORCING,1013.0,0.0,72.139,0.0,SYNTHETIC,6.789,2026-12-05T22:00:00+00:00,180.0,1.686
SIMULATION_FORCING,1013.0,0.0,70.798,0.0,SYNTHETIC,5.753,2026-12-05T23:00:00+00:00,180.0,1.56
SIMULATION_FORCING,1013.0,0.0,70.842,0.0,SYNTHETIC,4.921,2026-12-06T00:00:00+00:00,180.0,2.132
SIMULATION_FORCING,1013.0,0.0,70.483,0.0,SYNTHETIC,4.421,2026-12-06T01:00:00+00:00,180.0,1.737
SIMULATION_FORCING,1013.0,0.0,72.499,0.0,SYNTHETIC,4.251,2026-12-06T02:00:00+00:00,180.0,2.393
SIMULATION_FORCING,1013.0,0.0,71.122,0.0,SYNTHETIC,4.421,2026-12-06T03:00:00+00:00,180.0,1.679
SIMULATION_FORCING,1013.0,0.0,70.528,0.0,SYNTHETIC,4.921,2026-12-06T04:00:00+00:00,180.0,1.976
SIMULATION_FORCING,1013.0,0.0,70.211,0.0,SYNTHETIC,5.715,2026-12-06T05:00:00+00:00,180.0,1.632
SIMULATION_FORCING,1013.0,0.0,73.063,0.0,SYNTHETIC,6.751,2026-12-06T06:00:00+00:00,180.0,2.475
SIMULATION_FORCING,1013.0,0.0,66.661,219.996,SYNTHETIC,7.957,2026-12-06T07:00:00+00:00,180.0,1.979
SIMULATION_FORCING,1013.0,0.0,64.741,425.0,SYNTHETIC,9.251,2026-12-06T08:00:00+00:00,180.0,1.973
SIMULATION_FORCING,1013.0,0.0,60.327,601.041,SYNTHETIC,10.545,2026-12-06T09:00:00+00:00,180.0,2.496
SIMULATION_FORCING,1013.0,0.0,56.947,736.122,SYNTHETIC,11.751,2026-12-06T10:00:00+00:00,180.0,1.969
SIMULATION_FORCING,1013.0,0.0,55.826,821.037,SYNTHETIC,12.786,2026-12-06T11:00:00+00:00,180.0,1.659
SIMULATION_FORCING,1013.0,0.0,54.052,850.0,SYNTHETIC,13.581,2026-12-06T12:00:00+00:00,180.0,1.567
SIMULATION_FORCING,1013.0,0.0,55.964,821.037,SYNTHETIC,14.081,2026-12-06T13:00:00+00:00,180.0,2.476
SIMULATION_FORCING,1013.0,0.0,57.573,736.122,SYNTHETIC,14.251,2026-12-06T14:00:00+00:00,180.0,2.115
SIMULATION_FORCING,1013.0,0.0,57.683,601.041,SYNTHETIC,14.081,2026-12-06T15:00:00+00:00,180.0,2.325
SIMULATION_FORCING,1013.0,0.0,62.84,425.0,SYNTHETIC,13.581,2026-12-06T16:00:00+00:00,180.0,2.491
SIMULATION_FORCING,1013.0,0.0,66.767,219.996,SYNTHETIC,12.786,2026-12-06T17:00:00+00:00,180.0,1.597
SIMULATION_FORCING,1013.0,0.0,70.872,0.0,SYNTHETIC,11.751,2026-12-06T18:00:00+00:00,180.0,1.811
SIMULATION_FORCING,1013.0,0.0,72.612,0.0,SYNTHETIC,10.545,2026-12-06T19:00:00+00:00,180.0,1.927
SIMULATION_FORCING,1013.0,0.0,73.787,0.0,SYNTHETIC,9.251,2026-12-06T20:00:00+00:00,180.0,2.378
SIMULATION_FORCING,1013.0,0.0,73.295,0.0,SYNTHETIC,7.957,2026-12-06T21:00:00+00:00,180.0,1.623
SIMULATION_FORCING,1013.0,0.0,70.912,0.0,SYNTHETIC,6.751,2026-12-06T22:00:00+00:00,180.0,2.125
SIMULATION_FORCING,1013.0,0.0,73.384,0.0,SYNTHETIC,5.715,2026-12-06T23:00:00+00:00,180.0,2.446
SIMULATION_FORCING,1013.0,0.0,71.515,0.0,SYNTHETIC,4.886,2026-12-07T00:00:00+00:00,180.0,1.529
SIMULATION_FORCING,1013.0,0.0,73.975,0.0,SYNTHETIC,4.386,2026-12-07T01:00:00+00:00,180.0,2.417
SIMULATION_FORCING,1013.0,0.0,70.757,0.0,SYNTHETIC,4.216,2026-12-07T02:00:00+00:00,180.0,1.97
SIMULATION_FORCING,1013.0,0.0,72.949,0.0,SYNTHETIC,4.386,2026-12-07T03:00:00+00:00,180.0,2.093
SIMULATION_FORCING,1013.0,0.0,71.668,0.0,SYNTHETIC,4.886,2026-12-07T04:00:00+00:00,180.0,1.729
SIMULATION_FORCING,1013.0,0.0,71.514,0.0,SYNTHETIC,5.68,2026-12-07T05:00:00+00:00,180.0,2.077
SIMULATION_FORCING,1013.0,0.0,70.335,0.0,SYNTHETIC,6.716,2026-12-07T06:00:00+00:00,180.0,2.131
SIMULATION_FORCING,1013.0,0.0,68.151,219.996,SYNTHETIC,7.922,2026-12-07T07:00:00+00:00,180.0,2.296
SIMULATION_FORCING,1013.0,0.0,62.755,425.0,SYNTHETIC,9.216,2026-12-07T08:00:00+00:00,180.0,2.332
SIMULATION_FORCING,1013.0,0.0,59.489,601.041,SYNTHETIC,10.51,2026-12-07T09:00:00+00:00,180.0,2.301
SIMULATION_FORCING,1013.0,0.0,56.57,736.122,SYNTHETIC,11.716,2026-12-07T10:00:00+00:00,180.0,2.02
SIMULATION_FORCING,1013.0,0.0,56.289,821.037,SYNTHETIC,12.751,2026-12-07T11:00:00+00:00,180.0,2.124
SIMULATION_FORCING,1013.0,0.0,53.276,850.0,SYNTHETIC,13.546,2026-12-07T12:00:00+00:00,180.0,2.103
SIMULATION_FORCING,1013.0,0.0,55.389,821.037,SYNTHETIC,14.046,2026-12-07T13:00:00+00:00,180.0,2.297
SIMULATION_FORCING,1013.0,0.0,54.536,736.122,SYNTHETIC,14.216,2026-12-07T14:00:00+00:00,180.0,2.421
SIMULATION_FORCING,1013.0,0.0,58.681,601.041,SYNTHETIC,14.046,2026-12-07T15:00:00+00:00,180.0,2.31
SIMULATION_FORCING,1013.0,0.0,62.031,425.0,SYNTHETIC,13.546,2026-12-07T16:00:00+00:00,180.0,1.948
SIMULATION_FORCING,1013.0,0.0,66.537,219.996,SYNTHETIC,12.751,2026-12-07T17:00:00+00:00,180.0,1.791
SIMULATION_FORCING,1013.0,0.0,73.393,0.0,SYNTHETIC,11.716,2026-12-07T18:00:00+00:00,180.0,2.092
SIMULATION_FORCING,1013.0,0.0,73.192,0.0,SYNTHETIC,10.51,2026-12-07T19:00:00+00:00,180.0,1.633
SIMULATION_FORCING,1013.0,0.0,72.834,0.0,SYNTHETIC,9.216,2026-12-07T20:00:00+00:00,180.0,1.879
SIMULATION_FORCING,1013.0,0.0,70.67,0.0,SYNTHETIC,7.922,2026-12-07T21:00:00+00:00,180.0,1.763
SIMULATION_FORCING,1013.0,0.0,72.187,0.0,SYNTHETIC,6.716,2026-12-07T22:00:00+00:00,180.0,1.722
SIMULATION_FORCING,1013.0,0.0,71.188,0.0,SYNTHETIC,5.68,2026-12-07T23:00:00+00:00,180.0,2.397
SIMULATION_FORCING,1013.0,0.0,72.104,0.0,SYNTHETIC,4.853,2026-12-08T00:00:00+00:00,180.0,2.142
SIMULATION_FORCING,1013.0,0.0,71.548,0.0,SYNTHETIC,4.354,2026-12-08T01:00:00+00:00,180.0,2.298
SIMULATION_FORCING,1013.0,0.0,72.998,0.0,SYNTHETIC,4.183,2026-12-08T02:00:00+00:00,180.0,2.124
SIMULATION_FORCING,1013.0,0.0,72.562,0.0,SYNTHETIC,4.354,2026-12-08T03:00:00+00:00,180.0,2.303
SIMULATION_FORCING,1013.0,0.0,72.347,0.0,SYNTHETIC,4.853,2026-12-08T04:00:00+00:00,180.0,1.831
SIMULATION_FORCING,1013.0,0.0,71.513,0.0,SYNTHETIC,5.648,2026-12-08T05:00:00+00:00,180.0,1.641
SIMULATION_FORCING,1013.0,0.0,70.46,0.0,SYNTHETIC,6.683,2026-12-08T06:00:00+00:00,180.0,1.519
SIMULATION_FORCING,1013.0,0.0,69.33,219.996,SYNTHETIC,7.889,2026-12-08T07:00:00+00:00,180.0,1.773
SIMULATION_FORCING,1013.0,0.0,63.962,425.0,SYNTHETIC,9.183,2026-12-08T08:00:00+00:00,180.0,2.118
SIMULATION_FORCING,1013.0,0.0,60.306,601.041,SYNTHETIC,10.478,2026-12-08T09:00:00+00:00,180.0,2.241
SIMULATION_FORCING,1013.0,0.0,55.553,736.122,SYNTHETIC,11.683,2026-12-08T10:00:00+00:00,180.0,1.859
SIMULATION_FORCING,1013.0,0.0,52.836,821.037,SYNTHETIC,12.719,2026-12-08T11:00:00+00:00,180.0,2.235
SIMULATION_FORCING,1013.0,0.0,54.388,850.0,SYNTHETIC,13.514,2026-12-08T12:00:00+00:00,180.0,1.755
SIMULATION_FORCING,1013.0,0.0,56.31,821.037,SYNTHETIC,14.013,2026-12-08T13:00:00+00:00,180.0,1.925
SIMULATION_FORCING,1013.0,0.0,56.963,736.122,SYNTHETIC,14.183,2026-12-08T14:00:00+00:00,180.0,2.14
SIMULATION_FORCING,1013.0,0.0,60.824,601.041,SYNTHETIC,14.013,2026-12-08T15:00:00+00:00,180.0,2.143
SIMULATION_FORCING,1013.0,0.0,63.779,425.0,SYNTHETIC,13.514,2026-12-08T16:00:00+00:00,180.0,1.621
SIMULATION_FORCING,1013.0,0.0,66.648,219.996,SYNTHETIC,12.719,2026-12-08T17:00:00+00:00,180.0,2.327
SIMULATION_FORCING,1013.0,0.0,70.637,0.0,SYNTHETIC,11.683,2026-12-08T18:00:00+00:00,180.0,1.88
SIMULATION_FORCING,1013.0,0.0,71.546,0.0,SYNTHETIC,10.478,2026-12-08T19:00:00+00:00,180.0,1.597
SIMULATION_FORCING,1013.0,0.0,72.529,0.0,SYNTHETIC,9.183,2026-12-08T20:00:00+00:00,180.0,2.476
SIMULATION_FORCING,1013.0,0.0,72.414,0.0,SYNTHETIC,7.889,2026-12-08T21:00:00+00:00,180.0,2.053
SIMULATION_FORCING,1013.0,0.0,72.354,0.0,SYNTHETIC,6.683,2026-12-08T22:00:00+00:00,180.0,1.802
SIMULATION_FORCING,1013.0,0.0,70.86,0.0,SYNTHETIC,5.648,2026-12-08T23:00:00+00:00,180.0,1.963
SIMULATION_FORCING,1013.0,0.0,70.961,0.0,SYNTHETIC,4.824,2026-12-09T00:00:00+00:00,180.0,2.233
SIMULATION_FORCING,1013.0,0.0,70.195,0.0,SYNTHETIC,4.324,2026-12-09T01:00:00+00:00,180.0,2.236
SIMULATION_FORCING,1013.0,0.0,71.992,0.0,SYNTHETIC,4.154,2026-12-09T02:00:00+00:00,180.0,2.411
SIMULATION_FORCING,1013.0,0.0,71.42,0.0,SYNTHETIC,4.324,2026-12-09T03:00:00+00:00,180.0,1.505
SIMULATION_FORCING,1013.0,0.0,73.609,0.0,SYNTHETIC,4.824,2026-12-09T04:00:00+00:00,180.0,2.136
SIMULATION_FORCING,1013.0,0.0,72.705,0.0,SYNTHETIC,5.618,2026-12-09T05:00:00+00:00,180.0,2.055
SIMULATION_FORCING,1013.0,0.0,72.051,0.0,SYNTHETIC,6.654,2026-12-09T06:00:00+00:00,180.0,1.954
SIMULATION_FORCING,1013.0,0.0,68.871,219.996,SYNTHETIC,7.86,2026-12-09T07:00:00+00:00,180.0,1.504
SIMULATION_FORCING,1013.0,0.0,64.679,425.0,SYNTHETIC,9.154,2026-12-09T08:00:00+00:00,180.0,1.515
SIMULATION_FORCING,1013.0,0.0,61.032,601.041,SYNTHETIC,10.448,2026-12-09T09:00:00+00:00,180.0,2.237
SIMULATION_FORCING,1013.0,0.0,55.683,736.122,SYNTHETIC,11.654,2026-12-09T10:00:00+00:00,180.0,1.892
SIMULATION_FORCING,1013.0,0.0,54.378,821.037,SYNTHETIC,12.689,2026-12-09T11:00:00+00:00,180.0,1.862
SIMULATION_FORCING,1013.0,0.0,54.971,850.0,SYNTHETIC,13.484,2026-12-09T12:00:00+00:00,180.0,1.515
SIMULATION_FORCING,1013.0,0.0,53.12,821.037,SYNTHETIC,13.983,2026-12-09T13:00:00+00:00,180.0,1.743
SIMULATION_FORCING,1013.0,0.0,58.164,736.122,SYNTHETIC,14.154,2026-12-09T14:00:00+00:00,180.0,2.465
SIMULATION_FORCING,1013.0,0.0,59.069,601.041,SYNTHETIC,13.983,2026-12-09T15:00:00+00:00,180.0,2.01
SIMULATION_FORCING,1013.0,0.0,62.663,425.0,SYNTHETIC,13.484,2026-12-09T16:00:00+00:00,180.0,1.754
SIMULATION_FORCING,1013.0,0.0,68.065,219.996,SYNTHETIC,12.689,2026-12-09T17:00:00+00:00,180.0,1.598
SIMULATION_FORCING,1013.0,0.0,72.648,0.0,SYNTHETIC,11.654,2026-12-09T18:00:00+00:00,180.0,2.312
SIMULATION_FORCING,1013.0,0.0,70.546,0.0,SYNTHETIC,10.448,2026-12-09T19:00:00+00:00,180.0,2.087
SIMULATION_FORCING,1013.0,0.0,70.174,0.0,SYNTHETIC,9.154,2026-12-09T20:00:00+00:00,180.0,2.155
SIMULATION_FORCING,1013.0,0.0,72.408,0.0,SYNTHETIC,7.86,2026-12-09T21:00:00+00:00,180.0,2.313
SIMULATION_FORCING,1013.0,0.0,70.161,0.0,SYNTHETIC,6.654,2026-12-09T22:00:00+00:00,180.0,1.825
SIMULATION_FORCING,1013.0,0.0,70.165,0.0,SYNTHETIC,5.618,2026-12-09T23:00:00+00:00,180.0,2.052
SIMULATION_FORCING,1013.0,0.0,71.46,0.0,SYNTHETIC,4.796,2026-12-10T00:00:00+00:00,180.0,2.318
SIMULATION_FORCING,1013.0,0.0,73.308,0.0,SYNTHETIC,4.297,2026-12-10T01:00:00+00:00,180.0,2.403
SIMULATION_FORCING,1013.0,0.0,70.65,0.0,SYNTHETIC,4.126,2026-12-10T02:00:00+00:00,180.0,2.034
SIMULATION_FORCING,1013.0,0.0,73.644,0.0,SYNTHETIC,4.297,2026-12-10T03:00:00+00:00,180.0,1.848
SIMULATION_FORCING,1013.0,0.0,71.622,0.0,SYNTHETIC,4.796,2026-12-10T04:00:00+00:00,180.0,2.129
SIMULATION_FORCING,1013.0,0.0,70.814,0.0,SYNTHETIC,5.591,2026-12-10T05:00:00+00:00,180.0,2.285
SIMULATION_FORCING,1013.0,0.0,71.064,0.0,SYNTHETIC,6.626,2026-12-10T06:00:00+00:00,180.0,2.23
SIMULATION_FORCING,1013.0,0.0,69.003,219.996,SYNTHETIC,7.832,2026-12-10T07:00:00+00:00,180.0,1.571
SIMULATION_FORCING,1013.0,0.0,62.252,425.0,SYNTHETIC,9.126,2026-12-10T08:00:00+00:00,180.0,1.679
SIMULATION_FORCING,1013.0,0.0,59.68,601.041,SYNTHETIC,10.421,2026-12-10T09:00:00+00:00,180.0,1.864
SIMULATION_FORCING,1013.0,0.0,57.12,736.122,SYNTHETIC,11.626,2026-12-10T10:00:00+00:00,180.0,1.799
SIMULATION_FORCING,1013.0,0.0,55.322,821.037,SYNTHETIC,12.662,2026-12-10T11:00:00+00:00,180.0,1.941
SIMULATION_FORCING,1013.0,0.0,52.521,850.0,SYNTHETIC,13.457,2026-12-10T12:00:00+00:00,180.0,1.538
SIMULATION_FORCING,1013.0,0.0,52.858,821.037,SYNTHETIC,13.956,2026-12-10T13:00:00+00:00,180.0,1.977
SIMULATION_FORCING,1013.0,0.0,57.567,736.122,SYNTHETIC,14.126,2026-12-10T14:00:00+00:00,180.0,2.235
SIMULATION_FORCING,1013.0,0.0,57.899,601.041,SYNTHETIC,13.956,2026-12-10T15:00:00+00:00,180.0,1.797
SIMULATION_FORCING,1013.0,0.0,61.181,425.0,SYNTHETIC,13.457,2026-12-10T16:00:00+00:00,180.0,1.766
SIMULATION_FORCING,1013.0,0.0,66.891,219.996,SYNTHETIC,12.662,2026-12-10T17:00:00+00:00,180.0,1.598
SIMULATION_FORCING,1013.0,0.0,73.639,0.0,SYNTHETIC,11.626,2026-12-10T18:00:00+00:00,180.0,1.859
SIMULATION_FORCING,1013.0,0.0,70.136,0.0,SYNTHETIC,10.421,2026-12-10T19:00:00+00:00,180.0,2.472
SIMULATION_FORCING,1013.0,0.0,70.635,0.0,SYNTHETIC,9.126,2026-12-10T20:00:00+00:00,180.0,1.806
SIMULATION_FORCING,1013.0,0.0,73.581,0.0,SYNTHETIC,7.832,2026-12-10T21:00:00+00:00,180.0,1.673
SIMULATION_FORCING,1013.0,0.0,70.523,0.0,SYNTHETIC,6.626,2026-12-10T22:00:00+00:00,180.0,1.754
SIMULATION_FORCING,1013.0,0.0,73.716,0.0,SYNTHETIC,5.591,2026-12-10T23:00:00+00:00,180.0,1.912
SIMULATION_FORCING,1013.0,0.0,73.341,0.0,SYNTHETIC,4.772,2026-12-11T00:00:00+00:00,180.0,2.005
SIMULATION_FORCING,1013.0,0.0,73.732,0.0,SYNTHETIC,4.272,2026-12-11T01:00:00+00:00,180.0,1.932
SIMULATION_FORCING,1013.0,0.0,71.496,0.0,SYNTHETIC,4.102,2026-12-11T02:00:00+00:00,180.0,2.14
SIMULATION_FORCING,1013.0,0.0,73.188,0.0,SYNTHETIC,4.272,2026-12-11T03:00:00+00:00,180.0,1.656
SIMULATION_FORCING,1013.0,0.0,71.757,0.0,SYNTHETIC,4.772,2026-12-11T04:00:00+00:00,180.0,1.667
SIMULATION_FORCING,1013.0,0.0,73.92,0.0,SYNTHETIC,5.566,2026-12-11T05:00:00+00:00,180.0,1.788
SIMULATION_FORCING,1013.0,0.0,71.701,0.0,SYNTHETIC,6.602,2026-12-11T06:00:00+00:00,180.0,1.798
SIMULATION_FORCING,1013.0,0.0,69.33,219.996,SYNTHETIC,7.808,2026-12-11T07:00:00+00:00,180.0,1.605
SIMULATION_FORCING,1013.0,0.0,62.892,425.0,SYNTHETIC,9.102,2026-12-11T08:00:00+00:00,180.0,1.9
SIMULATION_FORCING,1013.0,0.0,59.848,601.041,SYNTHETIC,10.396,2026-12-11T09:00:00+00:00,180.0,2.066
SIMULATION_FORCING,1013.0,0.0,55.403,736.122,SYNTHETIC,11.602,2026-12-11T10:00:00+00:00,180.0,2.412
SIMULATION_FORCING,1013.0,0.0,56.179,821.037,SYNTHETIC,12.637,2026-12-11T11:00:00+00:00,180.0,2.237
SIMULATION_FORCING,1013.0,0.0,53.337,850.0,SYNTHETIC,13.432,2026-12-11T12:00:00+00:00,180.0,1.976
SIMULATION_FORCING,1013.0,0.0,53.474,821.037,SYNTHETIC,13.932,2026-12-11T13:00:00+00:00,180.0,1.653
SIMULATION_FORCING,1013.0,0.0,57.372,736.122,SYNTHETIC,14.102,2026-12-11T14:00:00+00:00,180.0,2.079
SIMULATION_FORCING,1013.0,0.0,58.395,601.041,SYNTHETIC,13.932,2026-12-11T15:00:00+00:00,180.0,2.218
SIMULATION_FORCING,1013.0,0.0,61.444,425.0,SYNTHETIC,13.432,2026-12-11T16:00:00+00:00,180.0,2.119
SIMULATION_FORCING,1013.0,0.0,65.642,219.996,SYNTHETIC,12.637,2026-12-11T17:00:00+00:00,180.0,1.869
SIMULATION_FORCING,1013.0,0.0,71.608,0.0,SYNTHETIC,11.602,2026-12-11T18:00:00+00:00,180.0,2.259
SIMULATION_FORCING,1013.0,0.0,70.005,0.0,SYNTHETIC,10.396,2026-12-11T19:00:00+00:00,180.0,2.116
SIMULATION_FORCING,1013.0,0.0,73.0,0.0,SYNTHETIC,9.102,2026-12-11T20:00:00+00:00,180.0,2.465
SIMULATION_FORCING,1013.0,0.0,71.792,0.0,SYNTHETIC,7.808,2026-12-11T21:00:00+00:00,180.0,2.343
SIMULATION_FORCING,1013.0,0.0,73.934,0.0,SYNTHETIC,6.602,2026-12-11T22:00:00+00:00,180.0,1.807
SIMULATION_FORCING,1013.0,0.0,71.339,0.0,SYNTHETIC,5.566,2026-12-11T23:00:00+00:00,180.0,1.983
SIMULATION_FORCING,1013.0,0.0,73.348,0.0,SYNTHETIC,4.75,2026-12-12T00:00:00+00:00,180.0,2.356
SIMULATION_FORCING,1013.0,0.0,71.875,0.0,SYNTHETIC,4.25,2026-12-12T01:00:00+00:00,180.0,1.79
SIMULATION_FORCING,1013.0,0.0,70.969,0.0,SYNTHETIC,4.08,2026-12-12T02:00:00+00:00,180.0,1.999
SIMULATION_FORCING,1013.0,0.0,72.188,0.0,SYNTHETIC,4.25,2026-12-12T03:00:00+00:00,180.0,2.0
SIMULATION_FORCING,1013.0,0.0,70.883,0.0,SYNTHETIC,4.75,2026-12-12T04:00:00+00:00,180.0,2.217
SIMULATION_FORCING,1013.0,0.0,70.553,0.0,SYNTHETIC,5.544,2026-12-12T05:00:00+00:00,180.0,1.562
SIMULATION_FORCING,1013.0,0.0,71.204,0.0,SYNTHETIC,6.58,2026-12-12T06:00:00+00:00,180.0,2.063
SIMULATION_FORCING,1013.0,0.0,68.439,219.996,SYNTHETIC,7.786,2026-12-12T07:00:00+00:00,180.0,2.389
SIMULATION_FORCING,1013.0,0.0,62.246,425.0,SYNTHETIC,9.08,2026-12-12T08:00:00+00:00,180.0,2.354
SIMULATION_FORCING,1013.0,0.0,60.29,601.041,SYNTHETIC,10.374,2026-12-12T09:00:00+00:00,180.0,2.053
SIMULATION_FORCING,1013.0,0.0,56.351,736.122,SYNTHETIC,11.58,2026-12-12T10:00:00+00:00,180.0,2.025
SIMULATION_FORCING,1013.0,0.0,54.044,821.037,SYNTHETIC,12.616,2026-12-12T11:00:00+00:00,180.0,2.341
SIMULATION_FORCING,1013.0,0.0,54.137,850.0,SYNTHETIC,13.41,2026-12-12T12:00:00+00:00,180.0,1.839
SIMULATION_FORCING,1013.0,0.0,54.812,821.037,SYNTHETIC,13.91,2026-12-12T13:00:00+00:00,180.0,1.931
SIMULATION_FORCING,1013.0,0.0,57.946,736.122,SYNTHETIC,14.08,2026-12-12T14:00:00+00:00,180.0,1.574
SIMULATION_FORCING,1013.0,0.0,58.715,601.041,SYNTHETIC,13.91,2026-12-12T15:00:00+00:00,180.0,2.182
SIMULATION_FORCING,1013.0,0.0,61.486,425.0,SYNTHETIC,13.41,2026-12-12T16:00:00+00:00,180.0,2.342
SIMULATION_FORCING,1013.0,0.0,68.5,219.996,SYNTHETIC,12.616,2026-12-12T17:00:00+00:00,180.0,1.583
SIMULATION_FORCING,1013.0,0.0,72.775,0.0,SYNTHETIC,11.58,2026-12-12T18:00:00+00:00,180.0,1.562
SIMULATION_FORCING,1013.0,0.0,72.824,0.0,SYNTHETIC,10.374,2026-12-12T19:00:00+00:00,180.0,2.095
SIMULATION_FORCING,1013.0,0.0,71.442,0.0,SYNTHETIC,9.08,2026-12-12T20:00:00+00:00,180.0,2.323
SIMULATION_FORCING,1013.0,0.0,73.28,0.0,SYNTHETIC,7.786,2026-12-12T21:00:00+00:00,180.0,1.742
SIMULATION_FORCING,1013.0,0.0,72.219,0.0,SYNTHETIC,6.58,2026-12-12T22:00:00+00:00,180.0,1.77
SIMULATION_FORCING,1013.0,0.0,70.658,0.0,SYNTHETIC,5.544,2026-12-12T23:00:00+00:00,180.0,2.301
SIMULATION_FORCING,1013.0,0.0,70.886,0.0,SYNTHETIC,4.731,2026-12-13T00:00:00+00:00,180.0,2.005
SIMULATION_FORCING,1013.0,0.0,71.344,0.0,SYNTHETIC,4.231,2026-12-13T01:00:00+00:00,180.0,2.201
SIMULATION_FORCING,1013.0,0.0,70.006,0.0,SYNTHETIC,4.061,2026-12-13T02:00:00+00:00,180.0,1.837
SIMULATION_FORCING,1013.0,0.0,70.894,0.0,SYNTHETIC,4.231,2026-12-13T03:00:00+00:00,180.0,2.009
SIMULATION_FORCING,1013.0,0.0,70.546,0.0,SYNTHETIC,4.731,2026-12-13T04:00:00+00:00,180.0,2.011
SIMULATION_FORCING,1013.0,0.0,72.596,0.0,SYNTHETIC,5.525,2026-12-13T05:00:00+00:00,180.0,2.0
SIMULATION_FORCING,1013.0,0.0,72.813,0.0,SYNTHETIC,6.561,2026-12-13T06:00:00+00:00,180.0,1.738
SIMULATION_FORCING,1013.0,0.0,66.19,219.996,SYNTHETIC,7.767,2026-12-13T07:00:00+00:00,180.0,2.428
SIMULATION_FORCING,1013.0,0.0,63.086,425.0,SYNTHETIC,9.061,2026-12-13T08:00:00+00:00,180.0,1.947
SIMULATION_FORCING,1013.0,0.0,59.882,601.041,SYNTHETIC,10.355,2026-12-13T09:00:00+00:00,180.0,1.869
SIMULATION_FORCING,1013.0,0.0,56.645,736.122,SYNTHETIC,11.561,2026-12-13T10:00:00+00:00,180.0,1.563
SIMULATION_FORCING,1013.0,0.0,52.78,821.037,SYNTHETIC,12.596,2026-12-13T11:00:00+00:00,180.0,2.096
SIMULATION_FORCING,1013.0,0.0,54.19,850.0,SYNTHETIC,13.391,2026-12-13T12:00:00+00:00,180.0,1.82
SIMULATION_FORCING,1013.0,0.0,54.491,821.037,SYNTHETIC,13.89,2026-12-13T13:00:00+00:00,180.0,2.051
SIMULATION_FORCING,1013.0,0.0,55.071,736.122,SYNTHETIC,14.061,2026-12-13T14:00:00+00:00,180.0,1.759
SIMULATION_FORCING,1013.0,0.0,60.023,601.041,SYNTHETIC,13.89,2026-12-13T15:00:00+00:00,180.0,1.77
SIMULATION_FORCING,1013.0,0.0,64.067,425.0,SYNTHETIC,13.391,2026-12-13T16:00:00+00:00,180.0,2.299
SIMULATION_FORCING,1013.0,0.0,69.203,219.996,SYNTHETIC,12.596,2026-12-13T17:00:00+00:00,180.0,1.513
SIMULATION_FORCING,1013.0,0.0,70.043,0.0,SYNTHETIC,11.561,2026-12-13T18:00:00+00:00,180.0,1.54
SIMULATION_FORCING,1013.0,0.0,71.884,0.0,SYNTHETIC,10.355,2026-12-13T19:00:00+00:00,180.0,1.751
SIMULATION_FORCING,1013.0,0.0,70.297,0.0,SYNTHETIC,9.061,2026-12-13T20:00:00+00:00,180.0,2.426
SIMULATION_FORCING,1013.0,0.0,72.017,0.0,SYNTHETIC,7.767,2026-12-13T21:00:00+00:00,180.0,2.191
SIMULATION_FORCING,1013.0,0.0,72.086,0.0,SYNTHETIC,6.561,2026-12-13T22:00:00+00:00,180.0,2.179
SIMULATION_FORCING,1013.0,0.0,72.224,0.0,SYNTHETIC,5.525,2026-12-13T23:00:00+00:00,180.0,2.0
SIMULATION_FORCING,1013.0,0.0,72.434,0.0,SYNTHETIC,4.714,2026-12-14T00:00:00+00:00,180.0,2.019
SIMULATION_FORCING,1013.0,0.0,73.869,0.0,SYNTHETIC,4.214,2026-12-14T01:00:00+00:00,180.0,2.173
SIMULATION_FORCING,1013.0,0.0,71.197,0.0,SYNTHETIC,4.044,2026-12-14T02:00:00+00:00,180.0,2.263
SIMULATION_FORCING,1013.0,0.0,70.562,0.0,SYNTHETIC,4.214,2026-12-14T03:00:00+00:00,180.0,1.698
SIMULATION_FORCING,1013.0,0.0,71.806,0.0,SYNTHETIC,4.714,2026-12-14T04:00:00+00:00,180.0,1.722
SIMULATION_FORCING,1013.0,0.0,70.69,0.0,SYNTHETIC,5.509,2026-12-14T05:00:00+00:00,180.0,2.017
SIMULATION_FORCING,1013.0,0.0,70.779,0.0,SYNTHETIC,6.544,2026-12-14T06:00:00+00:00,180.0,1.813
SIMULATION_FORCING,1013.0,0.0,67.844,219.996,SYNTHETIC,7.75,2026-12-14T07:00:00+00:00,180.0,2.194
SIMULATION_FORCING,1013.0,0.0,61.535,425.0,SYNTHETIC,9.044,2026-12-14T08:00:00+00:00,180.0,2.256
SIMULATION_FORCING,1013.0,0.0,60.381,601.041,SYNTHETIC,10.338,2026-12-14T09:00:00+00:00,180.0,1.509
SIMULATION_FORCING,1013.0,0.0,58.13,736.122,SYNTHETIC,11.544,2026-12-14T10:00:00+00:00,180.0,1.664
SIMULATION_FORCING,1013.0,0.0,55.537,821.037,SYNTHETIC,12.58,2026-12-14T11:00:00+00:00,180.0,1.551
SIMULATION_FORCING,1013.0,0.0,55.226,850.0,SYNTHETIC,13.374,2026-12-14T12:00:00+00:00,180.0,1.556
SIMULATION_FORCING,1013.0,0.0,54.515,821.037,SYNTHETIC,13.874,2026-12-14T13:00:00+00:00,180.0,1.757
SIMULATION_FORCING,1013.0,0.0,56.92,736.122,SYNTHETIC,14.044,2026-12-14T14:00:00+00:00,180.0,1.746
SIMULATION_FORCING,1013.0,0.0,59.938,601.041,SYNTHETIC,13.874,2026-12-14T15:00:00+00:00,180.0,1.729
SIMULATION_FORCING,1013.0,0.0,63.303,425.0,SYNTHETIC,13.374,2026-12-14T16:00:00+00:00,180.0,1.986
SIMULATION_FORCING,1013.0,0.0,67.957,219.996,SYNTHETIC,12.58,2026-12-14T17:00:00+00:00,180.0,2.356
SIMULATION_FORCING,1013.0,0.0,70.4,0.0,SYNTHETIC,11.544,2026-12-14T18:00:00+00:00,180.0,1.636
SIMULATION_FORCING,1013.0,0.0,73.81,0.0,SYNTHETIC,10.338,2026-12-14T19:00:00+00:00,180.0,1.926
SIMULATION_FORCING,1013.0,0.0,72.114,0.0,SYNTHETIC,9.044,2026-12-14T20:00:00+00:00,180.0,2.094
SIMULATION_FORCING,1013.0,0.0,73.793,0.0,SYNTHETIC,7.75,2026-12-14T21:00:00+00:00,180.0,1.921
SIMULATION_FORCING,1013.0,0.0,72.198,0.0,SYNTHETIC,6.544,2026-12-14T22:00:00+00:00,180.0,2.003
SIMULATION_FORCING,1013.0,0.0,70.142,0.0,SYNTHETIC,5.509,2026-12-14T23:00:00+00:00,180.0,1.57
SIMULATION_FORCING,1013.0,0.0,70.796,0.0,SYNTHETIC,4.7,2026-12-15T00:00:00+00:00,180.0,1.854
SIMULATION_FORCING,1013.0,0.0,70.873,0.0,SYNTHETIC,4.2,2026-12-15T01:00:00+00:00,180.0,1.753
SIMULATION_FORCING,1013.0,0.0,73.722,0.0,SYNTHETIC,4.03,2026-12-15T02:00:00+00:00,180.0,2.176
SIMULATION_FORCING,1013.0,0.0,71.52,0.0,SYNTHETIC,4.2,2026-12-15T03:00:00+00:00,180.0,1.692
SIMULATION_FORCING,1013.0,0.0,70.482,0.0,SYNTHETIC,4.7,2026-12-15T04:00:00+00:00,180.0,1.584
SIMULATION_FORCING,1013.0,0.0,73.219,0.0,SYNTHETIC,5.495,2026-12-15T05:00:00+00:00,180.0,1.519
SIMULATION_FORCING,1013.0,0.0,73.479,0.0,SYNTHETIC,6.53,2026-12-15T06:00:00+00:00,180.0,2.181
SIMULATION_FORCING,1013.0,0.0,67.282,219.996,SYNTHETIC,7.736,2026-12-15T07:00:00+00:00,180.0,2.028
SIMULATION_FORCING,1013.0,0.0,62.631,425.0,SYNTHETIC,9.03,2026-12-15T08:00:00+00:00,180.0,2.11
SIMULATION_FORCING,1013.0,0.0,58.22,601.041,SYNTHETIC,10.324,2026-12-15T09:00:00+00:00,180.0,2.437
SIMULATION_FORCING,1013.0,0.0,55.269,736.122,SYNTHETIC,11.53,2026-12-15T10:00:00+00:00,180.0,2.463
SIMULATION_FORCING,1013.0,0.0,56.321,821.037,SYNTHETIC,12.566,2026-12-15T11:00:00+00:00,180.0,1.86
SIMULATION_FORCING,1013.0,0.0,52.152,850.0,SYNTHETIC,13.36,2026-12-15T12:00:00+00:00,180.0,1.61
SIMULATION_FORCING,1013.0,0.0,55.472,821.037,SYNTHETIC,13.86,2026-12-15T13:00:00+00:00,180.0,2.172
SIMULATION_FORCING,1013.0,0.0,54.619,736.122,SYNTHETIC,14.03,2026-12-15T14:00:00+00:00,180.0,1.817
SIMULATION_FORCING,1013.0,0.0,60.018,601.041,SYNTHETIC,13.86,2026-12-15T15:00:00+00:00,180.0,1.584
SIMULATION_FORCING,1013.0,0.0,63.32,425.0,SYNTHETIC,13.36,2026-12-15T16:00:00+00:00,180.0,2.363
SIMULATION_FORCING,1013.0,0.0,66.976,219.996,SYNTHETIC,12.566,2026-12-15T17:00:00+00:00,180.0,1.726
SIMULATION_FORCING,1013.0,0.0,70.713,0.0,SYNTHETIC,11.53,2026-12-15T18:00:00+00:00,180.0,1.546
SIMULATION_FORCING,1013.0,0.0,71.866,0.0,SYNTHETIC,10.324,2026-12-15T19:00:00+00:00,180.0,1.905
SIMULATION_FORCING,1013.0,0.0,72.072,0.0,SYNTHETIC,9.03,2026-12-15T20:00:00+00:00,180.0,2.03
SIMULATION_FORCING,1013.0,0.0,72.785,0.0,SYNTHETIC,7.736,2026-12-15T21:00:00+00:00,180.0,2.389
SIMULATION_FORCING,1013.0,0.0,72.975,0.0,SYNTHETIC,6.53,2026-12-15T22:00:00+00:00,180.0,1.792
SIMULATION_FORCING,1013.0,0.0,73.731,0.0,SYNTHETIC,5.495,2026-12-15T23:00:00+00:00,180.0,1.835
SIMULATION_FORCING,1013.0,0.0,71.398,0.0,SYNTHETIC,4.689,2026-12-16T00:00:00+00:00,180.0,1.857
SIMULATION_FORCING,1013.0,0.0,72.193,0.0,SYNTHETIC,4.189,2026-12-16T01:00:00+00:00,180.0,1.506
SIMULATION_FORCING,1013.0,0.0,70.091,0.0,SYNTHETIC,4.019,2026-12-16T02:00:00+00:00,180.0,2.405
SIMULATION_FORCING,1013.0,0.0,72.171,0.0,SYNTHETIC,4.189,2026-12-16T03:00:00+00:00,180.0,2.149
SIMULATION_FORCING,1013.0,0.0,73.196,0.0,SYNTHETIC,4.689,2026-12-16T04:00:00+00:00,180.0,2.115
SIMULATION_FORCING,1013.0,0.0,70.884,0.0,SYNTHETIC,5.483,2026-12-16T05:00:00+00:00,180.0,1.99
SIMULATION_FORCING,1013.0,0.0,71.051,0.0,SYNTHETIC,6.519,2026-12-16T06:00:00+00:00,180.0,2.434
SIMULATION_FORCING,1013.0,0.0,67.408,219.996,SYNTHETIC,7.725,2026-12-16T07:00:00+00:00,180.0,2.301
SIMULATION_FORCING,1013.0,0.0,61.704,425.0,SYNTHETIC,9.019,2026-12-16T08:00:00+00:00,180.0,2.103
SIMULATION_FORCING,1013.0,0.0,58.076,601.041,SYNTHETIC,10.313,2026-12-16T09:00:00+00:00,180.0,1.521
SIMULATION_FORCING,1013.0,0.0,55.622,736.122,SYNTHETIC,11.519,2026-12-16T10:00:00+00:00,180.0,2.27
SIMULATION_FORCING,1013.0,0.0,56.0,821.037,SYNTHETIC,12.554,2026-12-16T11:00:00+00:00,180.0,2.236
SIMULATION_FORCING,1013.0,0.0,53.867,850.0,SYNTHETIC,13.349,2026-12-16T12:00:00+00:00,180.0,1.543
SIMULATION_FORCING,1013.0,0.0,55.589,821.037,SYNTHETIC,13.848,2026-12-16T13:00:00+00:00,180.0,2.142
SIMULATION_FORCING,1013.0,0.0,56.964,736.122,SYNTHETIC,14.019,2026-12-16T14:00:00+00:00,180.0,2.341
SIMULATION_FORCING,1013.0,0.0,60.27,601.041,SYNTHETIC,13.848,2026-12-16T15:00:00+00:00,180.0,1.52
SIMULATION_FORCING,1013.0,0.0,63.982,425.0,SYNTHETIC,13.349,2026-12-16T16:00:00+00:00,180.0,2.296
SIMULATION_FORCING,1013.0,0.0,67.527,219.996,SYNTHETIC,12.554,2026-12-16T17:00:00+00:00,180.0,1.682
SIMULATION_FORCING,1013.0,0.0,72.729,0.0,SYNTHETIC,11.519,2026-12-16T18:00:00+00:00,180.0,1.856
SIMULATION_FORCING,1013.0,0.0,72.765,0.0,SYNTHETIC,10.313,2026-12-16T19:00:00+00:00,180.0,2.094
SIMULATION_FORCING,1013.0,0.0,72.655,0.0,SYNTHETIC,9.019,2026-12-16T20:00:00+00:00,180.0,1.864
SIMULATION_FORCING,1013.0,0.0,70.832,0.0,SYNTHETIC,7.725,2026-12-16T21:00:00+00:00,180.0,1.79
SIMULATION_FORCING,1013.0,0.0,73.38,0.0,SYNTHETIC,6.519,2026-12-16T22:00:00+00:00,180.0,1.729
SIMULATION_FORCING,1013.0,0.0,73.249,0.0,SYNTHETIC,5.483,2026-12-16T23:00:00+00:00,180.0,1.742
SIMULATION_FORCING,1013.0,0.0,71.063,0.0,SYNTHETIC,4.68,2026-12-17T00:00:00+00:00,180.0,2.145
SIMULATION_FORCING,1013.0,0.0,73.756,0.0,SYNTHETIC,4.18,2026-12-17T01:00:00+00:00,180.0,2.006
SIMULATION_FORCING,1013.0,0.0,73.322,0.0,SYNTHETIC,4.01,2026-12-17T02:00:00+00:00,180.0,1.967
SIMULATION_FORCING,1013.0,0.0,72.857,0.0,SYNTHETIC,4.18,2026-12-17T03:00:00+00:00,180.0,2.429
SIMULATION_FORCING,1013.0,0.0,71.916,0.0,SYNTHETIC,4.68,2026-12-17T04:00:00+00:00,180.0,1.773
SIMULATION_FORCING,1013.0,0.0,70.012,0.0,SYNTHETIC,5.475,2026-12-17T05:00:00+00:00,180.0,2.038
SIMULATION_FORCING,1013.0,0.0,71.936,0.0,SYNTHETIC,6.51,2026-12-17T06:00:00+00:00,180.0,1.738
SIMULATION_FORCING,1013.0,0.0,66.662,219.996,SYNTHETIC,7.716,2026-12-17T07:00:00+00:00,180.0,2.116
SIMULATION_FORCING,1013.0,0.0,63.813,425.0,SYNTHETIC,9.01,2026-12-17T08:00:00+00:00,180.0,2.063
SIMULATION_FORCING,1013.0,0.0,59.768,601.041,SYNTHETIC,10.304,2026-12-17T09:00:00+00:00,180.0,1.899
SIMULATION_FORCING,1013.0,0.0,57.039,736.122,SYNTHETIC,11.51,2026-12-17T10:00:00+00:00,180.0,1.789
SIMULATION_FORCING,1013.0,0.0,54.676,821.037,SYNTHETIC,12.546,2026-12-17T11:00:00+00:00,180.0,1.734
SIMULATION_FORCING,1013.0,0.0,54.252,850.0,SYNTHETIC,13.34,2026-12-17T12:00:00+00:00,180.0,1.702
SIMULATION_FORCING,1013.0,0.0,56.0,821.037,SYNTHETIC,13.84,2026-12-17T13:00:00+00:00,180.0,1.822
SIMULATION_FORCING,1013.0,0.0,54.944,736.122,SYNTHETIC,14.01,2026-12-17T14:00:00+00:00,180.0,2.273
SIMULATION_FORCING,1013.0,0.0,58.704,601.041,SYNTHETIC,13.84,2026-12-17T15:00:00+00:00,180.0,1.856
SIMULATION_FORCING,1013.0,0.0,62.294,425.0,SYNTHETIC,13.34,2026-12-17T16:00:00+00:00,180.0,1.671
SIMULATION_FORCING,1013.0,0.0,69.18,219.996,SYNTHETIC,12.546,2026-12-17T17:00:00+00:00,180.0,2.164
SIMULATION_FORCING,1013.0,0.0,73.676,0.0,SYNTHETIC,11.51,2026-12-17T18:00:00+00:00,180.0,1.943
SIMULATION_FORCING,1013.0,0.0,70.597,0.0,SYNTHETIC,10.304,2026-12-17T19:00:00+00:00,180.0,2.33
SIMULATION_FORCING,1013.0,0.0,72.331,0.0,SYNTHETIC,9.01,2026-12-17T20:00:00+00:00,180.0,1.576
SIMULATION_FORCING,1013.0,0.0,72.077,0.0,SYNTHETIC,7.716,2026-12-17T21:00:00+00:00,180.0,1.877
SIMULATION_FORCING,1013.0,0.0,71.195,0.0,SYNTHETIC,6.51,2026-12-17T22:00:00+00:00,180.0,1.701
SIMULATION_FORCING,1013.0,0.0,70.77,0.0,SYNTHETIC,5.475,2026-12-17T23:00:00+00:00,180.0,2.4
SIMULATION_FORCING,1013.0,0.0,73.645,0.0,SYNTHETIC,4.674,2026-12-18T00:00:00+00:00,180.0,2.187
SIMULATION_FORCING,1013.0,0.0,70.507,0.0,SYNTHETIC,4.174,2026-12-18T01:00:00+00:00,180.0,1.756
SIMULATION_FORCING,1013.0,0.0,70.755,0.0,SYNTHETIC,4.004,2026-12-18T02:00:00+00:00,180.0,2.31
SIMULATION_FORCING,1013.0,0.0,73.62,0.0,SYNTHETIC,4.174,2026-12-18T03:00:00+00:00,180.0,2.061
SIMULATION_FORCING,1013.0,0.0,72.948,0.0,SYNTHETIC,4.674,2026-12-18T04:00:00+00:00,180.0,1.542
SIMULATION_FORCING,1013.0,0.0,73.503,0.0,SYNTHETIC,5.469,2026-12-18T05:00:00+00:00,180.0,2.379
SIMULATION_FORCING,1013.0,0.0,70.121,0.0,SYNTHETIC,6.504,2026-12-18T06:00:00+00:00,180.0,1.702
SIMULATION_FORCING,1013.0,0.0,69.277,219.996,SYNTHETIC,7.71,2026-12-18T07:00:00+00:00,180.0,2.094
SIMULATION_FORCING,1013.0,0.0,61.426,425.0,SYNTHETIC,9.004,2026-12-18T08:00:00+00:00,180.0,2.379
SIMULATION_FORCING,1013.0,0.0,59.764,601.041,SYNTHETIC,10.298,2026-12-18T09:00:00+00:00,180.0,2.366
SIMULATION_FORCING,1013.0,0.0,55.352,736.122,SYNTHETIC,11.504,2026-12-18T10:00:00+00:00,180.0,2.05
SIMULATION_FORCING,1013.0,0.0,55.535,821.037,SYNTHETIC,12.54,2026-12-18T11:00:00+00:00,180.0,1.963
SIMULATION_FORCING,1013.0,0.0,55.284,850.0,SYNTHETIC,13.334,2026-12-18T12:00:00+00:00,180.0,1.964
SIMULATION_FORCING,1013.0,0.0,55.904,821.037,SYNTHETIC,13.834,2026-12-18T13:00:00+00:00,180.0,1.667
SIMULATION_FORCING,1013.0,0.0,57.31,736.122,SYNTHETIC,14.004,2026-12-18T14:00:00+00:00,180.0,2.234
SIMULATION_FORCING,1013.0,0.0,57.303,601.041,SYNTHETIC,13.834,2026-12-18T15:00:00+00:00,180.0,2.186
SIMULATION_FORCING,1013.0,0.0,61.586,425.0,SYNTHETIC,13.334,2026-12-18T16:00:00+00:00,180.0,2.291
SIMULATION_FORCING,1013.0,0.0,66.606,219.996,SYNTHETIC,12.54,2026-12-18T17:00:00+00:00,180.0,2.411
SIMULATION_FORCING,1013.0,0.0,71.579,0.0,SYNTHETIC,11.504,2026-12-18T18:00:00+00:00,180.0,1.978
SIMULATION_FORCING,1013.0,0.0,70.917,0.0,SYNTHETIC,10.298,2026-12-18T19:00:00+00:00,180.0,2.492
SIMULATION_FORCING,1013.0,0.0,70.359,0.0,SYNTHETIC,9.004,2026-12-18T20:00:00+00:00,180.0,2.467
SIMULATION_FORCING,1013.0,0.0,72.629,0.0,SYNTHETIC,7.71,2026-12-18T21:00:00+00:00,180.0,2.267
SIMULATION_FORCING,1013.0,0.0,73.315,0.0,SYNTHETIC,6.504,2026-12-18T22:00:00+00:00,180.0,2.08
SIMULATION_FORCING,1013.0,0.0,73.241,0.0,SYNTHETIC,5.469,2026-12-18T23:00:00+00:00,180.0,1.702
SIMULATION_FORCING,1013.0,0.0,72.356,0.0,SYNTHETIC,4.671,2026-12-19T00:00:00+00:00,180.0,2.041
SIMULATION_FORCING,1013.0,0.0,73.507,0.0,SYNTHETIC,4.171,2026-12-19T01:00:00+00:00,180.0,1.931
SIMULATION_FORCING,1013.0,0.0,72.6,0.0,SYNTHETIC,4.001,2026-12-19T02:00:00+00:00,180.0,1.8
SIMULATION_FORCING,1013.0,0.0,72.084,0.0,SYNTHETIC,4.171,2026-12-19T03:00:00+00:00,180.0,2.154
SIMULATION_FORCING,1013.0,0.0,73.099,0.0,SYNTHETIC,4.671,2026-12-19T04:00:00+00:00,180.0,2.227
SIMULATION_FORCING,1013.0,0.0,73.523,0.0,SYNTHETIC,5.465,2026-12-19T05:00:00+00:00,180.0,2.448
SIMULATION_FORCING,1013.0,0.0,70.966,0.0,SYNTHETIC,6.501,2026-12-19T06:00:00+00:00,180.0,2.154
SIMULATION_FORCING,1013.0,0.0,66.87,219.996,SYNTHETIC,7.707,2026-12-19T07:00:00+00:00,180.0,2.304
SIMULATION_FORCING,1013.0,0.0,61.331,425.0,SYNTHETIC,9.001,2026-12-19T08:00:00+00:00,180.0,1.684
SIMULATION_FORCING,1013.0,0.0,58.939,601.041,SYNTHETIC,10.295,2026-12-19T09:00:00+00:00,180.0,2.042
SIMULATION_FORCING,1013.0,0.0,55.011,736.122,SYNTHETIC,11.501,2026-12-19T10:00:00+00:00,180.0,1.849
SIMULATION_FORCING,1013.0,0.0,54.597,821.037,SYNTHETIC,12.536,2026-12-19T11:00:00+00:00,180.0,2.221
SIMULATION_FORCING,1013.0,0.0,54.373,850.0,SYNTHETIC,13.331,2026-12-19T12:00:00+00:00,180.0,2.43
SIMULATION_FORCING,1013.0,0.0,55.93,821.037,SYNTHETIC,13.83,2026-12-19T13:00:00+00:00,180.0,2.475
SIMULATION_FORCING,1013.0,0.0,57.177,736.122,SYNTHETIC,14.001,2026-12-19T14:00:00+00:00,180.0,1.885
SIMULATION_FORCING,1013.0,0.0,57.883,601.041,SYNTHETIC,13.83,2026-12-19T15:00:00+00:00,180.0,2.035
SIMULATION_FORCING,1013.0,0.0,61.181,425.0,SYNTHETIC,13.331,2026-12-19T16:00:00+00:00,180.0,1.627
SIMULATION_FORCING,1013.0,0.0,68.302,219.996,SYNTHETIC,12.536,2026-12-19T17:00:00+00:00,180.0,2.117
SIMULATION_FORCING,1013.0,0.0,73.357,0.0,SYNTHETIC,11.501,2026-12-19T18:00:00+00:00,180.0,1.67
SIMULATION_FORCING,1013.0,0.0,70.561,0.0,SYNTHETIC,10.295,2026-12-19T19:00:00+00:00,180.0,1.883
SIMULATION_FORCING,1013.0,0.0,72.348,0.0,SYNTHETIC,9.001,2026-12-19T20:00:00+00:00,180.0,1.66
SIMULATION_FORCING,1013.0,0.0,72.756,0.0,SYNTHETIC,7.707,2026-12-19T21:00:00+00:00,180.0,1.501
SIMULATION_FORCING,1013.0,0.0,72.955,0.0,SYNTHETIC,6.501,2026-12-19T22:00:00+00:00,180.0,2.349
SIMULATION_FORCING,1013.0,0.0,72.774,0.0,SYNTHETIC,5.465,2026-12-19T23:00:00+00:00,180.0,1.84
SIMULATION_FORCING,1013.0,0.0,72.839,0.0,SYNTHETIC,4.67,2026-12-20T00:00:00+00:00,180.0,2.385
SIMULATION_FORCING,1013.0,0.0,70.361,0.0,SYNTHETIC,4.17,2026-12-20T01:00:00+00:00,180.0,2.082
SIMULATION_FORCING,1013.0,0.0,70.249,0.0,SYNTHETIC,4.0,2026-12-20T02:00:00+00:00,180.0,1.592
SIMULATION_FORCING,1013.0,0.0,73.242,0.0,SYNTHETIC,4.17,2026-12-20T03:00:00+00:00,180.0,2.472
SIMULATION_FORCING,1013.0,0.0,70.692,0.0,SYNTHETIC,4.67,2026-12-20T04:00:00+00:00,180.0,1.725
SIMULATION_FORCING,1013.0,0.0,72.443,0.0,SYNTHETIC,5.465,2026-12-20T05:00:00+00:00,180.0,2.341
SIMULATION_FORCING,1013.0,0.0,70.935,0.0,SYNTHETIC,6.5,2026-12-20T06:00:00+00:00,180.0,2.314
SIMULATION_FORCING,1013.0,0.0,67.03,219.996,SYNTHETIC,7.706,2026-12-20T07:00:00+00:00,180.0,2.301
SIMULATION_FORCING,1013.0,0.0,63.507,425.0,SYNTHETIC,9.0,2026-12-20T08:00:00+00:00,180.0,1.655
SIMULATION_FORCING,1013.0,0.0,58.805,601.041,SYNTHETIC,10.294,2026-12-20T09:00:00+00:00,180.0,1.96
SIMULATION_FORCING,1013.0,0.0,56.096,736.122,SYNTHETIC,11.5,2026-12-20T10:00:00+00:00,180.0,1.983
SIMULATION_FORCING,1013.0,0.0,53.987,821.037,SYNTHETIC,12.536,2026-12-20T11:00:00+00:00,180.0,2.257
SIMULATION_FORCING,1013.0,0.0,55.472,850.0,SYNTHETIC,13.33,2026-12-20T12:00:00+00:00,180.0,2.025
SIMULATION_FORCING,1013.0,0.0,54.015,821.037,SYNTHETIC,13.83,2026-12-20T13:00:00+00:00,180.0,1.517
SIMULATION_FORCING,1013.0,0.0,58.119,736.122,SYNTHETIC,14.0,2026-12-20T14:00:00+00:00,180.0,2.291
SIMULATION_FORCING,1013.0,0.0,60.236,601.041,SYNTHETIC,13.83,2026-12-20T15:00:00+00:00,180.0,2.3
SIMULATION_FORCING,1013.0,0.0,61.163,425.0,SYNTHETIC,13.33,2026-12-20T16:00:00+00:00,180.0,2.16
SIMULATION_FORCING,1013.0,0.0,65.652,219.996,SYNTHETIC,12.536,2026-12-20T17:00:00+00:00,180.0,1.566
SIMULATION_FORCING,1013.0,0.0,73.74,0.0,SYNTHETIC,11.5,2026-12-20T18:00:00+00:00,180.0,2.471
SIMULATION_FORCING,1013.0,0.0,71.128,0.0,SYNTHETIC,10.294,2026-12-20T19:00:00+00:00,180.0,1.783
SIMULATION_FORCING,1013.0,0.0,71.782,0.0,SYNTHETIC,9.0,2026-12-20T20:00:00+00:00,180.0,1.54
SIMULATION_FORCING,1013.0,0.0,71.566,0.0,SYNTHETIC,7.706,2026-12-20T21:00:00+00:00,180.0,1.524
SIMULATION_FORCING,1013.0,0.0,73.102,0.0,SYNTHETIC,6.5,2026-12-20T22:00:00+00:00,180.0,1.895
SIMULATION_FORCING,1013.0,0.0,73.922,0.0,SYNTHETIC,5.465,2026-12-20T23:00:00+00:00,180.0,1.859
SIMULATION_FORCING,1013.0,0.0,71.022,0.0,SYNTHETIC,4.672,2026-12-21T00:00:00+00:00,180.0,1.833
SIMULATION_FORCING,1013.0,0.0,70.434,0.0,SYNTHETIC,4.172,2026-12-21T01:00:00+00:00,180.0,2.46
SIMULATION_FORCING,1013.0,0.0,71.907,0.0,SYNTHETIC,4.002,2026-12-21T02:00:00+00:00,180.0,1.865
SIMULATION_FORCING,1013.0,0.0,72.08,0.0,SYNTHETIC,4.172,2026-12-21T03:00:00+00:00,180.0,2.142
SIMULATION_FORCING,1013.0,0.0,72.094,0.0,SYNTHETIC,4.672,2026-12-21T04:00:00+00:00,180.0,2.118
SIMULATION_FORCING,1013.0,0.0,72.97,0.0,SYNTHETIC,5.467,2026-12-21T05:00:00+00:00,180.0,1.659
SIMULATION_FORCING,1013.0,0.0,71.646,0.0,SYNTHETIC,6.502,2026-12-21T06:00:00+00:00,180.0,1.857
SIMULATION_FORCING,1013.0,0.0,68.399,219.996,SYNTHETIC,7.708,2026-12-21T07:00:00+00:00,180.0,1.768
SIMULATION_FORCING,1013.0,0.0,64.639,425.0,SYNTHETIC,9.002,2026-12-21T08:00:00+00:00,180.0,1.723
SIMULATION_FORCING,1013.0,0.0,60.025,601.041,SYNTHETIC,10.296,2026-12-21T09:00:00+00:00,180.0,1.947
SIMULATION_FORCING,1013.0,0.0,57.656,736.122,SYNTHETIC,11.502,2026-12-21T10:00:00+00:00,180.0,2.446
SIMULATION_FORCING,1013.0,0.0,55.088,821.037,SYNTHETIC,12.538,2026-12-21T11:00:00+00:00,180.0,2.199
SIMULATION_FORCING,1013.0,0.0,55.159,850.0,SYNTHETIC,13.332,2026-12-21T12:00:00+00:00,180.0,1.672
SIMULATION_FORCING,1013.0,0.0,55.018,821.037,SYNTHETIC,13.832,2026-12-21T13:00:00+00:00,180.0,2.494
SIMULATION_FORCING,1013.0,0.0,57.144,736.122,SYNTHETIC,14.002,2026-12-21T14:00:00+00:00,180.0,1.883
SIMULATION_FORCING,1013.0,0.0,61.028,601.041,SYNTHETIC,13.832,2026-12-21T15:00:00+00:00,180.0,1.546
SIMULATION_FORCING,1013.0,0.0,62.396,425.0,SYNTHETIC,13.332,2026-12-21T16:00:00+00:00,180.0,2.087
SIMULATION_FORCING,1013.0,0.0,67.132,219.996,SYNTHETIC,12.538,2026-12-21T17:00:00+00:00,180.0,2.378
SIMULATION_FORCING,1013.0,0.0,71.746,0.0,SYNTHETIC,11.502,2026-12-21T18:00:00+00:00,180.0,2.338
SIMULATION_FORCING,1013.0,0.0,72.394,0.0,SYNTHETIC,10.296,2026-12-21T19:00:00+00:00,180.0,1.973
SIMULATION_FORCING,1013.0,0.0,72.366,0.0,SYNTHETIC,9.002,2026-12-21T20:00:00+00:00,180.0,1.871
SIMULATION_FORCING,1013.0,0.0,72.736,0.0,SYNTHETIC,7.708,2026-12-21T21:00:00+00:00,180.0,2.152
SIMULATION_FORCING,1013.0,0.0,72.054,0.0,SYNTHETIC,6.502,2026-12-21T22:00:00+00:00,180.0,1.887
SIMULATION_FORCING,1013.0,0.0,73.682,0.0,SYNTHETIC,5.467,2026-12-21T23:00:00+00:00,180.0,2.152
SIMULATION_FORCING,1013.0,0.0,71.052,0.0,SYNTHETIC,4.677,2026-12-22T00:00:00+00:00,180.0,2.246
SIMULATION_FORCING,1013.0,0.0,72.277,0.0,SYNTHETIC,4.177,2026-12-22T01:00:00+00:00,180.0,2.338
SIMULATION_FORCING,1013.0,0.0,70.961,0.0,SYNTHETIC,4.007,2026-12-22T02:00:00+00:00,180.0,2.426
SIMULATION_FORCING,1013.0,0.0,70.54,0.0,SYNTHETIC,4.177,2026-12-22T03:00:00+00:00,180.0,1.66
SIMULATION_FORCING,1013.0,0.0,71.191,0.0,SYNTHETIC,4.677,2026-12-22T04:00:00+00:00,180.0,1.669
SIMULATION_FORCING,1013.0,0.0,71.141,0.0,SYNTHETIC,5.471,2026-12-22T05:00:00+00:00,180.0,1.666
SIMULATION_FORCING,1013.0,0.0,71.352,0.0,SYNTHETIC,6.507,2026-12-22T06:00:00+00:00,180.0,1.947
SIMULATION_FORCING,1013.0,0.0,66.279,219.996,SYNTHETIC,7.713,2026-12-22T07:00:00+00:00,180.0,2.256
SIMULATION_FORCING,1013.0,0.0,63.776,425.0,SYNTHETIC,9.007,2026-12-22T08:00:00+00:00,180.0,1.816
SIMULATION_FORCING,1013.0,0.0,58.471,601.041,SYNTHETIC,10.301,2026-12-22T09:00:00+00:00,180.0,1.899
SIMULATION_FORCING,1013.0,0.0,54.735,736.122,SYNTHETIC,11.507,2026-12-22T10:00:00+00:00,180.0,2.194
SIMULATION_FORCING,1013.0,0.0,56.279,821.037,SYNTHETIC,12.542,2026-12-22T11:00:00+00:00,180.0,2.394
SIMULATION_FORCING,1013.0,0.0,55.942,850.0,SYNTHETIC,13.337,2026-12-22T12:00:00+00:00,180.0,1.868
SIMULATION_FORCING,1013.0,0.0,52.829,821.037,SYNTHETIC,13.836,2026-12-22T13:00:00+00:00,180.0,2.19
SIMULATION_FORCING,1013.0,0.0,58.159,736.122,SYNTHETIC,14.007,2026-12-22T14:00:00+00:00,180.0,2.393
SIMULATION_FORCING,1013.0,0.0,57.627,601.041,SYNTHETIC,13.836,2026-12-22T15:00:00+00:00,180.0,1.746
SIMULATION_FORCING,1013.0,0.0,64.219,425.0,SYNTHETIC,13.337,2026-12-22T16:00:00+00:00,180.0,2.196
SIMULATION_FORCING,1013.0,0.0,68.376,219.996,SYNTHETIC,12.542,2026-12-22T17:00:00+00:00,180.0,2.352
SIMULATION_FORCING,1013.0,0.0,70.595,0.0,SYNTHETIC,11.507,2026-12-22T18:00:00+00:00,180.0,1.88
SIMULATION_FORCING,1013.0,0.0,72.127,0.0,SYNTHETIC,10.301,2026-12-22T19:00:00+00:00,180.0,1.983
SIMULATION_FORCING,1013.0,0.0,71.001,0.0,SYNTHETIC,9.007,2026-12-22T20:00:00+00:00,180.0,2.224
SIMULATION_FORCING,1013.0,0.0,70.49,0.0,SYNTHETIC,7.713,2026-12-22T21:00:00+00:00,180.0,2.152
SIMULATION_FORCING,1013.0,0.0,70.722,0.0,SYNTHETIC,6.507,2026-12-22T22:00:00+00:00,180.0,1.985
SIMULATION_FORCING,1013.0,0.0,70.883,0.0,SYNTHETIC,5.471,2026-12-22T23:00:00+00:00,180.0,1.813
SIMULATION_FORCING,1013.0,0.0,72.691,0.0,SYNTHETIC,4.684,2026-12-23T00:00:00+00:00,180.0,2.134
SIMULATION_FORCING,1013.0,0.0,71.297,0.0,SYNTHETIC,4.184,2026-12-23T01:00:00+00:00,180.0,2.391
SIMULATION_FORCING,1013.0,0.0,73.347,0.0,SYNTHETIC,4.014,2026-12-23T02:00:00+00:00,180.0,1.997
SIMULATION_FORCING,1013.0,0.0,72.746,0.0,SYNTHETIC,4.184,2026-12-23T03:00:00+00:00,180.0,2.402
SIMULATION_FORCING,1013.0,0.0,73.14,0.0,SYNTHETIC,4.684,2026-12-23T04:00:00+00:00,180.0,1.547
SIMULATION_FORCING,1013.0,0.0,73.596,0.0,SYNTHETIC,5.479,2026-12-23T05:00:00+00:00,180.0,1.509
SIMULATION_FORCING,1013.0,0.0,73.248,0.0,SYNTHETIC,6.514,2026-12-23T06:00:00+00:00,180.0,2.041
SIMULATION_FORCING,1013.0,0.0,66.592,219.996,SYNTHETIC,7.72,2026-12-23T07:00:00+00:00,180.0,1.541
SIMULATION_FORCING,1013.0,0.0,63.218,425.0,SYNTHETIC,9.014,2026-12-23T08:00:00+00:00,180.0,2.337
SIMULATION_FORCING,1013.0,0.0,58.277,601.041,SYNTHETIC,10.308,2026-12-23T09:00:00+00:00,180.0,2.121
SIMULATION_FORCING,1013.0,0.0,56.125,736.122,SYNTHETIC,11.514,2026-12-23T10:00:00+00:00,180.0,2.44
SIMULATION_FORCING,1013.0,0.0,56.298,821.037,SYNTHETIC,12.55,2026-12-23T11:00:00+00:00,180.0,2.153
SIMULATION_FORCING,1013.0,0.0,55.93,850.0,SYNTHETIC,13.344,2026-12-23T12:00:00+00:00,180.0,1.851
SIMULATION_FORCING,1013.0,0.0,55.651,821.037,SYNTHETIC,13.844,2026-12-23T13:00:00+00:00,180.0,1.675
SIMULATION_FORCING,1013.0,0.0,55.029,736.122,SYNTHETIC,14.014,2026-12-23T14:00:00+00:00,180.0,2.313
SIMULATION_FORCING,1013.0,0.0,57.968,601.041,SYNTHETIC,13.844,2026-12-23T15:00:00+00:00,180.0,1.554
SIMULATION_FORCING,1013.0,0.0,64.144,425.0,SYNTHETIC,13.344,2026-12-23T16:00:00+00:00,180.0,1.564
SIMULATION_FORCING,1013.0,0.0,66.783,219.996,SYNTHETIC,12.55,2026-12-23T17:00:00+00:00,180.0,2.222
SIMULATION_FORCING,1013.0,0.0,73.584,0.0,SYNTHETIC,11.514,2026-12-23T18:00:00+00:00,180.0,2.193
SIMULATION_FORCING,1013.0,0.0,73.228,0.0,SYNTHETIC,10.308,2026-12-23T19:00:00+00:00,180.0,2.164
SIMULATION_FORCING,1013.0,0.0,73.218,0.0,SYNTHETIC,9.014,2026-12-23T20:00:00+00:00,180.0,1.632
SIMULATION_FORCING,1013.0,0.0,71.635,0.0,SYNTHETIC,7.72,2026-12-23T21:00:00+00:00,180.0,2.216
SIMULATION_FORCING,1013.0,0.0,73.64,0.0,SYNTHETIC,6.514,2026-12-23T22:00:00+00:00,180.0,2.369
SIMULATION_FORCING,1013.0,0.0,72.259,0.0,SYNTHETIC,5.479,2026-12-23T23:00:00+00:00,180.0,2.256
SIMULATION_FORCING,1013.0,0.0,71.016,0.0,SYNTHETIC,4.694,2026-12-24T00:00:00+00:00,180.0,1.688
SIMULATION_FORCING,1013.0,0.0,73.99,0.0,SYNTHETIC,4.194,2026-12-24T01:00:00+00:00,180.0,2.056
SIMULATION_FORCING,1013.0,0.0,70.195,0.0,SYNTHETIC,4.024,2026-12-24T02:00:00+00:00,180.0,1.979
SIMULATION_FORCING,1013.0,0.0,71.608,0.0,SYNTHETIC,4.194,2026-12-24T03:00:00+00:00,180.0,1.775
SIMULATION_FORCING,1013.0,0.0,73.917,0.0,SYNTHETIC,4.694,2026-12-24T04:00:00+00:00,180.0,1.902
SIMULATION_FORCING,1013.0,0.0,73.191,0.0,SYNTHETIC,5.489,2026-12-24T05:00:00+00:00,180.0,2.031
SIMULATION_FORCING,1013.0,0.0,71.581,0.0,SYNTHETIC,6.524,2026-12-24T06:00:00+00:00,180.0,1.619
SIMULATION_FORCING,1013.0,0.0,67.546,219.996,SYNTHETIC,7.73,2026-12-24T07:00:00+00:00,180.0,2.42
SIMULATION_FORCING,1013.0,0.0,64.095,425.0,SYNTHETIC,9.024,2026-12-24T08:00:00+00:00,180.0,1.827
SIMULATION_FORCING,1013.0,0.0,60.618,601.041,SYNTHETIC,10.318,2026-12-24T09:00:00+00:00,180.0,2.336
SIMULATION_FORCING,1013.0,0.0,54.859,736.122,SYNTHETIC,11.524,2026-12-24T10:00:00+00:00,180.0,2.358
SIMULATION_FORCING,1013.0,0.0,54.875,821.037,SYNTHETIC,12.56,2026-12-24T11:00:00+00:00,180.0,1.966
SIMULATION_FORCING,1013.0,0.0,54.885,850.0,SYNTHETIC,13.354,2026-12-24T12:00:00+00:00,180.0,1.575
SIMULATION_FORCING,1013.0,0.0,56.182,821.037,SYNTHETIC,13.854,2026-12-24T13:00:00+00:00,180.0,1.607
SIMULATION_FORCING,1013.0,0.0,54.905,736.122,SYNTHETIC,14.024,2026-12-24T14:00:00+00:00,180.0,2.117
SIMULATION_FORCING,1013.0,0.0,58.638,601.041,SYNTHETIC,13.854,2026-12-24T15:00:00+00:00,180.0,1.691
SIMULATION_FORCING,1013.0,0.0,61.71,425.0,SYNTHETIC,13.354,2026-12-24T16:00:00+00:00,180.0,2.178
SIMULATION_FORCING,1013.0,0.0,68.148,219.996,SYNTHETIC,12.56,2026-12-24T17:00:00+00:00,180.0,1.694
SIMULATION_FORCING,1013.0,0.0,71.274,0.0,SYNTHETIC,11.524,2026-12-24T18:00:00+00:00,180.0,2.013
SIMULATION_FORCING,1013.0,0.0,70.106,0.0,SYNTHETIC,10.318,2026-12-24T19:00:00+00:00,180.0,1.733
SIMULATION_FORCING,1013.0,0.0,70.238,0.0,SYNTHETIC,9.024,2026-12-24T20:00:00+00:00,180.0,1.786
SIMULATION_FORCING,1013.0,0.0,72.888,0.0,SYNTHETIC,7.73,2026-12-24T21:00:00+00:00,180.0,2.21
SIMULATION_FORCING,1013.0,0.0,71.864,0.0,SYNTHETIC,6.524,2026-12-24T22:00:00+00:00,180.0,2.047
SIMULATION_FORCING,1013.0,0.0,73.098,0.0,SYNTHETIC,5.489,2026-12-24T23:00:00+00:00,180.0,2.065
SIMULATION_FORCING,1013.0,0.0,71.819,0.0,SYNTHETIC,4.707,2026-12-25T00:00:00+00:00,180.0,1.666
SIMULATION_FORCING,1013.0,0.0,72.458,0.0,SYNTHETIC,4.207,2026-12-25T01:00:00+00:00,180.0,1.564
SIMULATION_FORCING,1013.0,0.0,70.785,0.0,SYNTHETIC,4.037,2026-12-25T02:00:00+00:00,180.0,1.752
SIMULATION_FORCING,1013.0,0.0,72.109,0.0,SYNTHETIC,4.207,2026-12-25T03:00:00+00:00,180.0,1.769
SIMULATION_FORCING,1013.0,0.0,71.404,0.0,SYNTHETIC,4.707,2026-12-25T04:00:00+00:00,180.0,2.245
SIMULATION_FORCING,1013.0,0.0,70.025,0.0,SYNTHETIC,5.501,2026-12-25T05:00:00+00:00,180.0,1.803
SIMULATION_FORCING,1013.0,0.0,71.705,0.0,SYNTHETIC,6.537,2026-12-25T06:00:00+00:00,180.0,1.747
SIMULATION_FORCING,1013.0,0.0,66.219,219.996,SYNTHETIC,7.743,2026-12-25T07:00:00+00:00,180.0,2.003
SIMULATION_FORCING,1013.0,0.0,62.111,425.0,SYNTHETIC,9.037,2026-12-25T08:00:00+00:00,180.0,1.626
SIMULATION_FORCING,1013.0,0.0,59.064,601.041,SYNTHETIC,10.331,2026-12-25T09:00:00+00:00,180.0,1.783
SIMULATION_FORCING,1013.0,0.0,58.137,736.122,SYNTHETIC,11.537,2026-12-25T10:00:00+00:00,180.0,2.498
SIMULATION_FORCING,1013.0,0.0,54.374,821.037,SYNTHETIC,12.572,2026-12-25T11:00:00+00:00,180.0,1.606
SIMULATION_FORCING,1013.0,0.0,52.048,850.0,SYNTHETIC,13.367,2026-12-25T12:00:00+00:00,180.0,1.689
SIMULATION_FORCING,1013.0,0.0,53.577,821.037,SYNTHETIC,13.866,2026-12-25T13:00:00+00:00,180.0,1.984
SIMULATION_FORCING,1013.0,0.0,54.869,736.122,SYNTHETIC,14.037,2026-12-25T14:00:00+00:00,180.0,2.285
SIMULATION_FORCING,1013.0,0.0,59.38,601.041,SYNTHETIC,13.866,2026-12-25T15:00:00+00:00,180.0,1.631
SIMULATION_FORCING,1013.0,0.0,61.826,425.0,SYNTHETIC,13.367,2026-12-25T16:00:00+00:00,180.0,2.483
SIMULATION_FORCING,1013.0,0.0,65.478,219.996,SYNTHETIC,12.572,2026-12-25T17:00:00+00:00,180.0,2.328
SIMULATION_FORCING,1013.0,0.0,71.361,0.0,SYNTHETIC,11.537,2026-12-25T18:00:00+00:00,180.0,2.289
SIMULATION_FORCING,1013.0,0.0,71.626,0.0,SYNTHETIC,10.331,2026-12-25T19:00:00+00:00,180.0,2.408
SIMULATION_FORCING,1013.0,0.0,70.252,0.0,SYNTHETIC,9.037,2026-12-25T20:00:00+00:00,180.0,2.356
SIMULATION_FORCING,1013.0,0.0,70.378,0.0,SYNTHETIC,7.743,2026-12-25T21:00:00+00:00,180.0,2.232
SIMULATION_FORCING,1013.0,0.0,70.44,0.0,SYNTHETIC,6.537,2026-12-25T22:00:00+00:00,180.0,1.502
SIMULATION_FORCING,1013.0,0.0,71.689,0.0,SYNTHETIC,5.501,2026-12-25T23:00:00+00:00,180.0,2.093
SIMULATION_FORCING,1013.0,0.0,70.025,0.0,SYNTHETIC,4.722,2026-12-26T00:00:00+00:00,180.0,2.467
SIMULATION_FORCING,1013.0,0.0,72.58,0.0,SYNTHETIC,4.222,2026-12-26T01:00:00+00:00,180.0,2.02
SIMULATION_FORCING,1013.0,0.0,70.449,0.0,SYNTHETIC,4.052,2026-12-26T02:00:00+00:00,180.0,2.362
SIMULATION_FORCING,1013.0,0.0,73.59,0.0,SYNTHETIC,4.222,2026-12-26T03:00:00+00:00,180.0,1.791
SIMULATION_FORCING,1013.0,0.0,70.723,0.0,SYNTHETIC,4.722,2026-12-26T04:00:00+00:00,180.0,2.154
SIMULATION_FORCING,1013.0,0.0,73.268,0.0,SYNTHETIC,5.517,2026-12-26T05:00:00+00:00,180.0,2.192
SIMULATION_FORCING,1013.0,0.0,71.463,0.0,SYNTHETIC,6.552,2026-12-26T06:00:00+00:00,180.0,1.905
SIMULATION_FORCING,1013.0,0.0,67.454,219.996,SYNTHETIC,7.758,2026-12-26T07:00:00+00:00,180.0,2.129
SIMULATION_FORCING,1013.0,0.0,61.593,425.0,SYNTHETIC,9.052,2026-12-26T08:00:00+00:00,180.0,2.405
SIMULATION_FORCING,1013.0,0.0,59.466,601.041,SYNTHETIC,10.346,2026-12-26T09:00:00+00:00,180.0,1.832
SIMULATION_FORCING,1013.0,0.0,58.104,736.122,SYNTHETIC,11.552,2026-12-26T10:00:00+00:00,180.0,1.683
SIMULATION_FORCING,1013.0,0.0,56.334,821.037,SYNTHETIC,12.588,2026-12-26T11:00:00+00:00,180.0,2.325
SIMULATION_FORCING,1013.0,0.0,55.483,850.0,SYNTHETIC,13.382,2026-12-26T12:00:00+00:00,180.0,2.408
SIMULATION_FORCING,1013.0,0.0,52.648,821.037,SYNTHETIC,13.882,2026-12-26T13:00:00+00:00,180.0,2.365
SIMULATION_FORCING,1013.0,0.0,55.832,736.122,SYNTHETIC,14.052,2026-12-26T14:00:00+00:00,180.0,1.678
SIMULATION_FORCING,1013.0,0.0,59.306,601.041,SYNTHETIC,13.882,2026-12-26T15:00:00+00:00,180.0,2.028
SIMULATION_FORCING,1013.0,0.0,64.142,425.0,SYNTHETIC,13.382,2026-12-26T16:00:00+00:00,180.0,1.781
SIMULATION_FORCING,1013.0,0.0,68.239,219.996,SYNTHETIC,12.588,2026-12-26T17:00:00+00:00,180.0,1.677
SIMULATION_FORCING,1013.0,0.0,72.768,0.0,SYNTHETIC,11.552,2026-12-26T18:00:00+00:00,180.0,1.787
SIMULATION_FORCING,1013.0,0.0,72.997,0.0,SYNTHETIC,10.346,2026-12-26T19:00:00+00:00,180.0,2.351
SIMULATION_FORCING,1013.0,0.0,72.105,0.0,SYNTHETIC,9.052,2026-12-26T20:00:00+00:00,180.0,1.634
SIMULATION_FORCING,1013.0,0.0,71.368,0.0,SYNTHETIC,7.758,2026-12-26T21:00:00+00:00,180.0,1.621
SIMULATION_FORCING,1013.0,0.0,72.689,0.0,SYNTHETIC,6.552,2026-12-26T22:00:00+00:00,180.0,2.28
SIMULATION_FORCING,1013.0,0.0,71.524,0.0,SYNTHETIC,5.517,2026-12-26T23:00:00+00:00,180.0,1.959
SIMULATION_FORCING,1013.0,0.0,70.917,0.0,SYNTHETIC,4.74,2026-12-27T00:00:00+00:00,180.0,2.355
SIMULATION_FORCING,1013.0,0.0,70.652,0.0,SYNTHETIC,4.24,2026-12-27T01:00:00+00:00,180.0,2.489
SIMULATION_FORCING,1013.0,0.0,73.46,0.0,SYNTHETIC,4.07,2026-12-27T02:00:00+00:00,180.0,2.289
SIMULATION_FORCING,1013.0,0.0,72.993,0.0,SYNTHETIC,4.24,2026-12-27T03:00:00+00:00,180.0,2.28
SIMULATION_FORCING,1013.0,0.0,70.265,0.0,SYNTHETIC,4.74,2026-12-27T04:00:00+00:00,180.0,1.937
SIMULATION_FORCING,1013.0,0.0,70.574,0.0,SYNTHETIC,5.534,2026-12-27T05:00:00+00:00,180.0,1.955
SIMULATION_FORCING,1013.0,0.0,72.836,0.0,SYNTHETIC,6.57,2026-12-27T06:00:00+00:00,180.0,2.34
SIMULATION_FORCING,1013.0,0.0,69.151,219.996,SYNTHETIC,7.776,2026-12-27T07:00:00+00:00,180.0,1.979
SIMULATION_FORCING,1013.0,0.0,64.537,425.0,SYNTHETIC,9.07,2026-12-27T08:00:00+00:00,180.0,1.892
SIMULATION_FORCING,1013.0,0.0,58.271,601.041,SYNTHETIC,10.364,2026-12-27T09:00:00+00:00,180.0,2.254
SIMULATION_FORCING,1013.0,0.0,56.916,736.122,SYNTHETIC,11.57,2026-12-27T10:00:00+00:00,180.0,1.512
SIMULATION_FORCING,1013.0,0.0,54.666,821.037,SYNTHETIC,12.606,2026-12-27T11:00:00+00:00,180.0,2.218
SIMULATION_FORCING,1013.0,0.0,53.072,850.0,SYNTHETIC,13.4,2026-12-27T12:00:00+00:00,180.0,2.458
SIMULATION_FORCING,1013.0,0.0,55.169,821.037,SYNTHETIC,13.9,2026-12-27T13:00:00+00:00,180.0,2.117
SIMULATION_FORCING,1013.0,0.0,56.036,736.122,SYNTHETIC,14.07,2026-12-27T14:00:00+00:00,180.0,1.525
SIMULATION_FORCING,1013.0,0.0,57.853,601.041,SYNTHETIC,13.9,2026-12-27T15:00:00+00:00,180.0,1.927
SIMULATION_FORCING,1013.0,0.0,64.596,425.0,SYNTHETIC,13.4,2026-12-27T16:00:00+00:00,180.0,2.333
SIMULATION_FORCING,1013.0,0.0,68.045,219.996,SYNTHETIC,12.606,2026-12-27T17:00:00+00:00,180.0,1.745
SIMULATION_FORCING,1013.0,0.0,72.61,0.0,SYNTHETIC,11.57,2026-12-27T18:00:00+00:00,180.0,2.002
SIMULATION_FORCING,1013.0,0.0,71.339,0.0,SYNTHETIC,10.364,2026-12-27T19:00:00+00:00,180.0,1.938
SIMULATION_FORCING,1013.0,0.0,73.813,0.0,SYNTHETIC,9.07,2026-12-27T20:00:00+00:00,180.0,2.446
SIMULATION_FORCING,1013.0,0.0,73.408,0.0,SYNTHETIC,7.776,2026-12-27T21:00:00+00:00,180.0,1.776
SIMULATION_FORCING,1013.0,0.0,70.58,0.0,SYNTHETIC,6.57,2026-12-27T22:00:00+00:00,180.0,2.467
SIMULATION_FORCING,1013.0,0.0,70.696,0.0,SYNTHETIC,5.534,2026-12-27T23:00:00+00:00,180.0,1.868
SIMULATION_FORCING,1013.0,0.0,72.512,0.0,SYNTHETIC,4.76,2026-12-28T00:00:00+00:00,180.0,1.864
SIMULATION_FORCING,1013.0,0.0,71.651,0.0,SYNTHETIC,4.261,2026-12-28T01:00:00+00:00,180.0,1.781
SIMULATION_FORCING,1013.0,0.0,72.754,0.0,SYNTHETIC,4.091,2026-12-28T02:00:00+00:00,180.0,1.54
SIMULATION_FORCING,1013.0,0.0,71.717,0.0,SYNTHETIC,4.261,2026-12-28T03:00:00+00:00,180.0,2.451
SIMULATION_FORCING,1013.0,0.0,71.058,0.0,SYNTHETIC,4.76,2026-12-28T04:00:00+00:00,180.0,2.405
SIMULATION_FORCING,1013.0,0.0,70.43,0.0,SYNTHETIC,5.555,2026-12-28T05:00:00+00:00,180.0,1.716
SIMULATION_FORCING,1013.0,0.0,71.284,0.0,SYNTHETIC,6.591,2026-12-28T06:00:00+00:00,180.0,2.007
SIMULATION_FORCING,1013.0,0.0,68.417,219.996,SYNTHETIC,7.797,2026-12-28T07:00:00+00:00,180.0,1.853
SIMULATION_FORCING,1013.0,0.0,64.444,425.0,SYNTHETIC,9.091,2026-12-28T08:00:00+00:00,180.0,1.826
SIMULATION_FORCING,1013.0,0.0,60.344,601.041,SYNTHETIC,10.385,2026-12-28T09:00:00+00:00,180.0,2.203
SIMULATION_FORCING,1013.0,0.0,55.787,736.122,SYNTHETIC,11.591,2026-12-28T10:00:00+00:00,180.0,2.231
SIMULATION_FORCING,1013.0,0.0,53.356,821.037,SYNTHETIC,12.626,2026-12-28T11:00:00+00:00,180.0,2.443
SIMULATION_FORCING,1013.0,0.0,55.042,850.0,SYNTHETIC,13.421,2026-12-28T12:00:00+00:00,180.0,1.94
SIMULATION_FORCING,1013.0,0.0,56.096,821.037,SYNTHETIC,13.92,2026-12-28T13:00:00+00:00,180.0,1.859
SIMULATION_FORCING,1013.0,0.0,55.334,736.122,SYNTHETIC,14.091,2026-12-28T14:00:00+00:00,180.0,2.174
SIMULATION_FORCING,1013.0,0.0,60.663,601.041,SYNTHETIC,13.92,2026-12-28T15:00:00+00:00,180.0,1.749
SIMULATION_FORCING,1013.0,0.0,62.038,425.0,SYNTHETIC,13.421,2026-12-28T16:00:00+00:00,180.0,2.31
SIMULATION_FORCING,1013.0,0.0,65.543,219.996,SYNTHETIC,12.626,2026-12-28T17:00:00+00:00,180.0,1.559
SIMULATION_FORCING,1013.0,0.0,72.104,0.0,SYNTHETIC,11.591,2026-12-28T18:00:00+00:00,180.0,2.41
SIMULATION_FORCING,1013.0,0.0,71.14,0.0,SYNTHETIC,10.385,2026-12-28T19:00:00+00:00,180.0,1.954
SIMULATION_FORCING,1013.0,0.0,71.299,0.0,SYNTHETIC,9.091,2026-12-28T20:00:00+00:00,180.0,1.685
SIMULATION_FORCING,1013.0,0.0,72.83,0.0,SYNTHETIC,7.797,2026-12-28T21:00:00+00:00,180.0,1.525
SIMULATION_FORCING,1013.0,0.0,70.842,0.0,SYNTHETIC,6.591,2026-12-28T22:00:00+00:00,180.0,2.286
SIMULATION_FORCING,1013.0,0.0,71.121,0.0,SYNTHETIC,5.555,2026-12-28T23:00:00+00:00,180.0,1.806
SIMULATION_FORCING,1013.0,0.0,72.191,0.0,SYNTHETIC,4.784,2026-12-29T00:00:00+00:00,180.0,1.583
SIMULATION_FORCING,1013.0,0.0,72.135,0.0,SYNTHETIC,4.284,2026-12-29T01:00:00+00:00,180.0,1.901
SIMULATION_FORCING,1013.0,0.0,70.129,0.0,SYNTHETIC,4.114,2026-12-29T02:00:00+00:00,180.0,2.076
SIMULATION_FORCING,1013.0,0.0,71.516,0.0,SYNTHETIC,4.284,2026-12-29T03:00:00+00:00,180.0,1.884
SIMULATION_FORCING,1013.0,0.0,72.847,0.0,SYNTHETIC,4.784,2026-12-29T04:00:00+00:00,180.0,2.096
SIMULATION_FORCING,1013.0,0.0,70.015,0.0,SYNTHETIC,5.578,2026-12-29T05:00:00+00:00,180.0,2.187
SIMULATION_FORCING,1013.0,0.0,70.936,0.0,SYNTHETIC,6.614,2026-12-29T06:00:00+00:00,180.0,2.331
SIMULATION_FORCING,1013.0,0.0,69.238,219.996,SYNTHETIC,7.82,2026-12-29T07:00:00+00:00,180.0,2.194
SIMULATION_FORCING,1013.0,0.0,64.125,425.0,SYNTHETIC,9.114,2026-12-29T08:00:00+00:00,180.0,1.762
SIMULATION_FORCING,1013.0,0.0,58.893,601.041,SYNTHETIC,10.408,2026-12-29T09:00:00+00:00,180.0,2.252
SIMULATION_FORCING,1013.0,0.0,57.56,736.122,SYNTHETIC,11.614,2026-12-29T10:00:00+00:00,180.0,2.091
SIMULATION_FORCING,1013.0,0.0,55.963,821.037,SYNTHETIC,12.649,2026-12-29T11:00:00+00:00,180.0,1.517
SIMULATION_FORCING,1013.0,0.0,55.751,850.0,SYNTHETIC,13.444,2026-12-29T12:00:00+00:00,180.0,1.82
SIMULATION_FORCING,1013.0,0.0,55.017,821.037,SYNTHETIC,13.943,2026-12-29T13:00:00+00:00,180.0,1.98
SIMULATION_FORCING,1013.0,0.0,58.317,736.122,SYNTHETIC,14.114,2026-12-29T14:00:00+00:00,180.0,2.233
SIMULATION_FORCING,1013.0,0.0,58.865,601.041,SYNTHETIC,13.943,2026-12-29T15:00:00+00:00,180.0,2.002
SIMULATION_FORCING,1013.0,0.0,64.175,425.0,SYNTHETIC,13.444,2026-12-29T16:00:00+00:00,180.0,1.752
SIMULATION_FORCING,1013.0,0.0,67.388,219.996,SYNTHETIC,12.649,2026-12-29T17:00:00+00:00,180.0,1.777
SIMULATION_FORCING,1013.0,0.0,70.727,0.0,SYNTHETIC,11.614,2026-12-29T18:00:00+00:00,180.0,2.448
SIMULATION_FORCING,1013.0,0.0,71.385,0.0,SYNTHETIC,10.408,2026-12-29T19:00:00+00:00,180.0,2.163
SIMULATION_FORCING,1013.0,0.0,70.126,0.0,SYNTHETIC,9.114,2026-12-29T20:00:00+00:00,180.0,1.697
SIMULATION_FORCING,1013.0,0.0,71.86,0.0,SYNTHETIC,7.82,2026-12-29T21:00:00+00:00,180.0,1.879
SIMULATION_FORCING,1013.0,0.0,70.957,0.0,SYNTHETIC,6.614,2026-12-29T22:00:00+00:00,180.0,2.027
SIMULATION_FORCING,1013.0,0.0,73.515,0.0,SYNTHETIC,5.578,2026-12-29T23:00:00+00:00,180.0,2.053
SIMULATION_FORCING,1013.0,0.0,72.466,0.0,SYNTHETIC,4.81,2026-12-30T00:00:00+00:00,180.0,1.621
SIMULATION_FORCING,1013.0,0.0,71.278,0.0,SYNTHETIC,4.31,2026-12-30T01:00:00+00:00,180.0,2.095
SIMULATION_FORCING,1013.0,0.0,72.513,0.0,SYNTHETIC,4.14,2026-12-30T02:00:00+00:00,180.0,1.593
SIMULATION_FORCING,1013.0,0.0,71.752,0.0,SYNTHETIC,4.31,2026-12-30T03:00:00+00:00,180.0,2.183
SIMULATION_FORCING,1013.0,0.0,70.739,0.0,SYNTHETIC,4.81,2026-12-30T04:00:00+00:00,180.0,1.776
SIMULATION_FORCING,1013.0,0.0,72.96,0.0,SYNTHETIC,5.604,2026-12-30T05:00:00+00:00,180.0,1.547
SIMULATION_FORCING,1013.0,0.0,72.113,0.0,SYNTHETIC,6.64,2026-12-30T06:00:00+00:00,180.0,1.913
SIMULATION_FORCING,1013.0,0.0,65.449,219.996,SYNTHETIC,7.846,2026-12-30T07:00:00+00:00,180.0,2.141
SIMULATION_FORCING,1013.0,0.0,62.256,425.0,SYNTHETIC,9.14,2026-12-30T08:00:00+00:00,180.0,1.546
SIMULATION_FORCING,1013.0,0.0,59.675,601.041,SYNTHETIC,10.434,2026-12-30T09:00:00+00:00,180.0,1.924
SIMULATION_FORCING,1013.0,0.0,55.08,736.122,SYNTHETIC,11.64,2026-12-30T10:00:00+00:00,180.0,2.264
SIMULATION_FORCING,1013.0,0.0,55.463,821.037,SYNTHETIC,12.675,2026-12-30T11:00:00+00:00,180.0,2.294
SIMULATION_FORCING,1013.0,0.0,53.721,850.0,SYNTHETIC,13.47,2026-12-30T12:00:00+00:00,180.0,2.233
SIMULATION_FORCING,1013.0,0.0,53.328,821.037,SYNTHETIC,13.969,2026-12-30T13:00:00+00:00,180.0,1.752
SIMULATION_FORCING,1013.0,0.0,55.652,736.122,SYNTHETIC,14.14,2026-12-30T14:00:00+00:00,180.0,2.347
SIMULATION_FORCING,1013.0,0.0,58.042,601.041,SYNTHETIC,13.969,2026-12-30T15:00:00+00:00,180.0,2.319
SIMULATION_FORCING,1013.0,0.0,64.454,425.0,SYNTHETIC,13.47,2026-12-30T16:00:00+00:00,180.0,1.884
SIMULATION_FORCING,1013.0,0.0,69.083,219.996,SYNTHETIC,12.675,2026-12-30T17:00:00+00:00,180.0,1.583
SIMULATION_FORCING,1013.0,0.0,73.884,0.0,SYNTHETIC,11.64,2026-12-30T18:00:00+00:00,180.0,2.241
SIMULATION_FORCING,1013.0,0.0,71.926,0.0,SYNTHETIC,10.434,2026-12-30T19:00:00+00:00,180.0,1.899
SIMULATION_FORCING,1013.0,0.0,73.742,0.0,SYNTHETIC,9.14,2026-12-30T20:00:00+00:00,180.0,2.232
SIMULATION_FORCING,1013.0,0.0,71.655,0.0,SYNTHETIC,7.846,2026-12-30T21:00:00+00:00,180.0,1.568
SIMULATION_FORCING,1013.0,0.0,73.491,0.0,SYNTHETIC,6.64,2026-12-30T22:00:00+00:00,180.0,2.085
SIMULATION_FORCING,1013.0,0.0,70.134,0.0,SYNTHETIC,5.604,2026-12-30T23:00:00+00:00,180.0,2.052
SIMULATION_FORCING,1013.0,0.0,73.643,0.0,SYNTHETIC,4.838,2026-12-31T00:00:00+00:00,180.0,2.029
SIMULATION_FORCING,1013.0,0.0,73.537,0.0,SYNTHETIC,4.339,2026-12-31T01:00:00+00:00,180.0,2.391
SIMULATION_FORCING,1013.0,0.0,70.574,0.0,SYNTHETIC,4.168,2026-12-31T02:00:00+00:00,180.0,1.941
SIMULATION_FORCING,1013.0,0.0,73.404,0.0,SYNTHETIC,4.339,2026-12-31T03:00:00+00:00,180.0,2.354
SIMULATION_FORCING,1013.0,0.0,72.468,0.0,SYNTHETIC,4.838,2026-12-31T04:00:00+00:00,180.0,2.018
SIMULATION_FORCING,1013.0,0.0,71.145,0.0,SYNTHETIC,5.633,2026-12-31T05:00:00+00:00,180.0,1.651
SIMULATION_FORCING,1013.0,0.0,72.435,0.0,SYNTHETIC,6.668,2026-12-31T06:00:00+00:00,180.0,2.379
SIMULATION_FORCING,1013.0,0.0,68.669,219.996,SYNTHETIC,7.874,2026-12-31T07:00:00+00:00,180.0,2.209
SIMULATION_FORCING,1013.0,0.0,61.199,425.0,SYNTHETIC,9.168,2026-12-31T08:00:00+00:00,180.0,2.035
SIMULATION_FORCING,1013.0,0.0,60.527,601.041,SYNTHETIC,10.462,2026-12-31T09:00:00+00:00,180.0,1.809
SIMULATION_FORCING,1013.0,0.0,54.698,736.122,SYNTHETIC,11.668,2026-12-31T10:00:00+00:00,180.0,1.621
SIMULATION_FORCING,1013.0,0.0,54.466,821.037,SYNTHETIC,12.704,2026-12-31T11:00:00+00:00,180.0,1.712
SIMULATION_FORCING,1013.0,0.0,52.313,850.0,SYNTHETIC,13.498,2026-12-31T12:00:00+00:00,180.0,2.419
SIMULATION_FORCING,1013.0,0.0,56.332,821.037,SYNTHETIC,13.998,2026-12-31T13:00:00+00:00,180.0,1.914
SIMULATION_FORCING,1013.0,0.0,57.036,736.122,SYNTHETIC,14.168,2026-12-31T14:00:00+00:00,180.0,2.291
SIMULATION_FORCING,1013.0,0.0,59.489,601.041,SYNTHETIC,13.998,2026-12-31T15:00:00+00:00,180.0,1.988
SIMULATION_FORCING,1013.0,0.0,62.81,425.0,SYNTHETIC,13.498,2026-12-31T16:00:00+00:00,180.0,2.099
SIMULATION_FORCING,1013.0,0.0,69.326,219.996,SYNTHETIC,12.704,2026-12-31T17:00:00+00:00,180.0,2.276
SIMULATION_FORCING,1013.0,0.0,73.564,0.0,SYNTHETIC,11.668,2026-12-31T18:00:00+00:00,180.0,2.181
SIMULATION_FORCING,1013.0,0.0,72.07,0.0,SYNTHETIC,10.462,2026-12-31T19:00:00+00:00,180.0,1.858
SIMULATION_FORCING,1013.0,0.0,70.406,0.0,SYNTHETIC,9.168,2026-12-31T20:00:00+00:00,180.0,1.632
SIMULATION_FORCING,1013.0,0.0,73.541,0.0,SYNTHETIC,7.874,2026-12-31T21:00:00+00:00,180.0,2.303
SIMULATION_FORCING,1013.0,0.0,70.24,0.0,SYNTHETIC,6.668,2026-12-31T22:00:00+00:00,180.0,1.956
SIMULATION_FORCING,1013.0,0.0,71.017,0.0,SYNTHETIC,5.633,2026-12-31T23:00:00+00:00,180.0,1.942
